Code,Space number,Name
TB2-I-I09-001-1,TBCV2-I-I09-001,Room I09-001
TB2-I-I09-001-2,TBCV2-I-I09-001,Room I09-001
TB2-I-I09-001-3,TBCV2-I-I09-001,Room I09-001
TB2-I-I09-001-4,TBCV2-I-I09-001,Room I09-001
TB2-I-I09-001-5,TBCV2-I-I09-001,Room I09-001
TB2-I-I09-002-1,TBCV2-I-I09-002,Room I09-002
TB2-I-I09-002-2,TBCV2-I-I09-002,Room I09-002
TB2-I-I09-002-3,TBCV2-I-I09-002,Room I09-002
TB2-I-I09-002-4,TBCV2-I-I09-002,Room I09-002
TB2-I-I09-002-5,TBCV2-I-I09-002,Room I09-002
TB2-I-I09-003-1,TBCV2-I-I09-003,Room I09-003
TB2-I-I09-003-2,TBCV2-I-I09-003,Room I09-003
TB2-I-I09-003-3,TBCV2-I-I09-003,Room I09-003
TB2-I-I09-003-4,TBCV2-I-I09-003,Room I09-003
TB2-I-I09-003-5,TBCV2-I-I09-003,Room I09-003
TB2-I-I09-004-1,TBCV2-I-I09-004,Room I09-004
TB2-I-I09-004-2,TBCV2-I-I09-004,Room I09-004
TB2-I-I09-004-3,TBCV2-I-I09-004,Room I09-004
TB2-I-I09-004-4,TBCV2-I-I09-004,Room I09-004
TB2-I-I09-004-5,TBCV2-I-I09-004,Room I09-004
TB2-I-I09-005-1,TBCV2-I-I09-005,Room I09-005
TB2-I-I09-005-2,TBCV2-I-I09-005,Room I09-005
TB2-I-I09-005-3,TBCV2-I-I09-005,Room I09-005
TB2-I-I09-005-4,TBCV2-I-I09-005,Room I09-005
TB2-I-I09-005-5,TBCV2-I-I09-005,Room I09-005
TB2-I-I09-006-1,TBCV2-I-I09-006,Room I09-006
TB2-I-I09-006-2,TBCV2-I-I09-006,Room I09-006
TB2-I-I09-006-3,TBCV2-I-I09-006,Room I09-006
TB2-I-I09-006-4,TBCV2-I-I09-006,Room I09-006
TB2-I-I09-006-5,TBCV2-I-I09-006,Room I09-006
TB2-I-I09-007-1,TBCV2-I-I09-007,Room I09-007
TB2-I-I09-007-2,TBCV2-I-I09-007,Room I09-007
TB2-I-I09-007-3,TBCV2-I-I09-007,Room I09-007
TB2-I-I09-007-4,TBCV2-I-I09-007,Room I09-007
TB2-I-I09-007-5,TBCV2-I-I09-007,Room I09-007
TB2-I-I09-008-1,TBCV2-I-I09-008,Room I09-008
TB2-I-I09-008-2,TBCV2-I-I09-008,Room I09-008
TB2-I-I09-008-3,TBCV2-I-I09-008,Room I09-008
TB2-I-I09-008-4,TBCV2-I-I09-008,Room I09-008
TB2-I-I09-008-5,TBCV2-I-I09-008,Room I09-008
TB2-I-I09-009-1,TBCV2-I-I09-009,Room I09-009
TB2-I-I09-009-2,TBCV2-I-I09-009,Room I09-009
TB2-I-I09-009-3,TBCV2-I-I09-009,Room I09-009
TB2-I-I09-009-4,TBCV2-I-I09-009,Room I09-009
TB2-I-I09-009-5,TBCV2-I-I09-009,Room I09-009
TB2-I-I09-010-1,TBCV2-I-I09-010,Room I09-010
TB2-I-I09-010-2,TBCV2-I-I09-010,Room I09-010
TB2-I-I09-010-3,TBCV2-I-I09-010,Room I09-010
TB2-I-I09-010-4,TBCV2-I-I09-010,Room I09-010
TB2-I-I09-010-5,TBCV2-I-I09-010,Room I09-010
TB2-I-I09-011-1,TBCV2-I-I09-011,Room I09-011
TB2-I-I09-011-2,TBCV2-I-I09-011,Room I09-011
TB2-I-I09-011-3,TBCV2-I-I09-011,Room I09-011
TB2-I-I09-011-4,TBCV2-I-I09-011,Room I09-011
TB2-I-I09-011-5,TBCV2-I-I09-011,Room I09-011
TB2-I-I09-012-1,TBCV2-I-I09-012,Room I09-012
TB2-I-I09-012-2,TBCV2-I-I09-012,Room I09-012
TB2-I-I09-012-3,TBCV2-I-I09-012,Room I09-012
TB2-I-I09-012-4,TBCV2-I-I09-012,Room I09-012
TB2-I-I09-012-5,TBCV2-I-I09-012,Room I09-012
TB2-I-I09-101-1,TBCV2-I-I09-101,Room I09-101
TB2-I-I09-101-2,TBCV2-I-I09-101,Room I09-101
TB2-I-I09-101-3,TBCV2-I-I09-101,Room I09-101
TB2-I-I09-101-4,TBCV2-I-I09-101,Room I09-101
TB2-I-I09-102-1,TBCV2-I-I09-102,Room I09-102
TB2-I-I09-102-2,TBCV2-I-I09-102,Room I09-102
TB2-I-I09-102-3,TBCV2-I-I09-102,Room I09-102
TB2-I-I09-102-4,TBCV2-I-I09-102,Room I09-102
TB2-I-I09-103-1,TBCV2-I-I09-103,Room I09-103
TB2-I-I09-103-2,TBCV2-I-I09-103,Room I09-103
TB2-I-I09-103-3,TBCV2-I-I09-103,Room I09-103
TB2-I-I09-103-4,TBCV2-I-I09-103,Room I09-103
TB2-I-I09-104-1,TBCV2-I-I09-104,Room I09-104
TB2-I-I09-104-2,TBCV2-I-I09-104,Room I09-104
TB2-I-I09-104-3,TBCV2-I-I09-104,Room I09-104
TB2-I-I09-104-4,TBCV2-I-I09-104,Room I09-104
TB2-I-I09-105-1,TBCV2-I-I09-105,Room I09-105
TB2-I-I09-105-2,TBCV2-I-I09-105,Room I09-105
TB2-I-I09-105-3,TBCV2-I-I09-105,Room I09-105
TB2-I-I09-105-4,TBCV2-I-I09-105,Room I09-105
TB2-I-I09-106-1,TBCV2-I-I09-106,Room I09-106
TB2-I-I09-106-2,TBCV2-I-I09-106,Room I09-106
TB2-I-I09-106-3,TBCV2-I-I09-106,Room I09-106
TB2-I-I09-106-4,TBCV2-I-I09-106,Room I09-106
TB2-I-I09-107-1,TBCV2-I-I09-107,Room I09-107
TB2-I-I09-107-2,TBCV2-I-I09-107,Room I09-107
TB2-I-I09-107-3,TBCV2-I-I09-107,Room I09-107
TB2-I-I09-107-4,TBCV2-I-I09-107,Room I09-107
TB2-I-I09-108-1,TBCV2-I-I09-108,Room I09-108
TB2-I-I09-108-2,TBCV2-I-I09-108,Room I09-108
TB2-I-I09-108-3,TBCV2-I-I09-108,Room I09-108
TB2-I-I09-108-4,TBCV2-I-I09-108,Room I09-108
TB2-I-I09-109-1,TBCV2-I-I09-109,Room I09-109
TB2-I-I09-109-2,TBCV2-I-I09-109,Room I09-109
TB2-I-I09-109-3,TBCV2-I-I09-109,Room I09-109
TB2-I-I09-109-4,TBCV2-I-I09-109,Room I09-109
TB2-I-I09-110-1,TBCV2-I-I09-110,Room I09-110
TB2-I-I09-110-2,TBCV2-I-I09-110,Room I09-110
TB2-I-I09-110-3,TBCV2-I-I09-110,Room I09-110
TB2-I-I09-110-4,TBCV2-I-I09-110,Room I09-110
TB2-I-I09-111-1,TBCV2-I-I09-111,Room I09-111
TB2-I-I09-111-2,TBCV2-I-I09-111,Room I09-111
TB2-I-I09-111-3,TBCV2-I-I09-111,Room I09-111
TB2-I-I09-111-4,TBCV2-I-I09-111,Room I09-111
TB2-I-I09-112-1,TBCV2-I-I09-112,Room I09-112
TB2-I-I09-112-2,TBCV2-I-I09-112,Room I09-112
TB2-I-I09-112-3,TBCV2-I-I09-112,Room I09-112
TB2-I-I09-112-4,TBCV2-I-I09-112,Room I09-112
TB2-I-I10-001-1,TBCV2-I-I10-001,Room I10-001
TB2-I-I10-001-2,TBCV2-I-I10-001,Room I10-001
TB2-I-I10-001-3,TBCV2-I-I10-001,Room I10-001
TB2-I-I10-001-4,TBCV2-I-I10-001,Room I10-001
TB2-I-I10-001-5,TBCV2-I-I10-001,Room I10-001
TB2-I-I10-002-1,TBCV2-I-I10-002,Room I10-002
TB2-I-I10-002-2,TBCV2-I-I10-002,Room I10-002
TB2-I-I10-002-3,TBCV2-I-I10-002,Room I10-002
TB2-I-I10-002-4,TBCV2-I-I10-002,Room I10-002
TB2-I-I10-002-5,TBCV2-I-I10-002,Room I10-002
TB2-I-I10-003-1,TBCV2-I-I10-003,Room I10-003
TB2-I-I10-003-2,TBCV2-I-I10-003,Room I10-003
TB2-I-I10-003-3,TBCV2-I-I10-003,Room I10-003
TB2-I-I10-003-4,TBCV2-I-I10-003,Room I10-003
TB2-I-I10-003-5,TBCV2-I-I10-003,Room I10-003
TB2-I-I10-004-1,TBCV2-I-I10-004,Room I10-004
TB2-I-I10-004-2,TBCV2-I-I10-004,Room I10-004
TB2-I-I10-004-3,TBCV2-I-I10-004,Room I10-004
TB2-I-I10-004-4,TBCV2-I-I10-004,Room I10-004
TB2-I-I10-004-5,TBCV2-I-I10-004,Room I10-004
TB2-I-I10-005-1,TBCV2-I-I10-005,Room I10-005
TB2-I-I10-005-2,TBCV2-I-I10-005,Room I10-005
TB2-I-I10-005-3,TBCV2-I-I10-005,Room I10-005
TB2-I-I10-005-4,TBCV2-I-I10-005,Room I10-005
TB2-I-I10-005-5,TBCV2-I-I10-005,Room I10-005
TB2-I-I10-006-1,TBCV2-I-I10-006,Room I10-006
TB2-I-I10-006-2,TBCV2-I-I10-006,Room I10-006
TB2-I-I10-006-3,TBCV2-I-I10-006,Room I10-006
TB2-I-I10-006-4,TBCV2-I-I10-006,Room I10-006
TB2-I-I10-006-5,TBCV2-I-I10-006,Room I10-006
TB2-I-I10-007-1,TBCV2-I-I10-007,Room I10-007
TB2-I-I10-007-2,TBCV2-I-I10-007,Room I10-007
TB2-I-I10-007-3,TBCV2-I-I10-007,Room I10-007
TB2-I-I10-007-4,TBCV2-I-I10-007,Room I10-007
TB2-I-I10-007-5,TBCV2-I-I10-007,Room I10-007
TB2-I-I10-008-1,TBCV2-I-I10-008,Room I10-008
TB2-I-I10-008-2,TBCV2-I-I10-008,Room I10-008
TB2-I-I10-008-3,TBCV2-I-I10-008,Room I10-008
TB2-I-I10-008-4,TBCV2-I-I10-008,Room I10-008
TB2-I-I10-008-5,TBCV2-I-I10-008,Room I10-008
TB2-I-I10-009-1,TBCV2-I-I10-009,Room I10-009
TB2-I-I10-009-2,TBCV2-I-I10-009,Room I10-009
TB2-I-I10-009-3,TBCV2-I-I10-009,Room I10-009
TB2-I-I10-009-4,TBCV2-I-I10-009,Room I10-009
TB2-I-I10-009-5,TBCV2-I-I10-009,Room I10-009
TB2-I-I10-010-1,TBCV2-I-I10-010,Room I10-010
TB2-I-I10-010-2,TBCV2-I-I10-010,Room I10-010
TB2-I-I10-010-3,TBCV2-I-I10-010,Room I10-010
TB2-I-I10-010-4,TBCV2-I-I10-010,Room I10-010
TB2-I-I10-010-5,TBCV2-I-I10-010,Room I10-010
TB2-I-I10-011-1,TBCV2-I-I10-011,Room I10-011
TB2-I-I10-011-2,TBCV2-I-I10-011,Room I10-011
TB2-I-I10-011-3,TBCV2-I-I10-011,Room I10-011
TB2-I-I10-011-4,TBCV2-I-I10-011,Room I10-011
TB2-I-I10-011-5,TBCV2-I-I10-011,Room I10-011
TB2-I-I10-012-1,TBCV2-I-I10-012,Room I10-012
TB2-I-I10-012-2,TBCV2-I-I10-012,Room I10-012
TB2-I-I10-012-3,TBCV2-I-I10-012,Room I10-012
TB2-I-I10-012-4,TBCV2-I-I10-012,Room I10-012
TB2-I-I10-012-5,TBCV2-I-I10-012,Room I10-012
TB2-I-I10-101-1,TBCV2-I-I10-101,Room I10-101
TB2-I-I10-101-2,TBCV2-I-I10-101,Room I10-101
TB2-I-I10-101-3,TBCV2-I-I10-101,Room I10-101
TB2-I-I10-101-4,TBCV2-I-I10-101,Room I10-101
TB2-I-I10-102-1,TBCV2-I-I10-102,Room I10-102
TB2-I-I10-102-2,TBCV2-I-I10-102,Room I10-102
TB2-I-I10-102-3,TBCV2-I-I10-102,Room I10-102
TB2-I-I10-102-4,TBCV2-I-I10-102,Room I10-102
TB2-I-I10-103-1,TBCV2-I-I10-103,Room I10-103
TB2-I-I10-103-2,TBCV2-I-I10-103,Room I10-103
TB2-I-I10-103-3,TBCV2-I-I10-103,Room I10-103
TB2-I-I10-103-4,TBCV2-I-I10-103,Room I10-103
TB2-I-I10-104-1,TBCV2-I-I10-104,Room I10-104
TB2-I-I10-104-2,TBCV2-I-I10-104,Room I10-104
TB2-I-I10-104-3,TBCV2-I-I10-104,Room I10-104
TB2-I-I10-104-4,TBCV2-I-I10-104,Room I10-104
TB2-I-I10-105-1,TBCV2-I-I10-105,Room I10-105
TB2-I-I10-105-2,TBCV2-I-I10-105,Room I10-105
TB2-I-I10-105-3,TBCV2-I-I10-105,Room I10-105
TB2-I-I10-105-4,TBCV2-I-I10-105,Room I10-105
TB2-I-I10-106-1,TBCV2-I-I10-106,Room I10-106
TB2-I-I10-106-2,TBCV2-I-I10-106,Room I10-106
TB2-I-I10-106-3,TBCV2-I-I10-106,Room I10-106
TB2-I-I10-106-4,TBCV2-I-I10-106,Room I10-106
TB2-I-I10-107-1,TBCV2-I-I10-107,Room I10-107
TB2-I-I10-107-2,TBCV2-I-I10-107,Room I10-107
TB2-I-I10-107-3,TBCV2-I-I10-107,Room I10-107
TB2-I-I10-107-4,TBCV2-I-I10-107,Room I10-107
TB2-I-I10-108-1,TBCV2-I-I10-108,Room I10-108
TB2-I-I10-108-2,TBCV2-I-I10-108,Room I10-108
TB2-I-I10-108-3,TBCV2-I-I10-108,Room I10-108
TB2-I-I10-108-4,TBCV2-I-I10-108,Room I10-108
TB2-I-I10-109-1,TBCV2-I-I10-109,Room I10-109
TB2-I-I10-109-2,TBCV2-I-I10-109,Room I10-109
TB2-I-I10-109-3,TBCV2-I-I10-109,Room I10-109
TB2-I-I10-109-4,TBCV2-I-I10-109,Room I10-109
TB2-I-I10-110-1,TBCV2-I-I10-110,Room I10-110
TB2-I-I10-110-2,TBCV2-I-I10-110,Room I10-110
TB2-I-I10-110-3,TBCV2-I-I10-110,Room I10-110
TB2-I-I10-110-4,TBCV2-I-I10-110,Room I10-110
TB2-I-I10-111-1,TBCV2-I-I10-111,Room I10-111
TB2-I-I10-111-2,TBCV2-I-I10-111,Room I10-111
TB2-I-I10-111-3,TBCV2-I-I10-111,Room I10-111
TB2-I-I10-111-4,TBCV2-I-I10-111,Room I10-111
TB2-I-I10-112-1,TBCV2-I-I10-112,Room I10-112
TB2-I-I10-112-2,TBCV2-I-I10-112,Room I10-112
TB2-I-I10-112-3,TBCV2-I-I10-112,Room I10-112
TB2-I-I10-112-4,TBCV2-I-I10-112,Room I10-112
TB2-I-I11-001-1,TBCV2-I-I11-001,Room I11-001
TB2-I-I11-001-2,TBCV2-I-I11-001,Room I11-001
TB2-I-I11-001-3,TBCV2-I-I11-001,Room I11-001
TB2-I-I11-001-4,TBCV2-I-I11-001,Room I11-001
TB2-I-I11-001-5,TBCV2-I-I11-001,Room I11-001
TB2-I-I11-002-1,TBCV2-I-I11-002,Room I11-002
TB2-I-I11-002-2,TBCV2-I-I11-002,Room I11-002
TB2-I-I11-002-3,TBCV2-I-I11-002,Room I11-002
TB2-I-I11-002-4,TBCV2-I-I11-002,Room I11-002
TB2-I-I11-002-5,TBCV2-I-I11-002,Room I11-002
TB2-I-I11-003-1,TBCV2-I-I11-003,Room I11-003
TB2-I-I11-003-2,TBCV2-I-I11-003,Room I11-003
TB2-I-I11-003-3,TBCV2-I-I11-003,Room I11-003
TB2-I-I11-003-4,TBCV2-I-I11-003,Room I11-003
TB2-I-I11-003-5,TBCV2-I-I11-003,Room I11-003
TB2-I-I11-004-1,TBCV2-I-I11-004,Room I11-004
TB2-I-I11-004-2,TBCV2-I-I11-004,Room I11-004
TB2-I-I11-004-3,TBCV2-I-I11-004,Room I11-004
TB2-I-I11-004-4,TBCV2-I-I11-004,Room I11-004
TB2-I-I11-004-5,TBCV2-I-I11-004,Room I11-004
TB2-I-I11-005-1,TBCV2-I-I11-005,Room I11-005
TB2-I-I11-005-2,TBCV2-I-I11-005,Room I11-005
TB2-I-I11-005-3,TBCV2-I-I11-005,Room I11-005
TB2-I-I11-005-4,TBCV2-I-I11-005,Room I11-005
TB2-I-I11-005-5,TBCV2-I-I11-005,Room I11-005
TB2-I-I11-006-1,TBCV2-I-I11-006,Room I11-006
TB2-I-I11-006-2,TBCV2-I-I11-006,Room I11-006
TB2-I-I11-006-3,TBCV2-I-I11-006,Room I11-006
TB2-I-I11-006-4,TBCV2-I-I11-006,Room I11-006
TB2-I-I11-006-5,TBCV2-I-I11-006,Room I11-006
TB2-I-I11-007-1,TBCV2-I-I11-007,Room I11-007
TB2-I-I11-007-2,TBCV2-I-I11-007,Room I11-007
TB2-I-I11-007-3,TBCV2-I-I11-007,Room I11-007
TB2-I-I11-007-4,TBCV2-I-I11-007,Room I11-007
TB2-I-I11-007-5,TBCV2-I-I11-007,Room I11-007
TB2-I-I11-008-1,TBCV2-I-I11-008,Room I11-008
TB2-I-I11-008-2,TBCV2-I-I11-008,Room I11-008
TB2-I-I11-008-3,TBCV2-I-I11-008,Room I11-008
TB2-I-I11-008-4,TBCV2-I-I11-008,Room I11-008
TB2-I-I11-008-5,TBCV2-I-I11-008,Room I11-008
TB2-I-I11-009-1,TBCV2-I-I11-009,Room I11-009
TB2-I-I11-009-2,TBCV2-I-I11-009,Room I11-009
TB2-I-I11-009-3,TBCV2-I-I11-009,Room I11-009
TB2-I-I11-009-4,TBCV2-I-I11-009,Room I11-009
TB2-I-I11-009-5,TBCV2-I-I11-009,Room I11-009
TB2-I-I11-010-1,TBCV2-I-I11-010,Room I11-010
TB2-I-I11-010-2,TBCV2-I-I11-010,Room I11-010
TB2-I-I11-010-3,TBCV2-I-I11-010,Room I11-010
TB2-I-I11-010-4,TBCV2-I-I11-010,Room I11-010
TB2-I-I11-010-5,TBCV2-I-I11-010,Room I11-010
TB2-I-I11-011-1,TBCV2-I-I11-011,Room I11-011
TB2-I-I11-011-2,TBCV2-I-I11-011,Room I11-011
TB2-I-I11-011-3,TBCV2-I-I11-011,Room I11-011
TB2-I-I11-011-4,TBCV2-I-I11-011,Room I11-011
TB2-I-I11-011-5,TBCV2-I-I11-011,Room I11-011
TB2-I-I11-012-1,TBCV2-I-I11-012,Room I11-012
TB2-I-I11-012-2,TBCV2-I-I11-012,Room I11-012
TB2-I-I11-012-3,TBCV2-I-I11-012,Room I11-012
TB2-I-I11-012-4,TBCV2-I-I11-012,Room I11-012
TB2-I-I11-012-5,TBCV2-I-I11-012,Room I11-012
TB2-I-I11-101-1,TBCV2-I-I11-101,Room I11-101
TB2-I-I11-101-2,TBCV2-I-I11-101,Room I11-101
TB2-I-I11-101-3,TBCV2-I-I11-101,Room I11-101
TB2-I-I11-101-4,TBCV2-I-I11-101,Room I11-101
TB2-I-I11-102-1,TBCV2-I-I11-102,Room I11-102
TB2-I-I11-102-2,TBCV2-I-I11-102,Room I11-102
TB2-I-I11-102-3,TBCV2-I-I11-102,Room I11-102
TB2-I-I11-102-4,TBCV2-I-I11-102,Room I11-102
TB2-I-I11-103-1,TBCV2-I-I11-103,Room I11-103
TB2-I-I11-103-2,TBCV2-I-I11-103,Room I11-103
TB2-I-I11-103-3,TBCV2-I-I11-103,Room I11-103
TB2-I-I11-103-4,TBCV2-I-I11-103,Room I11-103
TB2-I-I11-104-1,TBCV2-I-I11-104,Room I11-104
TB2-I-I11-104-2,TBCV2-I-I11-104,Room I11-104
TB2-I-I11-104-3,TBCV2-I-I11-104,Room I11-104
TB2-I-I11-104-4,TBCV2-I-I11-104,Room I11-104
TB2-I-I11-105-1,TBCV2-I-I11-105,Room I11-105
TB2-I-I11-105-2,TBCV2-I-I11-105,Room I11-105
TB2-I-I11-105-3,TBCV2-I-I11-105,Room I11-105
TB2-I-I11-105-4,TBCV2-I-I11-105,Room I11-105
TB2-I-I11-106-1,TBCV2-I-I11-106,Room I11-106
TB2-I-I11-106-2,TBCV2-I-I11-106,Room I11-106
TB2-I-I11-106-3,TBCV2-I-I11-106,Room I11-106
TB2-I-I11-106-4,TBCV2-I-I11-106,Room I11-106
TB2-I-I11-107-1,TBCV2-I-I11-107,Room I11-107
TB2-I-I11-107-2,TBCV2-I-I11-107,Room I11-107
TB2-I-I11-107-3,TBCV2-I-I11-107,Room I11-107
TB2-I-I11-107-4,TBCV2-I-I11-107,Room I11-107
TB2-I-I11-108-1,TBCV2-I-I11-108,Room I11-108
TB2-I-I11-108-2,TBCV2-I-I11-108,Room I11-108
TB2-I-I11-108-3,TBCV2-I-I11-108,Room I11-108
TB2-I-I11-108-4,TBCV2-I-I11-108,Room I11-108
TB2-I-I11-109-1,TBCV2-I-I11-109,Room I11-109
TB2-I-I11-109-2,TBCV2-I-I11-109,Room I11-109
TB2-I-I11-109-3,TBCV2-I-I11-109,Room I11-109
TB2-I-I11-109-4,TBCV2-I-I11-109,Room I11-109
TB2-I-I11-110-1,TBCV2-I-I11-110,Room I11-110
TB2-I-I11-110-2,TBCV2-I-I11-110,Room I11-110
TB2-I-I11-110-3,TBCV2-I-I11-110,Room I11-110
TB2-I-I11-110-4,TBCV2-I-I11-110,Room I11-110
TB2-I-I11-111-1,TBCV2-I-I11-111,Room I11-111
TB2-I-I11-111-2,TBCV2-I-I11-111,Room I11-111
TB2-I-I11-111-3,TBCV2-I-I11-111,Room I11-111
TB2-I-I11-111-4,TBCV2-I-I11-111,Room I11-111
TB2-I-I11-112-1,TBCV2-I-I11-112,Room I11-112
TB2-I-I11-112-2,TBCV2-I-I11-112,Room I11-112
TB2-I-I11-112-3,TBCV2-I-I11-112,Room I11-112
TB2-I-I11-112-4,TBCV2-I-I11-112,Room I11-112
TB2-I-I12-001-1,TBCV2-I-I12-001,Room I12-001
TB2-I-I12-001-2,TBCV2-I-I12-001,Room I12-001
TB2-I-I12-001-3,TBCV2-I-I12-001,Room I12-001
TB2-I-I12-001-4,TBCV2-I-I12-001,Room I12-001
TB2-I-I12-001-5,TBCV2-I-I12-001,Room I12-001
TB2-I-I12-002-1,TBCV2-I-I12-002,Room I12-002
TB2-I-I12-002-2,TBCV2-I-I12-002,Room I12-002
TB2-I-I12-002-3,TBCV2-I-I12-002,Room I12-002
TB2-I-I12-002-4,TBCV2-I-I12-002,Room I12-002
TB2-I-I12-002-5,TBCV2-I-I12-002,Room I12-002
TB2-I-I12-003-1,TBCV2-I-I12-003,Room I12-003
TB2-I-I12-003-2,TBCV2-I-I12-003,Room I12-003
TB2-I-I12-003-3,TBCV2-I-I12-003,Room I12-003
TB2-I-I12-003-4,TBCV2-I-I12-003,Room I12-003
TB2-I-I12-003-5,TBCV2-I-I12-003,Room I12-003
TB2-I-I12-004-1,TBCV2-I-I12-004,Room I12-004
TB2-I-I12-004-2,TBCV2-I-I12-004,Room I12-004
TB2-I-I12-004-3,TBCV2-I-I12-004,Room I12-004
TB2-I-I12-004-4,TBCV2-I-I12-004,Room I12-004
TB2-I-I12-004-5,TBCV2-I-I12-004,Room I12-004
TB2-I-I12-005-1,TBCV2-I-I12-005,Room I12-005
TB2-I-I12-005-2,TBCV2-I-I12-005,Room I12-005
TB2-I-I12-005-3,TBCV2-I-I12-005,Room I12-005
TB2-I-I12-005-4,TBCV2-I-I12-005,Room I12-005
TB2-I-I12-005-5,TBCV2-I-I12-005,Room I12-005
TB2-I-I12-006-1,TBCV2-I-I12-006,Room I12-006
TB2-I-I12-006-2,TBCV2-I-I12-006,Room I12-006
TB2-I-I12-006-3,TBCV2-I-I12-006,Room I12-006
TB2-I-I12-006-4,TBCV2-I-I12-006,Room I12-006
TB2-I-I12-006-5,TBCV2-I-I12-006,Room I12-006
TB2-I-I12-007-1,TBCV2-I-I12-007,Room I12-007
TB2-I-I12-007-2,TBCV2-I-I12-007,Room I12-007
TB2-I-I12-007-3,TBCV2-I-I12-007,Room I12-007
TB2-I-I12-007-4,TBCV2-I-I12-007,Room I12-007
TB2-I-I12-007-5,TBCV2-I-I12-007,Room I12-007
TB2-I-I12-008-1,TBCV2-I-I12-008,Room I12-008
TB2-I-I12-008-2,TBCV2-I-I12-008,Room I12-008
TB2-I-I12-008-3,TBCV2-I-I12-008,Room I12-008
TB2-I-I12-008-4,TBCV2-I-I12-008,Room I12-008
TB2-I-I12-008-5,TBCV2-I-I12-008,Room I12-008
TB2-I-I12-009-1,TBCV2-I-I12-009,Room I12-009
TB2-I-I12-009-2,TBCV2-I-I12-009,Room I12-009
TB2-I-I12-009-3,TBCV2-I-I12-009,Room I12-009
TB2-I-I12-009-4,TBCV2-I-I12-009,Room I12-009
TB2-I-I12-009-5,TBCV2-I-I12-009,Room I12-009
TB2-I-I12-010-1,TBCV2-I-I12-010,Room I12-010
TB2-I-I12-010-2,TBCV2-I-I12-010,Room I12-010
TB2-I-I12-010-3,TBCV2-I-I12-010,Room I12-010
TB2-I-I12-010-4,TBCV2-I-I12-010,Room I12-010
TB2-I-I12-010-5,TBCV2-I-I12-010,Room I12-010
TB2-I-I12-011-1,TBCV2-I-I12-011,Room I12-011
TB2-I-I12-011-2,TBCV2-I-I12-011,Room I12-011
TB2-I-I12-011-3,TBCV2-I-I12-011,Room I12-011
TB2-I-I12-011-4,TBCV2-I-I12-011,Room I12-011
TB2-I-I12-011-5,TBCV2-I-I12-011,Room I12-011
TB2-I-I12-012-1,TBCV2-I-I12-012,Room I12-012
TB2-I-I12-012-2,TBCV2-I-I12-012,Room I12-012
TB2-I-I12-012-3,TBCV2-I-I12-012,Room I12-012
TB2-I-I12-012-4,TBCV2-I-I12-012,Room I12-012
TB2-I-I12-012-5,TBCV2-I-I12-012,Room I12-012
TB2-I-I12-101-1,TBCV2-I-I12-101,Room I12-101
TB2-I-I12-101-2,TBCV2-I-I12-101,Room I12-101
TB2-I-I12-101-3,TBCV2-I-I12-101,Room I12-101
TB2-I-I12-101-4,TBCV2-I-I12-101,Room I12-101
TB2-I-I12-102-1,TBCV2-I-I12-102,Room I12-102
TB2-I-I12-102-2,TBCV2-I-I12-102,Room I12-102
TB2-I-I12-102-3,TBCV2-I-I12-102,Room I12-102
TB2-I-I12-102-4,TBCV2-I-I12-102,Room I12-102
TB2-I-I12-103-1,TBCV2-I-I12-103,Room I12-103
TB2-I-I12-103-2,TBCV2-I-I12-103,Room I12-103
TB2-I-I12-103-3,TBCV2-I-I12-103,Room I12-103
TB2-I-I12-103-4,TBCV2-I-I12-103,Room I12-103
TB2-I-I12-104-1,TBCV2-I-I12-104,Room I12-104
TB2-I-I12-104-2,TBCV2-I-I12-104,Room I12-104
TB2-I-I12-104-3,TBCV2-I-I12-104,Room I12-104
TB2-I-I12-104-4,TBCV2-I-I12-104,Room I12-104
TB2-I-I12-105-1,TBCV2-I-I12-105,Room I12-105
TB2-I-I12-105-2,TBCV2-I-I12-105,Room I12-105
TB2-I-I12-105-3,TBCV2-I-I12-105,Room I12-105
TB2-I-I12-105-4,TBCV2-I-I12-105,Room I12-105
TB2-I-I12-106-1,TBCV2-I-I12-106,Room I12-106
TB2-I-I12-106-2,TBCV2-I-I12-106,Room I12-106
TB2-I-I12-106-3,TBCV2-I-I12-106,Room I12-106
TB2-I-I12-106-4,TBCV2-I-I12-106,Room I12-106
TB2-I-I12-107-1,TBCV2-I-I12-107,Room I12-107
TB2-I-I12-107-2,TBCV2-I-I12-107,Room I12-107
TB2-I-I12-107-3,TBCV2-I-I12-107,Room I12-107
TB2-I-I12-107-4,TBCV2-I-I12-107,Room I12-107
TB2-I-I12-108-1,TBCV2-I-I12-108,Room I12-108
TB2-I-I12-108-2,TBCV2-I-I12-108,Room I12-108
TB2-I-I12-108-3,TBCV2-I-I12-108,Room I12-108
TB2-I-I12-108-4,TBCV2-I-I12-108,Room I12-108
TB2-I-I12-109-1,TBCV2-I-I12-109,Room I12-109
TB2-I-I12-109-2,TBCV2-I-I12-109,Room I12-109
TB2-I-I12-109-3,TBCV2-I-I12-109,Room I12-109
TB2-I-I12-109-4,TBCV2-I-I12-109,Room I12-109
TB2-I-I12-110-1,TBCV2-I-I12-110,Room I12-110
TB2-I-I12-110-2,TBCV2-I-I12-110,Room I12-110
TB2-I-I12-110-3,TBCV2-I-I12-110,Room I12-110
TB2-I-I12-110-4,TBCV2-I-I12-110,Room I12-110
TB2-I-I12-111-1,TBCV2-I-I12-111,Room I12-111
TB2-I-I12-111-2,TBCV2-I-I12-111,Room I12-111
TB2-I-I12-111-3,TBCV2-I-I12-111,Room I12-111
TB2-I-I12-111-4,TBCV2-I-I12-111,Room I12-111
TB2-I-I12-112-1,TBCV2-I-I12-112,Room I12-112
TB2-I-I12-112-2,TBCV2-I-I12-112,Room I12-112
TB2-I-I12-112-3,TBCV2-I-I12-112,Room I12-112
TB2-I-I12-112-4,TBCV2-I-I12-112,Room I12-112
TB2-I-I13-001-1,TBCV2-I-I13-001,Room I13-001
TB2-I-I13-001-2,TBCV2-I-I13-001,Room I13-001
TB2-I-I13-001-3,TBCV2-I-I13-001,Room I13-001
TB2-I-I13-001-4,TBCV2-I-I13-001,Room I13-001
TB2-I-I13-001-5,TBCV2-I-I13-001,Room I13-001
TB2-I-I13-002-1,TBCV2-I-I13-002,Room I13-002
TB2-I-I13-002-2,TBCV2-I-I13-002,Room I13-002
TB2-I-I13-002-3,TBCV2-I-I13-002,Room I13-002
TB2-I-I13-002-4,TBCV2-I-I13-002,Room I13-002
TB2-I-I13-002-5,TBCV2-I-I13-002,Room I13-002
TB2-I-I13-003-1,TBCV2-I-I13-003,Room I13-003
TB2-I-I13-003-2,TBCV2-I-I13-003,Room I13-003
TB2-I-I13-003-3,TBCV2-I-I13-003,Room I13-003
TB2-I-I13-003-4,TBCV2-I-I13-003,Room I13-003
TB2-I-I13-003-5,TBCV2-I-I13-003,Room I13-003
TB2-I-I13-004-1,TBCV2-I-I13-004,Room I13-004
TB2-I-I13-004-2,TBCV2-I-I13-004,Room I13-004
TB2-I-I13-004-3,TBCV2-I-I13-004,Room I13-004
TB2-I-I13-004-4,TBCV2-I-I13-004,Room I13-004
TB2-I-I13-004-5,TBCV2-I-I13-004,Room I13-004
TB2-I-I13-005-1,TBCV2-I-I13-005,Room I13-005
TB2-I-I13-005-2,TBCV2-I-I13-005,Room I13-005
TB2-I-I13-005-3,TBCV2-I-I13-005,Room I13-005
TB2-I-I13-005-4,TBCV2-I-I13-005,Room I13-005
TB2-I-I13-005-5,TBCV2-I-I13-005,Room I13-005
TB2-I-I13-006-1,TBCV2-I-I13-006,Room I13-006
TB2-I-I13-006-2,TBCV2-I-I13-006,Room I13-006
TB2-I-I13-006-3,TBCV2-I-I13-006,Room I13-006
TB2-I-I13-006-4,TBCV2-I-I13-006,Room I13-006
TB2-I-I13-006-5,TBCV2-I-I13-006,Room I13-006
TB2-I-I13-007-1,TBCV2-I-I13-007,Room I13-007
TB2-I-I13-007-2,TBCV2-I-I13-007,Room I13-007
TB2-I-I13-007-3,TBCV2-I-I13-007,Room I13-007
TB2-I-I13-007-4,TBCV2-I-I13-007,Room I13-007
TB2-I-I13-007-5,TBCV2-I-I13-007,Room I13-007
TB2-I-I13-008-1,TBCV2-I-I13-008,Room I13-008
TB2-I-I13-008-2,TBCV2-I-I13-008,Room I13-008
TB2-I-I13-008-3,TBCV2-I-I13-008,Room I13-008
TB2-I-I13-008-4,TBCV2-I-I13-008,Room I13-008
TB2-I-I13-008-5,TBCV2-I-I13-008,Room I13-008
TB2-I-I13-009-1,TBCV2-I-I13-009,Room I13-009
TB2-I-I13-009-2,TBCV2-I-I13-009,Room I13-009
TB2-I-I13-009-3,TBCV2-I-I13-009,Room I13-009
TB2-I-I13-009-4,TBCV2-I-I13-009,Room I13-009
TB2-I-I13-009-5,TBCV2-I-I13-009,Room I13-009
TB2-I-I13-010-1,TBCV2-I-I13-010,Room I13-010
TB2-I-I13-010-2,TBCV2-I-I13-010,Room I13-010
TB2-I-I13-010-3,TBCV2-I-I13-010,Room I13-010
TB2-I-I13-010-4,TBCV2-I-I13-010,Room I13-010
TB2-I-I13-010-5,TBCV2-I-I13-010,Room I13-010
TB2-I-I13-011-1,TBCV2-I-I13-011,Room I13-011
TB2-I-I13-011-2,TBCV2-I-I13-011,Room I13-011
TB2-I-I13-011-3,TBCV2-I-I13-011,Room I13-011
TB2-I-I13-011-4,TBCV2-I-I13-011,Room I13-011
TB2-I-I13-011-5,TBCV2-I-I13-011,Room I13-011
TB2-I-I13-012-1,TBCV2-I-I13-012,Room I13-012
TB2-I-I13-012-2,TBCV2-I-I13-012,Room I13-012
TB2-I-I13-012-3,TBCV2-I-I13-012,Room I13-012
TB2-I-I13-012-4,TBCV2-I-I13-012,Room I13-012
TB2-I-I13-012-5,TBCV2-I-I13-012,Room I13-012
TB2-I-I13-101-1,TBCV2-I-I13-101,Room I13-101
TB2-I-I13-101-2,TBCV2-I-I13-101,Room I13-101
TB2-I-I13-101-3,TBCV2-I-I13-101,Room I13-101
TB2-I-I13-101-4,TBCV2-I-I13-101,Room I13-101
TB2-I-I13-102-1,TBCV2-I-I13-102,Room I13-102
TB2-I-I13-102-2,TBCV2-I-I13-102,Room I13-102
TB2-I-I13-102-3,TBCV2-I-I13-102,Room I13-102
TB2-I-I13-102-4,TBCV2-I-I13-102,Room I13-102
TB2-I-I13-103-1,TBCV2-I-I13-103,Room I13-103
TB2-I-I13-103-2,TBCV2-I-I13-103,Room I13-103
TB2-I-I13-103-3,TBCV2-I-I13-103,Room I13-103
TB2-I-I13-103-4,TBCV2-I-I13-103,Room I13-103
TB2-I-I13-104-1,TBCV2-I-I13-104,Room I13-104
TB2-I-I13-104-2,TBCV2-I-I13-104,Room I13-104
TB2-I-I13-104-3,TBCV2-I-I13-104,Room I13-104
TB2-I-I13-104-4,TBCV2-I-I13-104,Room I13-104
TB2-I-I13-105-1,TBCV2-I-I13-105,Room I13-105
TB2-I-I13-105-2,TBCV2-I-I13-105,Room I13-105
TB2-I-I13-105-3,TBCV2-I-I13-105,Room I13-105
TB2-I-I13-105-4,TBCV2-I-I13-105,Room I13-105
TB2-I-I13-106-1,TBCV2-I-I13-106,Room I13-106
TB2-I-I13-106-2,TBCV2-I-I13-106,Room I13-106
TB2-I-I13-106-3,TBCV2-I-I13-106,Room I13-106
TB2-I-I13-106-4,TBCV2-I-I13-106,Room I13-106
TB2-I-I13-107-1,TBCV2-I-I13-107,Room I13-107
TB2-I-I13-107-2,TBCV2-I-I13-107,Room I13-107
TB2-I-I13-107-3,TBCV2-I-I13-107,Room I13-107
TB2-I-I13-107-4,TBCV2-I-I13-107,Room I13-107
TB2-I-I13-108-1,TBCV2-I-I13-108,Room I13-108
TB2-I-I13-108-2,TBCV2-I-I13-108,Room I13-108
TB2-I-I13-108-3,TBCV2-I-I13-108,Room I13-108
TB2-I-I13-108-4,TBCV2-I-I13-108,Room I13-108
TB2-I-I13-109-1,TBCV2-I-I13-109,Room I13-109
TB2-I-I13-109-2,TBCV2-I-I13-109,Room I13-109
TB2-I-I13-109-3,TBCV2-I-I13-109,Room I13-109
TB2-I-I13-109-4,TBCV2-I-I13-109,Room I13-109
TB2-I-I13-110-1,TBCV2-I-I13-110,Room I13-110
TB2-I-I13-110-2,TBCV2-I-I13-110,Room I13-110
TB2-I-I13-110-3,TBCV2-I-I13-110,Room I13-110
TB2-I-I13-110-4,TBCV2-I-I13-110,Room I13-110
TB2-I-I13-111-1,TBCV2-I-I13-111,Room I13-111
TB2-I-I13-111-2,TBCV2-I-I13-111,Room I13-111
TB2-I-I13-111-3,TBCV2-I-I13-111,Room I13-111
TB2-I-I13-111-4,TBCV2-I-I13-111,Room I13-111
TB2-I-I13-112-1,TBCV2-I-I13-112,Room I13-112
TB2-I-I13-112-2,TBCV2-I-I13-112,Room I13-112
TB2-I-I13-112-3,TBCV2-I-I13-112,Room I13-112
TB2-I-I13-112-4,TBCV2-I-I13-112,Room I13-112
TB2-I-I14-001-1,TBCV2-I-I14-001,Room I14-001
TB2-I-I14-001-2,TBCV2-I-I14-001,Room I14-001
TB2-I-I14-001-3,TBCV2-I-I14-001,Room I14-001
TB2-I-I14-001-4,TBCV2-I-I14-001,Room I14-001
TB2-I-I14-001-5,TBCV2-I-I14-001,Room I14-001
TB2-I-I14-002-1,TBCV2-I-I14-002,Room I14-002
TB2-I-I14-002-2,TBCV2-I-I14-002,Room I14-002
TB2-I-I14-002-3,TBCV2-I-I14-002,Room I14-002
TB2-I-I14-002-4,TBCV2-I-I14-002,Room I14-002
TB2-I-I14-002-5,TBCV2-I-I14-002,Room I14-002
TB2-I-I14-003-1,TBCV2-I-I14-003,Room I14-003
TB2-I-I14-003-2,TBCV2-I-I14-003,Room I14-003
TB2-I-I14-003-3,TBCV2-I-I14-003,Room I14-003
TB2-I-I14-003-4,TBCV2-I-I14-003,Room I14-003
TB2-I-I14-003-5,TBCV2-I-I14-003,Room I14-003
TB2-I-I14-004-1,TBCV2-I-I14-004,Room I14-004
TB2-I-I14-004-2,TBCV2-I-I14-004,Room I14-004
TB2-I-I14-004-3,TBCV2-I-I14-004,Room I14-004
TB2-I-I14-004-4,TBCV2-I-I14-004,Room I14-004
TB2-I-I14-004-5,TBCV2-I-I14-004,Room I14-004
TB2-I-I14-005-1,TBCV2-I-I14-005,Room I14-005
TB2-I-I14-005-2,TBCV2-I-I14-005,Room I14-005
TB2-I-I14-005-3,TBCV2-I-I14-005,Room I14-005
TB2-I-I14-005-4,TBCV2-I-I14-005,Room I14-005
TB2-I-I14-005-5,TBCV2-I-I14-005,Room I14-005
TB2-I-I14-006-1,TBCV2-I-I14-006,Room I14-006
TB2-I-I14-006-2,TBCV2-I-I14-006,Room I14-006
TB2-I-I14-006-3,TBCV2-I-I14-006,Room I14-006
TB2-I-I14-006-4,TBCV2-I-I14-006,Room I14-006
TB2-I-I14-006-5,TBCV2-I-I14-006,Room I14-006
TB2-I-I14-007-1,TBCV2-I-I14-007,Room I14-007
TB2-I-I14-007-2,TBCV2-I-I14-007,Room I14-007
TB2-I-I14-007-3,TBCV2-I-I14-007,Room I14-007
TB2-I-I14-007-4,TBCV2-I-I14-007,Room I14-007
TB2-I-I14-007-5,TBCV2-I-I14-007,Room I14-007
TB2-I-I14-008-1,TBCV2-I-I14-008,Room I14-008
TB2-I-I14-008-2,TBCV2-I-I14-008,Room I14-008
TB2-I-I14-008-3,TBCV2-I-I14-008,Room I14-008
TB2-I-I14-008-4,TBCV2-I-I14-008,Room I14-008
TB2-I-I14-008-5,TBCV2-I-I14-008,Room I14-008
TB2-I-I14-009-1,TBCV2-I-I14-009,Room I14-009
TB2-I-I14-009-2,TBCV2-I-I14-009,Room I14-009
TB2-I-I14-009-3,TBCV2-I-I14-009,Room I14-009
TB2-I-I14-009-4,TBCV2-I-I14-009,Room I14-009
TB2-I-I14-009-5,TBCV2-I-I14-009,Room I14-009
TB2-I-I14-010-1,TBCV2-I-I14-010,Room I14-010
TB2-I-I14-010-2,TBCV2-I-I14-010,Room I14-010
TB2-I-I14-010-3,TBCV2-I-I14-010,Room I14-010
TB2-I-I14-010-4,TBCV2-I-I14-010,Room I14-010
TB2-I-I14-010-5,TBCV2-I-I14-010,Room I14-010
TB2-I-I14-011-1,TBCV2-I-I14-011,Room I14-011
TB2-I-I14-011-2,TBCV2-I-I14-011,Room I14-011
TB2-I-I14-011-3,TBCV2-I-I14-011,Room I14-011
TB2-I-I14-011-4,TBCV2-I-I14-011,Room I14-011
TB2-I-I14-011-5,TBCV2-I-I14-011,Room I14-011
TB2-I-I14-012-1,TBCV2-I-I14-012,Room I14-012
TB2-I-I14-012-2,TBCV2-I-I14-012,Room I14-012
TB2-I-I14-012-3,TBCV2-I-I14-012,Room I14-012
TB2-I-I14-012-4,TBCV2-I-I14-012,Room I14-012
TB2-I-I14-012-5,TBCV2-I-I14-012,Room I14-012
TB2-I-I14-101-1,TBCV2-I-I14-101,Room I14-101
TB2-I-I14-101-2,TBCV2-I-I14-101,Room I14-101
TB2-I-I14-101-3,TBCV2-I-I14-101,Room I14-101
TB2-I-I14-101-4,TBCV2-I-I14-101,Room I14-101
TB2-I-I14-102-1,TBCV2-I-I14-102,Room I14-102
TB2-I-I14-102-2,TBCV2-I-I14-102,Room I14-102
TB2-I-I14-102-3,TBCV2-I-I14-102,Room I14-102
TB2-I-I14-102-4,TBCV2-I-I14-102,Room I14-102
TB2-I-I14-103-1,TBCV2-I-I14-103,Room I14-103
TB2-I-I14-103-2,TBCV2-I-I14-103,Room I14-103
TB2-I-I14-103-3,TBCV2-I-I14-103,Room I14-103
TB2-I-I14-103-4,TBCV2-I-I14-103,Room I14-103
TB2-I-I14-104-1,TBCV2-I-I14-104,Room I14-104
TB2-I-I14-104-2,TBCV2-I-I14-104,Room I14-104
TB2-I-I14-104-3,TBCV2-I-I14-104,Room I14-104
TB2-I-I14-104-4,TBCV2-I-I14-104,Room I14-104
TB2-I-I14-105-1,TBCV2-I-I14-105,Room I14-105
TB2-I-I14-105-2,TBCV2-I-I14-105,Room I14-105
TB2-I-I14-105-3,TBCV2-I-I14-105,Room I14-105
TB2-I-I14-105-4,TBCV2-I-I14-105,Room I14-105
TB2-I-I14-106-1,TBCV2-I-I14-106,Room I14-106
TB2-I-I14-106-2,TBCV2-I-I14-106,Room I14-106
TB2-I-I14-106-3,TBCV2-I-I14-106,Room I14-106
TB2-I-I14-106-4,TBCV2-I-I14-106,Room I14-106
TB2-I-I14-107-1,TBCV2-I-I14-107,Room I14-107
TB2-I-I14-107-2,TBCV2-I-I14-107,Room I14-107
TB2-I-I14-107-3,TBCV2-I-I14-107,Room I14-107
TB2-I-I14-107-4,TBCV2-I-I14-107,Room I14-107
TB2-I-I14-108-1,TBCV2-I-I14-108,Room I14-108
TB2-I-I14-108-2,TBCV2-I-I14-108,Room I14-108
TB2-I-I14-108-3,TBCV2-I-I14-108,Room I14-108
TB2-I-I14-108-4,TBCV2-I-I14-108,Room I14-108
TB2-I-I14-109-1,TBCV2-I-I14-109,Room I14-109
TB2-I-I14-109-2,TBCV2-I-I14-109,Room I14-109
TB2-I-I14-109-3,TBCV2-I-I14-109,Room I14-109
TB2-I-I14-109-4,TBCV2-I-I14-109,Room I14-109
TB2-I-I14-110-1,TBCV2-I-I14-110,Room I14-110
TB2-I-I14-110-2,TBCV2-I-I14-110,Room I14-110
TB2-I-I14-110-3,TBCV2-I-I14-110,Room I14-110
TB2-I-I14-110-4,TBCV2-I-I14-110,Room I14-110
TB2-I-I14-111-1,TBCV2-I-I14-111,Room I14-111
TB2-I-I14-111-2,TBCV2-I-I14-111,Room I14-111
TB2-I-I14-111-3,TBCV2-I-I14-111,Room I14-111
TB2-I-I14-111-4,TBCV2-I-I14-111,Room I14-111
TB2-I-I14-112-1,TBCV2-I-I14-112,Room I14-112
TB2-I-I14-112-2,TBCV2-I-I14-112,Room I14-112
TB2-I-I14-112-3,TBCV2-I-I14-112,Room I14-112
TB2-I-I14-112-4,TBCV2-I-I14-112,Room I14-112
TB2-I-I15-001-1,TBCV2-I-I15-001,Room I15-001
TB2-I-I15-001-2,TBCV2-I-I15-001,Room I15-001
TB2-I-I15-001-3,TBCV2-I-I15-001,Room I15-001
TB2-I-I15-001-4,TBCV2-I-I15-001,Room I15-001
TB2-I-I15-001-5,TBCV2-I-I15-001,Room I15-001
TB2-I-I15-002-1,TBCV2-I-I15-002,Room I15-002
TB2-I-I15-002-2,TBCV2-I-I15-002,Room I15-002
TB2-I-I15-002-3,TBCV2-I-I15-002,Room I15-002
TB2-I-I15-002-4,TBCV2-I-I15-002,Room I15-002
TB2-I-I15-002-5,TBCV2-I-I15-002,Room I15-002
TB2-I-I15-003-1,TBCV2-I-I15-003,Room I15-003
TB2-I-I15-003-2,TBCV2-I-I15-003,Room I15-003
TB2-I-I15-003-3,TBCV2-I-I15-003,Room I15-003
TB2-I-I15-003-4,TBCV2-I-I15-003,Room I15-003
TB2-I-I15-003-5,TBCV2-I-I15-003,Room I15-003
TB2-I-I15-004-1,TBCV2-I-I15-004,Room I15-004
TB2-I-I15-004-2,TBCV2-I-I15-004,Room I15-004
TB2-I-I15-004-3,TBCV2-I-I15-004,Room I15-004
TB2-I-I15-004-4,TBCV2-I-I15-004,Room I15-004
TB2-I-I15-004-5,TBCV2-I-I15-004,Room I15-004
TB2-I-I15-005-1,TBCV2-I-I15-005,Room I15-005
TB2-I-I15-005-2,TBCV2-I-I15-005,Room I15-005
TB2-I-I15-005-3,TBCV2-I-I15-005,Room I15-005
TB2-I-I15-005-4,TBCV2-I-I15-005,Room I15-005
TB2-I-I15-005-5,TBCV2-I-I15-005,Room I15-005
TB2-I-I15-006-1,TBCV2-I-I15-006,Room I15-006
TB2-I-I15-006-2,TBCV2-I-I15-006,Room I15-006
TB2-I-I15-006-3,TBCV2-I-I15-006,Room I15-006
TB2-I-I15-006-4,TBCV2-I-I15-006,Room I15-006
TB2-I-I15-006-5,TBCV2-I-I15-006,Room I15-006
TB2-I-I15-007-1,TBCV2-I-I15-007,Room I15-007
TB2-I-I15-007-2,TBCV2-I-I15-007,Room I15-007
TB2-I-I15-007-3,TBCV2-I-I15-007,Room I15-007
TB2-I-I15-007-4,TBCV2-I-I15-007,Room I15-007
TB2-I-I15-007-5,TBCV2-I-I15-007,Room I15-007
TB2-I-I15-008-1,TBCV2-I-I15-008,Room I15-008
TB2-I-I15-008-2,TBCV2-I-I15-008,Room I15-008
TB2-I-I15-008-3,TBCV2-I-I15-008,Room I15-008
TB2-I-I15-008-4,TBCV2-I-I15-008,Room I15-008
TB2-I-I15-008-5,TBCV2-I-I15-008,Room I15-008
TB2-I-I15-009-1,TBCV2-I-I15-009,Room I15-009
TB2-I-I15-009-2,TBCV2-I-I15-009,Room I15-009
TB2-I-I15-009-3,TBCV2-I-I15-009,Room I15-009
TB2-I-I15-009-4,TBCV2-I-I15-009,Room I15-009
TB2-I-I15-009-5,TBCV2-I-I15-009,Room I15-009
TB2-I-I15-010-1,TBCV2-I-I15-010,Room I15-010
TB2-I-I15-010-2,TBCV2-I-I15-010,Room I15-010
TB2-I-I15-010-3,TBCV2-I-I15-010,Room I15-010
TB2-I-I15-010-4,TBCV2-I-I15-010,Room I15-010
TB2-I-I15-010-5,TBCV2-I-I15-010,Room I15-010
TB2-I-I15-011-1,TBCV2-I-I15-011,Room I15-011
TB2-I-I15-011-2,TBCV2-I-I15-011,Room I15-011
TB2-I-I15-011-3,TBCV2-I-I15-011,Room I15-011
TB2-I-I15-011-4,TBCV2-I-I15-011,Room I15-011
TB2-I-I15-011-5,TBCV2-I-I15-011,Room I15-011
TB2-I-I15-012-1,TBCV2-I-I15-012,Room I15-012
TB2-I-I15-012-2,TBCV2-I-I15-012,Room I15-012
TB2-I-I15-012-3,TBCV2-I-I15-012,Room I15-012
TB2-I-I15-012-4,TBCV2-I-I15-012,Room I15-012
TB2-I-I15-012-5,TBCV2-I-I15-012,Room I15-012
TB2-I-I15-101-1,TBCV2-I-I15-101,Room I15-101
TB2-I-I15-101-2,TBCV2-I-I15-101,Room I15-101
TB2-I-I15-101-3,TBCV2-I-I15-101,Room I15-101
TB2-I-I15-101-4,TBCV2-I-I15-101,Room I15-101
TB2-I-I15-102-1,TBCV2-I-I15-102,Room I15-102
TB2-I-I15-102-2,TBCV2-I-I15-102,Room I15-102
TB2-I-I15-102-3,TBCV2-I-I15-102,Room I15-102
TB2-I-I15-102-4,TBCV2-I-I15-102,Room I15-102
TB2-I-I15-103-1,TBCV2-I-I15-103,Room I15-103
TB2-I-I15-103-2,TBCV2-I-I15-103,Room I15-103
TB2-I-I15-103-3,TBCV2-I-I15-103,Room I15-103
TB2-I-I15-103-4,TBCV2-I-I15-103,Room I15-103
TB2-I-I15-104-1,TBCV2-I-I15-104,Room I15-104
TB2-I-I15-104-2,TBCV2-I-I15-104,Room I15-104
TB2-I-I15-104-3,TBCV2-I-I15-104,Room I15-104
TB2-I-I15-104-4,TBCV2-I-I15-104,Room I15-104
TB2-I-I15-105-1,TBCV2-I-I15-105,Room I15-105
TB2-I-I15-105-2,TBCV2-I-I15-105,Room I15-105
TB2-I-I15-105-3,TBCV2-I-I15-105,Room I15-105
TB2-I-I15-105-4,TBCV2-I-I15-105,Room I15-105
TB2-I-I15-106-1,TBCV2-I-I15-106,Room I15-106
TB2-I-I15-106-2,TBCV2-I-I15-106,Room I15-106
TB2-I-I15-106-3,TBCV2-I-I15-106,Room I15-106
TB2-I-I15-106-4,TBCV2-I-I15-106,Room I15-106
TB2-I-I15-107-1,TBCV2-I-I15-107,Room I15-107
TB2-I-I15-107-2,TBCV2-I-I15-107,Room I15-107
TB2-I-I15-107-3,TBCV2-I-I15-107,Room I15-107
TB2-I-I15-107-4,TBCV2-I-I15-107,Room I15-107
TB2-I-I15-108-1,TBCV2-I-I15-108,Room I15-108
TB2-I-I15-108-2,TBCV2-I-I15-108,Room I15-108
TB2-I-I15-108-3,TBCV2-I-I15-108,Room I15-108
TB2-I-I15-108-4,TBCV2-I-I15-108,Room I15-108
TB2-I-I15-109-1,TBCV2-I-I15-109,Room I15-109
TB2-I-I15-109-2,TBCV2-I-I15-109,Room I15-109
TB2-I-I15-109-3,TBCV2-I-I15-109,Room I15-109
TB2-I-I15-109-4,TBCV2-I-I15-109,Room I15-109
TB2-I-I15-110-1,TBCV2-I-I15-110,Room I15-110
TB2-I-I15-110-2,TBCV2-I-I15-110,Room I15-110
TB2-I-I15-110-3,TBCV2-I-I15-110,Room I15-110
TB2-I-I15-110-4,TBCV2-I-I15-110,Room I15-110
TB2-I-I15-111-1,TBCV2-I-I15-111,Room I15-111
TB2-I-I15-111-2,TBCV2-I-I15-111,Room I15-111
TB2-I-I15-111-3,TBCV2-I-I15-111,Room I15-111
TB2-I-I15-111-4,TBCV2-I-I15-111,Room I15-111
TB2-I-I15-112-1,TBCV2-I-I15-112,Room I15-112
TB2-I-I15-112-2,TBCV2-I-I15-112,Room I15-112
TB2-I-I15-112-3,TBCV2-I-I15-112,Room I15-112
TB2-I-I15-112-4,TBCV2-I-I15-112,Room I15-112
TB2-I-I16-001-1,TBCV2-I-I16-001,Room I16-001
TB2-I-I16-001-2,TBCV2-I-I16-001,Room I16-001
TB2-I-I16-001-3,TBCV2-I-I16-001,Room I16-001
TB2-I-I16-001-4,TBCV2-I-I16-001,Room I16-001
TB2-I-I16-001-5,TBCV2-I-I16-001,Room I16-001
TB2-I-I16-002-1,TBCV2-I-I16-002,Room I16-002
TB2-I-I16-002-2,TBCV2-I-I16-002,Room I16-002
TB2-I-I16-002-3,TBCV2-I-I16-002,Room I16-002
TB2-I-I16-002-4,TBCV2-I-I16-002,Room I16-002
TB2-I-I16-002-5,TBCV2-I-I16-002,Room I16-002
TB2-I-I16-003-1,TBCV2-I-I16-003,Room I16-003
TB2-I-I16-003-2,TBCV2-I-I16-003,Room I16-003
TB2-I-I16-003-3,TBCV2-I-I16-003,Room I16-003
TB2-I-I16-003-4,TBCV2-I-I16-003,Room I16-003
TB2-I-I16-003-5,TBCV2-I-I16-003,Room I16-003
TB2-I-I16-004-1,TBCV2-I-I16-004,Room I16-004
TB2-I-I16-004-2,TBCV2-I-I16-004,Room I16-004
TB2-I-I16-004-3,TBCV2-I-I16-004,Room I16-004
TB2-I-I16-004-4,TBCV2-I-I16-004,Room I16-004
TB2-I-I16-004-5,TBCV2-I-I16-004,Room I16-004
TB2-I-I16-005-1,TBCV2-I-I16-005,Room I16-005
TB2-I-I16-005-2,TBCV2-I-I16-005,Room I16-005
TB2-I-I16-005-3,TBCV2-I-I16-005,Room I16-005
TB2-I-I16-005-4,TBCV2-I-I16-005,Room I16-005
TB2-I-I16-005-5,TBCV2-I-I16-005,Room I16-005
TB2-I-I16-006-1,TBCV2-I-I16-006,Room I16-006
TB2-I-I16-006-2,TBCV2-I-I16-006,Room I16-006
TB2-I-I16-006-3,TBCV2-I-I16-006,Room I16-006
TB2-I-I16-006-4,TBCV2-I-I16-006,Room I16-006
TB2-I-I16-006-5,TBCV2-I-I16-006,Room I16-006
TB2-I-I16-007-1,TBCV2-I-I16-007,Room I16-007
TB2-I-I16-007-2,TBCV2-I-I16-007,Room I16-007
TB2-I-I16-007-3,TBCV2-I-I16-007,Room I16-007
TB2-I-I16-007-4,TBCV2-I-I16-007,Room I16-007
TB2-I-I16-007-5,TBCV2-I-I16-007,Room I16-007
TB2-I-I16-008-1,TBCV2-I-I16-008,Room I16-008
TB2-I-I16-008-2,TBCV2-I-I16-008,Room I16-008
TB2-I-I16-008-3,TBCV2-I-I16-008,Room I16-008
TB2-I-I16-008-4,TBCV2-I-I16-008,Room I16-008
TB2-I-I16-008-5,TBCV2-I-I16-008,Room I16-008
TB2-I-I16-009-1,TBCV2-I-I16-009,Room I16-009
TB2-I-I16-009-2,TBCV2-I-I16-009,Room I16-009
TB2-I-I16-009-3,TBCV2-I-I16-009,Room I16-009
TB2-I-I16-009-4,TBCV2-I-I16-009,Room I16-009
TB2-I-I16-009-5,TBCV2-I-I16-009,Room I16-009
TB2-I-I16-010-1,TBCV2-I-I16-010,Room I16-010
TB2-I-I16-010-2,TBCV2-I-I16-010,Room I16-010
TB2-I-I16-010-3,TBCV2-I-I16-010,Room I16-010
TB2-I-I16-010-4,TBCV2-I-I16-010,Room I16-010
TB2-I-I16-010-5,TBCV2-I-I16-010,Room I16-010
TB2-I-I16-011-1,TBCV2-I-I16-011,Room I16-011
TB2-I-I16-011-2,TBCV2-I-I16-011,Room I16-011
TB2-I-I16-011-3,TBCV2-I-I16-011,Room I16-011
TB2-I-I16-011-4,TBCV2-I-I16-011,Room I16-011
TB2-I-I16-011-5,TBCV2-I-I16-011,Room I16-011
TB2-I-I16-012-1,TBCV2-I-I16-012,Room I16-012
TB2-I-I16-012-2,TBCV2-I-I16-012,Room I16-012
TB2-I-I16-012-3,TBCV2-I-I16-012,Room I16-012
TB2-I-I16-012-4,TBCV2-I-I16-012,Room I16-012
TB2-I-I16-012-5,TBCV2-I-I16-012,Room I16-012
TB2-I-I16-101-1,TBCV2-I-I16-101,Room I16-101
TB2-I-I16-101-2,TBCV2-I-I16-101,Room I16-101
TB2-I-I16-101-3,TBCV2-I-I16-101,Room I16-101
TB2-I-I16-101-4,TBCV2-I-I16-101,Room I16-101
TB2-I-I16-102-1,TBCV2-I-I16-102,Room I16-102
TB2-I-I16-102-2,TBCV2-I-I16-102,Room I16-102
TB2-I-I16-102-3,TBCV2-I-I16-102,Room I16-102
TB2-I-I16-102-4,TBCV2-I-I16-102,Room I16-102
TB2-I-I16-103-1,TBCV2-I-I16-103,Room I16-103
TB2-I-I16-103-2,TBCV2-I-I16-103,Room I16-103
TB2-I-I16-103-3,TBCV2-I-I16-103,Room I16-103
TB2-I-I16-103-4,TBCV2-I-I16-103,Room I16-103
TB2-I-I16-104-1,TBCV2-I-I16-104,Room I16-104
TB2-I-I16-104-2,TBCV2-I-I16-104,Room I16-104
TB2-I-I16-104-3,TBCV2-I-I16-104,Room I16-104
TB2-I-I16-104-4,TBCV2-I-I16-104,Room I16-104
TB2-I-I16-105-1,TBCV2-I-I16-105,Room I16-105
TB2-I-I16-105-2,TBCV2-I-I16-105,Room I16-105
TB2-I-I16-105-3,TBCV2-I-I16-105,Room I16-105
TB2-I-I16-105-4,TBCV2-I-I16-105,Room I16-105
TB2-I-I16-106-1,TBCV2-I-I16-106,Room I16-106
TB2-I-I16-106-2,TBCV2-I-I16-106,Room I16-106
TB2-I-I16-106-3,TBCV2-I-I16-106,Room I16-106
TB2-I-I16-106-4,TBCV2-I-I16-106,Room I16-106
TB2-I-I16-107-1,TBCV2-I-I16-107,Room I16-107
TB2-I-I16-107-2,TBCV2-I-I16-107,Room I16-107
TB2-I-I16-107-3,TBCV2-I-I16-107,Room I16-107
TB2-I-I16-107-4,TBCV2-I-I16-107,Room I16-107
TB2-I-I16-108-1,TBCV2-I-I16-108,Room I16-108
TB2-I-I16-108-2,TBCV2-I-I16-108,Room I16-108
TB2-I-I16-108-3,TBCV2-I-I16-108,Room I16-108
TB2-I-I16-108-4,TBCV2-I-I16-108,Room I16-108
TB2-I-I16-109-1,TBCV2-I-I16-109,Room I16-109
TB2-I-I16-109-2,TBCV2-I-I16-109,Room I16-109
TB2-I-I16-109-3,TBCV2-I-I16-109,Room I16-109
TB2-I-I16-109-4,TBCV2-I-I16-109,Room I16-109
TB2-I-I16-110-1,TBCV2-I-I16-110,Room I16-110
TB2-I-I16-110-2,TBCV2-I-I16-110,Room I16-110
TB2-I-I16-110-3,TBCV2-I-I16-110,Room I16-110
TB2-I-I16-110-4,TBCV2-I-I16-110,Room I16-110
TB2-I-I16-111-1,TBCV2-I-I16-111,Room I16-111
TB2-I-I16-111-2,TBCV2-I-I16-111,Room I16-111
TB2-I-I16-111-3,TBCV2-I-I16-111,Room I16-111
TB2-I-I16-111-4,TBCV2-I-I16-111,Room I16-111
TB2-I-I16-112-1,TBCV2-I-I16-112,Room I16-112
TB2-I-I16-112-2,TBCV2-I-I16-112,Room I16-112
TB2-I-I16-112-3,TBCV2-I-I16-112,Room I16-112
TB2-I-I16-112-4,TBCV2-I-I16-112,Room I16-112
TB1-F-F01-001-1,TBCV1-F-F01-001,Room F01-001
TB1-F-F01-001-2,TBCV1-F-F01-001,Room F01-001
TB1-F-F01-001-3,TBCV1-F-F01-001,Room F01-001
TB1-F-F01-001-4,TBCV1-F-F01-001,Room F01-001
TB1-F-F01-001-5,TBCV1-F-F01-001,Room F01-001
TB1-F-F01-002-1,TBCV1-F-F01-002,Room F01-002
TB1-F-F01-002-2,TBCV1-F-F01-002,Room F01-002
TB1-F-F01-002-3,TBCV1-F-F01-002,Room F01-002
TB1-F-F01-002-4,TBCV1-F-F01-002,Room F01-002
TB1-F-F01-002-5,TBCV1-F-F01-002,Room F01-002
TB1-F-F01-003-1,TBCV1-F-F01-003,Room F01-003
TB1-F-F01-003-2,TBCV1-F-F01-003,Room F01-003
TB1-F-F01-003-3,TBCV1-F-F01-003,Room F01-003
TB1-F-F01-003-4,TBCV1-F-F01-003,Room F01-003
TB1-F-F01-003-5,TBCV1-F-F01-003,Room F01-003
TB1-F-F01-004-1,TBCV1-F-F01-004,Room F01-004
TB1-F-F01-004-2,TBCV1-F-F01-004,Room F01-004
TB1-F-F01-004-3,TBCV1-F-F01-004,Room F01-004
TB1-F-F01-004-4,TBCV1-F-F01-004,Room F01-004
TB1-F-F01-004-5,TBCV1-F-F01-004,Room F01-004
TB1-F-F01-005-1,TBCV1-F-F01-005,Room F01-005
TB1-F-F01-005-2,TBCV1-F-F01-005,Room F01-005
TB1-F-F01-005-3,TBCV1-F-F01-005,Room F01-005
TB1-F-F01-005-4,TBCV1-F-F01-005,Room F01-005
TB1-F-F01-005-5,TBCV1-F-F01-005,Room F01-005
TB1-F-F01-006-1,TBCV1-F-F01-006,Room F01-006
TB1-F-F01-006-2,TBCV1-F-F01-006,Room F01-006
TB1-F-F01-006-3,TBCV1-F-F01-006,Room F01-006
TB1-F-F01-006-4,TBCV1-F-F01-006,Room F01-006
TB1-F-F01-006-5,TBCV1-F-F01-006,Room F01-006
TB1-F-F01-007-1,TBCV1-F-F01-007,Room F01-007
TB1-F-F01-007-2,TBCV1-F-F01-007,Room F01-007
TB1-F-F01-007-3,TBCV1-F-F01-007,Room F01-007
TB1-F-F01-007-4,TBCV1-F-F01-007,Room F01-007
TB1-F-F01-007-5,TBCV1-F-F01-007,Room F01-007
TB1-F-F01-008-1,TBCV1-F-F01-008,Room F01-008
TB1-F-F01-008-2,TBCV1-F-F01-008,Room F01-008
TB1-F-F01-008-3,TBCV1-F-F01-008,Room F01-008
TB1-F-F01-008-4,TBCV1-F-F01-008,Room F01-008
TB1-F-F01-008-5,TBCV1-F-F01-008,Room F01-008
TB1-F-F01-009-1,TBCV1-F-F01-009,Room F01-009
TB1-F-F01-009-2,TBCV1-F-F01-009,Room F01-009
TB1-F-F01-009-3,TBCV1-F-F01-009,Room F01-009
TB1-F-F01-009-4,TBCV1-F-F01-009,Room F01-009
TB1-F-F01-009-5,TBCV1-F-F01-009,Room F01-009
TB1-F-F01-010-1,TBCV1-F-F01-010,Room F01-010
TB1-F-F01-010-2,TBCV1-F-F01-010,Room F01-010
TB1-F-F01-010-3,TBCV1-F-F01-010,Room F01-010
TB1-F-F01-010-4,TBCV1-F-F01-010,Room F01-010
TB1-F-F01-010-5,TBCV1-F-F01-010,Room F01-010
TB1-F-F01-011-1,TBCV1-F-F01-011,Room F01-011
TB1-F-F01-011-2,TBCV1-F-F01-011,Room F01-011
TB1-F-F01-011-3,TBCV1-F-F01-011,Room F01-011
TB1-F-F01-011-4,TBCV1-F-F01-011,Room F01-011
TB1-F-F01-011-5,TBCV1-F-F01-011,Room F01-011
TB1-F-F01-012-1,TBCV1-F-F01-012,Room F01-012
TB1-F-F01-012-2,TBCV1-F-F01-012,Room F01-012
TB1-F-F01-012-3,TBCV1-F-F01-012,Room F01-012
TB1-F-F01-012-4,TBCV1-F-F01-012,Room F01-012
TB1-F-F01-012-5,TBCV1-F-F01-012,Room F01-012
TB1-F-F01-101-1,TBCV1-F-F01-101,Room F01-101
TB1-F-F01-101-2,TBCV1-F-F01-101,Room F01-101
TB1-F-F01-101-3,TBCV1-F-F01-101,Room F01-101
TB1-F-F01-101-4,TBCV1-F-F01-101,Room F01-101
TB1-F-F01-102-1,TBCV1-F-F01-102,Room F01-102
TB1-F-F01-102-2,TBCV1-F-F01-102,Room F01-102
TB1-F-F01-102-3,TBCV1-F-F01-102,Room F01-102
TB1-F-F01-102-4,TBCV1-F-F01-102,Room F01-102
TB1-F-F01-103-1,TBCV1-F-F01-103,Room F01-103
TB1-F-F01-103-2,TBCV1-F-F01-103,Room F01-103
TB1-F-F01-103-3,TBCV1-F-F01-103,Room F01-103
TB1-F-F01-103-4,TBCV1-F-F01-103,Room F01-103
TB1-F-F01-104-1,TBCV1-F-F01-104,Room F01-104
TB1-F-F01-104-2,TBCV1-F-F01-104,Room F01-104
TB1-F-F01-104-3,TBCV1-F-F01-104,Room F01-104
TB1-F-F01-104-4,TBCV1-F-F01-104,Room F01-104
TB1-F-F01-105-1,TBCV1-F-F01-105,Room F01-105
TB1-F-F01-105-2,TBCV1-F-F01-105,Room F01-105
TB1-F-F01-105-3,TBCV1-F-F01-105,Room F01-105
TB1-F-F01-105-4,TBCV1-F-F01-105,Room F01-105
TB1-F-F01-106-1,TBCV1-F-F01-106,Room F01-106
TB1-F-F01-106-2,TBCV1-F-F01-106,Room F01-106
TB1-F-F01-106-3,TBCV1-F-F01-106,Room F01-106
TB1-F-F01-106-4,TBCV1-F-F01-106,Room F01-106
TB1-F-F01-107-1,TBCV1-F-F01-107,Room F01-107
TB1-F-F01-107-2,TBCV1-F-F01-107,Room F01-107
TB1-F-F01-107-3,TBCV1-F-F01-107,Room F01-107
TB1-F-F01-107-4,TBCV1-F-F01-107,Room F01-107
TB1-F-F01-108-1,TBCV1-F-F01-108,Room F01-108
TB1-F-F01-108-2,TBCV1-F-F01-108,Room F01-108
TB1-F-F01-108-3,TBCV1-F-F01-108,Room F01-108
TB1-F-F01-108-4,TBCV1-F-F01-108,Room F01-108
TB1-F-F01-109-1,TBCV1-F-F01-109,Room F01-109
TB1-F-F01-109-2,TBCV1-F-F01-109,Room F01-109
TB1-F-F01-109-3,TBCV1-F-F01-109,Room F01-109
TB1-F-F01-109-4,TBCV1-F-F01-109,Room F01-109
TB1-F-F01-110-1,TBCV1-F-F01-110,Room F01-110
TB1-F-F01-110-2,TBCV1-F-F01-110,Room F01-110
TB1-F-F01-110-3,TBCV1-F-F01-110,Room F01-110
TB1-F-F01-110-4,TBCV1-F-F01-110,Room F01-110
TB1-F-F01-111-1,TBCV1-F-F01-111,Room F01-111
TB1-F-F01-111-2,TBCV1-F-F01-111,Room F01-111
TB1-F-F01-111-3,TBCV1-F-F01-111,Room F01-111
TB1-F-F01-111-4,TBCV1-F-F01-111,Room F01-111
TB1-F-F01-112-1,TBCV1-F-F01-112,Room F01-112
TB1-F-F01-112-2,TBCV1-F-F01-112,Room F01-112
TB1-F-F01-112-3,TBCV1-F-F01-112,Room F01-112
TB1-F-F01-112-4,TBCV1-F-F01-112,Room F01-112
TB1-F-F02-001-1,TBCV1-F-F02-001,Room F02-001
TB1-F-F02-001-2,TBCV1-F-F02-001,Room F02-001
TB1-F-F02-001-3,TBCV1-F-F02-001,Room F02-001
TB1-F-F02-001-4,TBCV1-F-F02-001,Room F02-001
TB1-F-F02-001-5,TBCV1-F-F02-001,Room F02-001
TB1-F-F02-002-1,TBCV1-F-F02-002,Room F02-002
TB1-F-F02-002-2,TBCV1-F-F02-002,Room F02-002
TB1-F-F02-002-3,TBCV1-F-F02-002,Room F02-002
TB1-F-F02-002-4,TBCV1-F-F02-002,Room F02-002
TB1-F-F02-002-5,TBCV1-F-F02-002,Room F02-002
TB1-F-F02-003-1,TBCV1-F-F02-003,Room F02-003
TB1-F-F02-003-2,TBCV1-F-F02-003,Room F02-003
TB1-F-F02-003-3,TBCV1-F-F02-003,Room F02-003
TB1-F-F02-003-4,TBCV1-F-F02-003,Room F02-003
TB1-F-F02-003-5,TBCV1-F-F02-003,Room F02-003
TB1-F-F02-004-1,TBCV1-F-F02-004,Room F02-004
TB1-F-F02-004-2,TBCV1-F-F02-004,Room F02-004
TB1-F-F02-004-3,TBCV1-F-F02-004,Room F02-004
TB1-F-F02-004-4,TBCV1-F-F02-004,Room F02-004
TB1-F-F02-004-5,TBCV1-F-F02-004,Room F02-004
TB1-F-F02-005-1,TBCV1-F-F02-005,Room F02-005
TB1-F-F02-005-2,TBCV1-F-F02-005,Room F02-005
TB1-F-F02-005-3,TBCV1-F-F02-005,Room F02-005
TB1-F-F02-005-4,TBCV1-F-F02-005,Room F02-005
TB1-F-F02-005-5,TBCV1-F-F02-005,Room F02-005
TB1-F-F02-006-1,TBCV1-F-F02-006,Room F02-006
TB1-F-F02-006-2,TBCV1-F-F02-006,Room F02-006
TB1-F-F02-006-3,TBCV1-F-F02-006,Room F02-006
TB1-F-F02-006-4,TBCV1-F-F02-006,Room F02-006
TB1-F-F02-006-5,TBCV1-F-F02-006,Room F02-006
TB1-F-F02-007-1,TBCV1-F-F02-007,Room F02-007
TB1-F-F02-007-2,TBCV1-F-F02-007,Room F02-007
TB1-F-F02-007-3,TBCV1-F-F02-007,Room F02-007
TB1-F-F02-007-4,TBCV1-F-F02-007,Room F02-007
TB1-F-F02-007-5,TBCV1-F-F02-007,Room F02-007
TB1-F-F02-008-1,TBCV1-F-F02-008,Room F02-008
TB1-F-F02-008-2,TBCV1-F-F02-008,Room F02-008
TB1-F-F02-008-3,TBCV1-F-F02-008,Room F02-008
TB1-F-F02-008-4,TBCV1-F-F02-008,Room F02-008
TB1-F-F02-008-5,TBCV1-F-F02-008,Room F02-008
TB1-F-F02-009-1,TBCV1-F-F02-009,Room F02-009
TB1-F-F02-009-2,TBCV1-F-F02-009,Room F02-009
TB1-F-F02-009-3,TBCV1-F-F02-009,Room F02-009
TB1-F-F02-009-4,TBCV1-F-F02-009,Room F02-009
TB1-F-F02-009-5,TBCV1-F-F02-009,Room F02-009
TB1-F-F02-010-1,TBCV1-F-F02-010,Room F02-010
TB1-F-F02-010-2,TBCV1-F-F02-010,Room F02-010
TB1-F-F02-010-3,TBCV1-F-F02-010,Room F02-010
TB1-F-F02-010-4,TBCV1-F-F02-010,Room F02-010
TB1-F-F02-010-5,TBCV1-F-F02-010,Room F02-010
TB1-F-F02-011-1,TBCV1-F-F02-011,Room F02-011
TB1-F-F02-011-2,TBCV1-F-F02-011,Room F02-011
TB1-F-F02-011-3,TBCV1-F-F02-011,Room F02-011
TB1-F-F02-011-4,TBCV1-F-F02-011,Room F02-011
TB1-F-F02-011-5,TBCV1-F-F02-011,Room F02-011
TB1-F-F02-012-1,TBCV1-F-F02-012,Room F02-012
TB1-F-F02-012-2,TBCV1-F-F02-012,Room F02-012
TB1-F-F02-012-3,TBCV1-F-F02-012,Room F02-012
TB1-F-F02-012-4,TBCV1-F-F02-012,Room F02-012
TB1-F-F02-012-5,TBCV1-F-F02-012,Room F02-012
TB1-F-F02-101-1,TBCV1-F-F02-101,Room F02-101
TB1-F-F02-101-2,TBCV1-F-F02-101,Room F02-101
TB1-F-F02-101-3,TBCV1-F-F02-101,Room F02-101
TB1-F-F02-101-4,TBCV1-F-F02-101,Room F02-101
TB1-F-F02-102-1,TBCV1-F-F02-102,Room F02-102
TB1-F-F02-102-2,TBCV1-F-F02-102,Room F02-102
TB1-F-F02-102-3,TBCV1-F-F02-102,Room F02-102
TB1-F-F02-102-4,TBCV1-F-F02-102,Room F02-102
TB1-F-F02-103-1,TBCV1-F-F02-103,Room F02-103
TB1-F-F02-103-2,TBCV1-F-F02-103,Room F02-103
TB1-F-F02-103-3,TBCV1-F-F02-103,Room F02-103
TB1-F-F02-103-4,TBCV1-F-F02-103,Room F02-103
TB1-F-F02-104-1,TBCV1-F-F02-104,Room F02-104
TB1-F-F02-104-2,TBCV1-F-F02-104,Room F02-104
TB1-F-F02-104-3,TBCV1-F-F02-104,Room F02-104
TB1-F-F02-104-4,TBCV1-F-F02-104,Room F02-104
TB1-F-F02-105-1,TBCV1-F-F02-105,Room F02-105
TB1-F-F02-105-2,TBCV1-F-F02-105,Room F02-105
TB1-F-F02-105-3,TBCV1-F-F02-105,Room F02-105
TB1-F-F02-105-4,TBCV1-F-F02-105,Room F02-105
TB1-F-F02-106-1,TBCV1-F-F02-106,Room F02-106
TB1-F-F02-106-2,TBCV1-F-F02-106,Room F02-106
TB1-F-F02-106-3,TBCV1-F-F02-106,Room F02-106
TB1-F-F02-106-4,TBCV1-F-F02-106,Room F02-106
TB1-F-F02-107-1,TBCV1-F-F02-107,Room F02-107
TB1-F-F02-107-2,TBCV1-F-F02-107,Room F02-107
TB1-F-F02-107-3,TBCV1-F-F02-107,Room F02-107
TB1-F-F02-107-4,TBCV1-F-F02-107,Room F02-107
TB1-F-F02-108-1,TBCV1-F-F02-108,Room F02-108
TB1-F-F02-108-2,TBCV1-F-F02-108,Room F02-108
TB1-F-F02-108-3,TBCV1-F-F02-108,Room F02-108
TB1-F-F02-108-4,TBCV1-F-F02-108,Room F02-108
TB1-F-F02-109-1,TBCV1-F-F02-109,Room F02-109
TB1-F-F02-109-2,TBCV1-F-F02-109,Room F02-109
TB1-F-F02-109-3,TBCV1-F-F02-109,Room F02-109
TB1-F-F02-109-4,TBCV1-F-F02-109,Room F02-109
TB1-F-F02-110-1,TBCV1-F-F02-110,Room F02-110
TB1-F-F02-110-2,TBCV1-F-F02-110,Room F02-110
TB1-F-F02-110-3,TBCV1-F-F02-110,Room F02-110
TB1-F-F02-110-4,TBCV1-F-F02-110,Room F02-110
TB1-F-F02-111-1,TBCV1-F-F02-111,Room F02-111
TB1-F-F02-111-2,TBCV1-F-F02-111,Room F02-111
TB1-F-F02-111-3,TBCV1-F-F02-111,Room F02-111
TB1-F-F02-111-4,TBCV1-F-F02-111,Room F02-111
TB1-F-F02-112-1,TBCV1-F-F02-112,Room F02-112
TB1-F-F02-112-2,TBCV1-F-F02-112,Room F02-112
TB1-F-F02-112-3,TBCV1-F-F02-112,Room F02-112
TB1-F-F02-112-4,TBCV1-F-F02-112,Room F02-112
TB1-F-F03-001-1,TBCV1-F-F03-001,Room F03-001
TB1-F-F03-001-2,TBCV1-F-F03-001,Room F03-001
TB1-F-F03-001-3,TBCV1-F-F03-001,Room F03-001
TB1-F-F03-001-4,TBCV1-F-F03-001,Room F03-001
TB1-F-F03-001-5,TBCV1-F-F03-001,Room F03-001
TB1-F-F03-002-1,TBCV1-F-F03-002,Room F03-002
TB1-F-F03-002-2,TBCV1-F-F03-002,Room F03-002
TB1-F-F03-002-3,TBCV1-F-F03-002,Room F03-002
TB1-F-F03-002-4,TBCV1-F-F03-002,Room F03-002
TB1-F-F03-002-5,TBCV1-F-F03-002,Room F03-002
TB1-F-F03-003-1,TBCV1-F-F03-003,Room F03-003
TB1-F-F03-003-2,TBCV1-F-F03-003,Room F03-003
TB1-F-F03-003-3,TBCV1-F-F03-003,Room F03-003
TB1-F-F03-003-4,TBCV1-F-F03-003,Room F03-003
TB1-F-F03-003-5,TBCV1-F-F03-003,Room F03-003
TB1-F-F03-004-1,TBCV1-F-F03-004,Room F03-004
TB1-F-F03-004-2,TBCV1-F-F03-004,Room F03-004
TB1-F-F03-004-3,TBCV1-F-F03-004,Room F03-004
TB1-F-F03-004-4,TBCV1-F-F03-004,Room F03-004
TB1-F-F03-004-5,TBCV1-F-F03-004,Room F03-004
TB1-F-F03-005-1,TBCV1-F-F03-005,Room F03-005
TB1-F-F03-005-2,TBCV1-F-F03-005,Room F03-005
TB1-F-F03-005-3,TBCV1-F-F03-005,Room F03-005
TB1-F-F03-005-4,TBCV1-F-F03-005,Room F03-005
TB1-F-F03-005-5,TBCV1-F-F03-005,Room F03-005
TB1-F-F03-006-1,TBCV1-F-F03-006,Room F03-006
TB1-F-F03-006-2,TBCV1-F-F03-006,Room F03-006
TB1-F-F03-006-3,TBCV1-F-F03-006,Room F03-006
TB1-F-F03-006-4,TBCV1-F-F03-006,Room F03-006
TB1-F-F03-006-5,TBCV1-F-F03-006,Room F03-006
TB1-F-F03-007-1,TBCV1-F-F03-007,Room F03-007
TB1-F-F03-007-2,TBCV1-F-F03-007,Room F03-007
TB1-F-F03-007-3,TBCV1-F-F03-007,Room F03-007
TB1-F-F03-007-4,TBCV1-F-F03-007,Room F03-007
TB1-F-F03-007-5,TBCV1-F-F03-007,Room F03-007
TB1-F-F03-008-1,TBCV1-F-F03-008,Room F03-008
TB1-F-F03-008-2,TBCV1-F-F03-008,Room F03-008
TB1-F-F03-008-3,TBCV1-F-F03-008,Room F03-008
TB1-F-F03-008-4,TBCV1-F-F03-008,Room F03-008
TB1-F-F03-008-5,TBCV1-F-F03-008,Room F03-008
TB1-F-F03-009-1,TBCV1-F-F03-009,Room F03-009
TB1-F-F03-009-2,TBCV1-F-F03-009,Room F03-009
TB1-F-F03-009-3,TBCV1-F-F03-009,Room F03-009
TB1-F-F03-009-4,TBCV1-F-F03-009,Room F03-009
TB1-F-F03-009-5,TBCV1-F-F03-009,Room F03-009
TB1-F-F03-010-1,TBCV1-F-F03-010,Room F03-010
TB1-F-F03-010-2,TBCV1-F-F03-010,Room F03-010
TB1-F-F03-010-3,TBCV1-F-F03-010,Room F03-010
TB1-F-F03-010-4,TBCV1-F-F03-010,Room F03-010
TB1-F-F03-010-5,TBCV1-F-F03-010,Room F03-010
TB1-F-F03-011-1,TBCV1-F-F03-011,Room F03-011
TB1-F-F03-011-2,TBCV1-F-F03-011,Room F03-011
TB1-F-F03-011-3,TBCV1-F-F03-011,Room F03-011
TB1-F-F03-011-4,TBCV1-F-F03-011,Room F03-011
TB1-F-F03-011-5,TBCV1-F-F03-011,Room F03-011
TB1-F-F03-012-1,TBCV1-F-F03-012,Room F03-012
TB1-F-F03-012-2,TBCV1-F-F03-012,Room F03-012
TB1-F-F03-012-3,TBCV1-F-F03-012,Room F03-012
TB1-F-F03-012-4,TBCV1-F-F03-012,Room F03-012
TB1-F-F03-012-5,TBCV1-F-F03-012,Room F03-012
TB1-F-F03-101-1,TBCV1-F-F03-101,Room F03-101
TB1-F-F03-101-2,TBCV1-F-F03-101,Room F03-101
TB1-F-F03-101-3,TBCV1-F-F03-101,Room F03-101
TB1-F-F03-101-4,TBCV1-F-F03-101,Room F03-101
TB1-F-F03-102-1,TBCV1-F-F03-102,Room F03-102
TB1-F-F03-102-2,TBCV1-F-F03-102,Room F03-102
TB1-F-F03-102-3,TBCV1-F-F03-102,Room F03-102
TB1-F-F03-102-4,TBCV1-F-F03-102,Room F03-102
TB1-F-F03-103-1,TBCV1-F-F03-103,Room F03-103
TB1-F-F03-103-2,TBCV1-F-F03-103,Room F03-103
TB1-F-F03-103-3,TBCV1-F-F03-103,Room F03-103
TB1-F-F03-103-4,TBCV1-F-F03-103,Room F03-103
TB1-F-F03-104-1,TBCV1-F-F03-104,Room F03-104
TB1-F-F03-104-2,TBCV1-F-F03-104,Room F03-104
TB1-F-F03-104-3,TBCV1-F-F03-104,Room F03-104
TB1-F-F03-104-4,TBCV1-F-F03-104,Room F03-104
TB1-F-F03-105-1,TBCV1-F-F03-105,Room F03-105
TB1-F-F03-105-2,TBCV1-F-F03-105,Room F03-105
TB1-F-F03-105-3,TBCV1-F-F03-105,Room F03-105
TB1-F-F03-105-4,TBCV1-F-F03-105,Room F03-105
TB1-F-F03-106-1,TBCV1-F-F03-106,Room F03-106
TB1-F-F03-106-2,TBCV1-F-F03-106,Room F03-106
TB1-F-F03-106-3,TBCV1-F-F03-106,Room F03-106
TB1-F-F03-106-4,TBCV1-F-F03-106,Room F03-106
TB1-F-F03-107-1,TBCV1-F-F03-107,Room F03-107
TB1-F-F03-107-2,TBCV1-F-F03-107,Room F03-107
TB1-F-F03-107-3,TBCV1-F-F03-107,Room F03-107
TB1-F-F03-107-4,TBCV1-F-F03-107,Room F03-107
TB1-F-F03-108-1,TBCV1-F-F03-108,Room F03-108
TB1-F-F03-108-2,TBCV1-F-F03-108,Room F03-108
TB1-F-F03-108-3,TBCV1-F-F03-108,Room F03-108
TB1-F-F03-108-4,TBCV1-F-F03-108,Room F03-108
TB1-F-F03-109-1,TBCV1-F-F03-109,Room F03-109
TB1-F-F03-109-2,TBCV1-F-F03-109,Room F03-109
TB1-F-F03-109-3,TBCV1-F-F03-109,Room F03-109
TB1-F-F03-109-4,TBCV1-F-F03-109,Room F03-109
TB1-F-F03-110-1,TBCV1-F-F03-110,Room F03-110
TB1-F-F03-110-2,TBCV1-F-F03-110,Room F03-110
TB1-F-F03-110-3,TBCV1-F-F03-110,Room F03-110
TB1-F-F03-110-4,TBCV1-F-F03-110,Room F03-110
TB1-F-F03-111-1,TBCV1-F-F03-111,Room F03-111
TB1-F-F03-111-2,TBCV1-F-F03-111,Room F03-111
TB1-F-F03-111-3,TBCV1-F-F03-111,Room F03-111
TB1-F-F03-111-4,TBCV1-F-F03-111,Room F03-111
TB1-F-F03-112-1,TBCV1-F-F03-112,Room F03-112
TB1-F-F03-112-2,TBCV1-F-F03-112,Room F03-112
TB1-F-F03-112-3,TBCV1-F-F03-112,Room F03-112
TB1-F-F03-112-4,TBCV1-F-F03-112,Room F03-112
TB1-F-F04-001-1,TBCV1-F-F04-001,Room F04-001
TB1-F-F04-001-2,TBCV1-F-F04-001,Room F04-001
TB1-F-F04-001-3,TBCV1-F-F04-001,Room F04-001
TB1-F-F04-001-4,TBCV1-F-F04-001,Room F04-001
TB1-F-F04-001-5,TBCV1-F-F04-001,Room F04-001
TB1-F-F04-002-1,TBCV1-F-F04-002,Room F04-002
TB1-F-F04-002-2,TBCV1-F-F04-002,Room F04-002
TB1-F-F04-002-3,TBCV1-F-F04-002,Room F04-002
TB1-F-F04-002-4,TBCV1-F-F04-002,Room F04-002
TB1-F-F04-002-5,TBCV1-F-F04-002,Room F04-002
TB1-F-F04-003-1,TBCV1-F-F04-003,Room F04-003
TB1-F-F04-003-2,TBCV1-F-F04-003,Room F04-003
TB1-F-F04-003-3,TBCV1-F-F04-003,Room F04-003
TB1-F-F04-003-4,TBCV1-F-F04-003,Room F04-003
TB1-F-F04-003-5,TBCV1-F-F04-003,Room F04-003
TB1-F-F04-004-1,TBCV1-F-F04-004,Room F04-004
TB1-F-F04-004-2,TBCV1-F-F04-004,Room F04-004
TB1-F-F04-004-3,TBCV1-F-F04-004,Room F04-004
TB1-F-F04-004-4,TBCV1-F-F04-004,Room F04-004
TB1-F-F04-004-5,TBCV1-F-F04-004,Room F04-004
TB1-F-F04-005-1,TBCV1-F-F04-005,Room F04-005
TB1-F-F04-005-2,TBCV1-F-F04-005,Room F04-005
TB1-F-F04-005-3,TBCV1-F-F04-005,Room F04-005
TB1-F-F04-005-4,TBCV1-F-F04-005,Room F04-005
TB1-F-F04-005-5,TBCV1-F-F04-005,Room F04-005
TB1-F-F04-006-1,TBCV1-F-F04-006,Room F04-006
TB1-F-F04-006-2,TBCV1-F-F04-006,Room F04-006
TB1-F-F04-006-3,TBCV1-F-F04-006,Room F04-006
TB1-F-F04-006-4,TBCV1-F-F04-006,Room F04-006
TB1-F-F04-006-5,TBCV1-F-F04-006,Room F04-006
TB1-F-F04-007-1,TBCV1-F-F04-007,Room F04-007
TB1-F-F04-007-2,TBCV1-F-F04-007,Room F04-007
TB1-F-F04-007-3,TBCV1-F-F04-007,Room F04-007
TB1-F-F04-007-4,TBCV1-F-F04-007,Room F04-007
TB1-F-F04-007-5,TBCV1-F-F04-007,Room F04-007
TB1-F-F04-008-1,TBCV1-F-F04-008,Room F04-008
TB1-F-F04-008-2,TBCV1-F-F04-008,Room F04-008
TB1-F-F04-008-3,TBCV1-F-F04-008,Room F04-008
TB1-F-F04-008-4,TBCV1-F-F04-008,Room F04-008
TB1-F-F04-008-5,TBCV1-F-F04-008,Room F04-008
TB1-F-F04-009-1,TBCV1-F-F04-009,Room F04-009
TB1-F-F04-009-2,TBCV1-F-F04-009,Room F04-009
TB1-F-F04-009-3,TBCV1-F-F04-009,Room F04-009
TB1-F-F04-009-4,TBCV1-F-F04-009,Room F04-009
TB1-F-F04-009-5,TBCV1-F-F04-009,Room F04-009
TB1-F-F04-010-1,TBCV1-F-F04-010,Room F04-010
TB1-F-F04-010-2,TBCV1-F-F04-010,Room F04-010
TB1-F-F04-010-3,TBCV1-F-F04-010,Room F04-010
TB1-F-F04-010-4,TBCV1-F-F04-010,Room F04-010
TB1-F-F04-010-5,TBCV1-F-F04-010,Room F04-010
TB1-F-F04-011-1,TBCV1-F-F04-011,Room F04-011
TB1-F-F04-011-2,TBCV1-F-F04-011,Room F04-011
TB1-F-F04-011-3,TBCV1-F-F04-011,Room F04-011
TB1-F-F04-011-4,TBCV1-F-F04-011,Room F04-011
TB1-F-F04-011-5,TBCV1-F-F04-011,Room F04-011
TB1-F-F04-012-1,TBCV1-F-F04-012,Room F04-012
TB1-F-F04-012-2,TBCV1-F-F04-012,Room F04-012
TB1-F-F04-012-3,TBCV1-F-F04-012,Room F04-012
TB1-F-F04-012-4,TBCV1-F-F04-012,Room F04-012
TB1-F-F04-012-5,TBCV1-F-F04-012,Room F04-012
TB1-F-F04-101-1,TBCV1-F-F04-101,Room F04-101
TB1-F-F04-101-2,TBCV1-F-F04-101,Room F04-101
TB1-F-F04-101-3,TBCV1-F-F04-101,Room F04-101
TB1-F-F04-101-4,TBCV1-F-F04-101,Room F04-101
TB1-F-F04-102-1,TBCV1-F-F04-102,Room F04-102
TB1-F-F04-102-2,TBCV1-F-F04-102,Room F04-102
TB1-F-F04-102-3,TBCV1-F-F04-102,Room F04-102
TB1-F-F04-102-4,TBCV1-F-F04-102,Room F04-102
TB1-F-F04-103-1,TBCV1-F-F04-103,Room F04-103
TB1-F-F04-103-2,TBCV1-F-F04-103,Room F04-103
TB1-F-F04-103-3,TBCV1-F-F04-103,Room F04-103
TB1-F-F04-103-4,TBCV1-F-F04-103,Room F04-103
TB1-F-F04-104-1,TBCV1-F-F04-104,Room F04-104
TB1-F-F04-104-2,TBCV1-F-F04-104,Room F04-104
TB1-F-F04-104-3,TBCV1-F-F04-104,Room F04-104
TB1-F-F04-104-4,TBCV1-F-F04-104,Room F04-104
TB1-F-F04-105-1,TBCV1-F-F04-105,Room F04-105
TB1-F-F04-105-2,TBCV1-F-F04-105,Room F04-105
TB1-F-F04-105-3,TBCV1-F-F04-105,Room F04-105
TB1-F-F04-105-4,TBCV1-F-F04-105,Room F04-105
TB1-F-F04-106-1,TBCV1-F-F04-106,Room F04-106
TB1-F-F04-106-2,TBCV1-F-F04-106,Room F04-106
TB1-F-F04-106-3,TBCV1-F-F04-106,Room F04-106
TB1-F-F04-106-4,TBCV1-F-F04-106,Room F04-106
TB1-F-F04-107-1,TBCV1-F-F04-107,Room F04-107
TB1-F-F04-107-2,TBCV1-F-F04-107,Room F04-107
TB1-F-F04-107-3,TBCV1-F-F04-107,Room F04-107
TB1-F-F04-107-4,TBCV1-F-F04-107,Room F04-107
TB1-F-F04-108-1,TBCV1-F-F04-108,Room F04-108
TB1-F-F04-108-2,TBCV1-F-F04-108,Room F04-108
TB1-F-F04-108-3,TBCV1-F-F04-108,Room F04-108
TB1-F-F04-108-4,TBCV1-F-F04-108,Room F04-108
TB1-F-F04-109-1,TBCV1-F-F04-109,Room F04-109
TB1-F-F04-109-2,TBCV1-F-F04-109,Room F04-109
TB1-F-F04-109-3,TBCV1-F-F04-109,Room F04-109
TB1-F-F04-109-4,TBCV1-F-F04-109,Room F04-109
TB1-F-F04-110-1,TBCV1-F-F04-110,Room F04-110
TB1-F-F04-110-2,TBCV1-F-F04-110,Room F04-110
TB1-F-F04-110-3,TBCV1-F-F04-110,Room F04-110
TB1-F-F04-110-4,TBCV1-F-F04-110,Room F04-110
TB1-F-F04-111-1,TBCV1-F-F04-111,Room F04-111
TB1-F-F04-111-2,TBCV1-F-F04-111,Room F04-111
TB1-F-F04-111-3,TBCV1-F-F04-111,Room F04-111
TB1-F-F04-111-4,TBCV1-F-F04-111,Room F04-111
TB1-F-F04-112-1,TBCV1-F-F04-112,Room F04-112
TB1-F-F04-112-2,TBCV1-F-F04-112,Room F04-112
TB1-F-F04-112-3,TBCV1-F-F04-112,Room F04-112
TB1-F-F04-112-4,TBCV1-F-F04-112,Room F04-112
TB1-F-F05-001-1,TBCV1-F-F05-001,Room F05-001
TB1-F-F05-001-2,TBCV1-F-F05-001,Room F05-001
TB1-F-F05-001-3,TBCV1-F-F05-001,Room F05-001
TB1-F-F05-001-4,TBCV1-F-F05-001,Room F05-001
TB1-F-F05-001-5,TBCV1-F-F05-001,Room F05-001
TB1-F-F05-002-1,TBCV1-F-F05-002,Room F05-002
TB1-F-F05-002-2,TBCV1-F-F05-002,Room F05-002
TB1-F-F05-002-3,TBCV1-F-F05-002,Room F05-002
TB1-F-F05-002-4,TBCV1-F-F05-002,Room F05-002
TB1-F-F05-002-5,TBCV1-F-F05-002,Room F05-002
TB1-F-F05-003-1,TBCV1-F-F05-003,Room F05-003
TB1-F-F05-003-2,TBCV1-F-F05-003,Room F05-003
TB1-F-F05-003-3,TBCV1-F-F05-003,Room F05-003
TB1-F-F05-003-4,TBCV1-F-F05-003,Room F05-003
TB1-F-F05-003-5,TBCV1-F-F05-003,Room F05-003
TB1-F-F05-004-1,TBCV1-F-F05-004,Room F05-004
TB1-F-F05-004-2,TBCV1-F-F05-004,Room F05-004
TB1-F-F05-004-3,TBCV1-F-F05-004,Room F05-004
TB1-F-F05-004-4,TBCV1-F-F05-004,Room F05-004
TB1-F-F05-004-5,TBCV1-F-F05-004,Room F05-004
TB1-F-F05-005-1,TBCV1-F-F05-005,Room F05-005
TB1-F-F05-005-2,TBCV1-F-F05-005,Room F05-005
TB1-F-F05-005-3,TBCV1-F-F05-005,Room F05-005
TB1-F-F05-005-4,TBCV1-F-F05-005,Room F05-005
TB1-F-F05-005-5,TBCV1-F-F05-005,Room F05-005
TB1-F-F05-006-1,TBCV1-F-F05-006,Room F05-006
TB1-F-F05-006-2,TBCV1-F-F05-006,Room F05-006
TB1-F-F05-006-3,TBCV1-F-F05-006,Room F05-006
TB1-F-F05-006-4,TBCV1-F-F05-006,Room F05-006
TB1-F-F05-006-5,TBCV1-F-F05-006,Room F05-006
TB1-F-F05-007-1,TBCV1-F-F05-007,Room F05-007
TB1-F-F05-007-2,TBCV1-F-F05-007,Room F05-007
TB1-F-F05-007-3,TBCV1-F-F05-007,Room F05-007
TB1-F-F05-007-4,TBCV1-F-F05-007,Room F05-007
TB1-F-F05-007-5,TBCV1-F-F05-007,Room F05-007
TB1-F-F05-008-1,TBCV1-F-F05-008,Room F05-008
TB1-F-F05-008-2,TBCV1-F-F05-008,Room F05-008
TB1-F-F05-008-3,TBCV1-F-F05-008,Room F05-008
TB1-F-F05-008-4,TBCV1-F-F05-008,Room F05-008
TB1-F-F05-008-5,TBCV1-F-F05-008,Room F05-008
TB1-F-F05-009-1,TBCV1-F-F05-009,Room F05-009
TB1-F-F05-009-2,TBCV1-F-F05-009,Room F05-009
TB1-F-F05-009-3,TBCV1-F-F05-009,Room F05-009
TB1-F-F05-009-4,TBCV1-F-F05-009,Room F05-009
TB1-F-F05-009-5,TBCV1-F-F05-009,Room F05-009
TB1-F-F05-010-1,TBCV1-F-F05-010,Room F05-010
TB1-F-F05-010-2,TBCV1-F-F05-010,Room F05-010
TB1-F-F05-010-3,TBCV1-F-F05-010,Room F05-010
TB1-F-F05-010-4,TBCV1-F-F05-010,Room F05-010
TB1-F-F05-010-5,TBCV1-F-F05-010,Room F05-010
TB1-F-F05-011-1,TBCV1-F-F05-011,Room F05-011
TB1-F-F05-011-2,TBCV1-F-F05-011,Room F05-011
TB1-F-F05-011-3,TBCV1-F-F05-011,Room F05-011
TB1-F-F05-011-4,TBCV1-F-F05-011,Room F05-011
TB1-F-F05-011-5,TBCV1-F-F05-011,Room F05-011
TB1-F-F05-012-1,TBCV1-F-F05-012,Room F05-012
TB1-F-F05-012-2,TBCV1-F-F05-012,Room F05-012
TB1-F-F05-012-3,TBCV1-F-F05-012,Room F05-012
TB1-F-F05-012-4,TBCV1-F-F05-012,Room F05-012
TB1-F-F05-012-5,TBCV1-F-F05-012,Room F05-012
TB1-F-F05-101-1,TBCV1-F-F05-101,Room F05-101
TB1-F-F05-101-2,TBCV1-F-F05-101,Room F05-101
TB1-F-F05-101-3,TBCV1-F-F05-101,Room F05-101
TB1-F-F05-101-4,TBCV1-F-F05-101,Room F05-101
TB1-F-F05-102-1,TBCV1-F-F05-102,Room F05-102
TB1-F-F05-102-2,TBCV1-F-F05-102,Room F05-102
TB1-F-F05-102-3,TBCV1-F-F05-102,Room F05-102
TB1-F-F05-102-4,TBCV1-F-F05-102,Room F05-102
TB1-F-F05-103-1,TBCV1-F-F05-103,Room F05-103
TB1-F-F05-103-2,TBCV1-F-F05-103,Room F05-103
TB1-F-F05-103-3,TBCV1-F-F05-103,Room F05-103
TB1-F-F05-103-4,TBCV1-F-F05-103,Room F05-103
TB1-F-F05-104-1,TBCV1-F-F05-104,Room F05-104
TB1-F-F05-104-2,TBCV1-F-F05-104,Room F05-104
TB1-F-F05-104-3,TBCV1-F-F05-104,Room F05-104
TB1-F-F05-104-4,TBCV1-F-F05-104,Room F05-104
TB1-F-F05-105-1,TBCV1-F-F05-105,Room F05-105
TB1-F-F05-105-2,TBCV1-F-F05-105,Room F05-105
TB1-F-F05-105-3,TBCV1-F-F05-105,Room F05-105
TB1-F-F05-105-4,TBCV1-F-F05-105,Room F05-105
TB1-F-F05-106-1,TBCV1-F-F05-106,Room F05-106
TB1-F-F05-106-2,TBCV1-F-F05-106,Room F05-106
TB1-F-F05-106-3,TBCV1-F-F05-106,Room F05-106
TB1-F-F05-106-4,TBCV1-F-F05-106,Room F05-106
TB1-F-F05-107-1,TBCV1-F-F05-107,Room F05-107
TB1-F-F05-107-2,TBCV1-F-F05-107,Room F05-107
TB1-F-F05-107-3,TBCV1-F-F05-107,Room F05-107
TB1-F-F05-107-4,TBCV1-F-F05-107,Room F05-107
TB1-F-F05-108-1,TBCV1-F-F05-108,Room F05-108
TB1-F-F05-108-2,TBCV1-F-F05-108,Room F05-108
TB1-F-F05-108-3,TBCV1-F-F05-108,Room F05-108
TB1-F-F05-108-4,TBCV1-F-F05-108,Room F05-108
TB1-F-F05-109-1,TBCV1-F-F05-109,Room F05-109
TB1-F-F05-109-2,TBCV1-F-F05-109,Room F05-109
TB1-F-F05-109-3,TBCV1-F-F05-109,Room F05-109
TB1-F-F05-109-4,TBCV1-F-F05-109,Room F05-109
TB1-F-F05-110-1,TBCV1-F-F05-110,Room F05-110
TB1-F-F05-110-2,TBCV1-F-F05-110,Room F05-110
TB1-F-F05-110-3,TBCV1-F-F05-110,Room F05-110
TB1-F-F05-110-4,TBCV1-F-F05-110,Room F05-110
TB1-F-F05-111-1,TBCV1-F-F05-111,Room F05-111
TB1-F-F05-111-2,TBCV1-F-F05-111,Room F05-111
TB1-F-F05-111-3,TBCV1-F-F05-111,Room F05-111
TB1-F-F05-111-4,TBCV1-F-F05-111,Room F05-111
TB1-F-F05-112-1,TBCV1-F-F05-112,Room F05-112
TB1-F-F05-112-2,TBCV1-F-F05-112,Room F05-112
TB1-F-F05-112-3,TBCV1-F-F05-112,Room F05-112
TB1-F-F05-112-4,TBCV1-F-F05-112,Room F05-112
TB1-F-F06-001-1,TBCV1-F-F06-001,Room F06-001
TB1-F-F06-001-2,TBCV1-F-F06-001,Room F06-001
TB1-F-F06-001-3,TBCV1-F-F06-001,Room F06-001
TB1-F-F06-001-4,TBCV1-F-F06-001,Room F06-001
TB1-F-F06-001-5,TBCV1-F-F06-001,Room F06-001
TB1-F-F06-002-1,TBCV1-F-F06-002,Room F06-002
TB1-F-F06-002-2,TBCV1-F-F06-002,Room F06-002
TB1-F-F06-002-3,TBCV1-F-F06-002,Room F06-002
TB1-F-F06-002-4,TBCV1-F-F06-002,Room F06-002
TB1-F-F06-002-5,TBCV1-F-F06-002,Room F06-002
TB1-F-F06-003-1,TBCV1-F-F06-003,Room F06-003
TB1-F-F06-003-2,TBCV1-F-F06-003,Room F06-003
TB1-F-F06-003-3,TBCV1-F-F06-003,Room F06-003
TB1-F-F06-003-4,TBCV1-F-F06-003,Room F06-003
TB1-F-F06-003-5,TBCV1-F-F06-003,Room F06-003
TB1-F-F06-004-1,TBCV1-F-F06-004,Room F06-004
TB1-F-F06-004-2,TBCV1-F-F06-004,Room F06-004
TB1-F-F06-004-3,TBCV1-F-F06-004,Room F06-004
TB1-F-F06-004-4,TBCV1-F-F06-004,Room F06-004
TB1-F-F06-004-5,TBCV1-F-F06-004,Room F06-004
TB1-F-F06-005-1,TBCV1-F-F06-005,Room F06-005
TB1-F-F06-005-2,TBCV1-F-F06-005,Room F06-005
TB1-F-F06-005-3,TBCV1-F-F06-005,Room F06-005
TB1-F-F06-005-4,TBCV1-F-F06-005,Room F06-005
TB1-F-F06-005-5,TBCV1-F-F06-005,Room F06-005
TB1-F-F06-006-1,TBCV1-F-F06-006,Room F06-006
TB1-F-F06-006-2,TBCV1-F-F06-006,Room F06-006
TB1-F-F06-006-3,TBCV1-F-F06-006,Room F06-006
TB1-F-F06-006-4,TBCV1-F-F06-006,Room F06-006
TB1-F-F06-006-5,TBCV1-F-F06-006,Room F06-006
TB1-F-F06-007-1,TBCV1-F-F06-007,Room F06-007
TB1-F-F06-007-2,TBCV1-F-F06-007,Room F06-007
TB1-F-F06-007-3,TBCV1-F-F06-007,Room F06-007
TB1-F-F06-007-4,TBCV1-F-F06-007,Room F06-007
TB1-F-F06-007-5,TBCV1-F-F06-007,Room F06-007
TB1-F-F06-008-1,TBCV1-F-F06-008,Room F06-008
TB1-F-F06-008-2,TBCV1-F-F06-008,Room F06-008
TB1-F-F06-008-3,TBCV1-F-F06-008,Room F06-008
TB1-F-F06-008-4,TBCV1-F-F06-008,Room F06-008
TB1-F-F06-008-5,TBCV1-F-F06-008,Room F06-008
TB1-F-F06-009-1,TBCV1-F-F06-009,Room F06-009
TB1-F-F06-009-2,TBCV1-F-F06-009,Room F06-009
TB1-F-F06-009-3,TBCV1-F-F06-009,Room F06-009
TB1-F-F06-009-4,TBCV1-F-F06-009,Room F06-009
TB1-F-F06-009-5,TBCV1-F-F06-009,Room F06-009
TB1-F-F06-010-1,TBCV1-F-F06-010,Room F06-010
TB1-F-F06-010-2,TBCV1-F-F06-010,Room F06-010
TB1-F-F06-010-3,TBCV1-F-F06-010,Room F06-010
TB1-F-F06-010-4,TBCV1-F-F06-010,Room F06-010
TB1-F-F06-010-5,TBCV1-F-F06-010,Room F06-010
TB1-F-F06-011-1,TBCV1-F-F06-011,Room F06-011
TB1-F-F06-011-2,TBCV1-F-F06-011,Room F06-011
TB1-F-F06-011-3,TBCV1-F-F06-011,Room F06-011
TB1-F-F06-011-4,TBCV1-F-F06-011,Room F06-011
TB1-F-F06-011-5,TBCV1-F-F06-011,Room F06-011
TB1-F-F06-012-1,TBCV1-F-F06-012,Room F06-012
TB1-F-F06-012-2,TBCV1-F-F06-012,Room F06-012
TB1-F-F06-012-3,TBCV1-F-F06-012,Room F06-012
TB1-F-F06-012-4,TBCV1-F-F06-012,Room F06-012
TB1-F-F06-012-5,TBCV1-F-F06-012,Room F06-012
TB1-F-F06-101-1,TBCV1-F-F06-101,Room F06-101
TB1-F-F06-101-2,TBCV1-F-F06-101,Room F06-101
TB1-F-F06-101-3,TBCV1-F-F06-101,Room F06-101
TB1-F-F06-101-4,TBCV1-F-F06-101,Room F06-101
TB1-F-F06-102-1,TBCV1-F-F06-102,Room F06-102
TB1-F-F06-102-2,TBCV1-F-F06-102,Room F06-102
TB1-F-F06-102-3,TBCV1-F-F06-102,Room F06-102
TB1-F-F06-102-4,TBCV1-F-F06-102,Room F06-102
TB1-F-F06-103-1,TBCV1-F-F06-103,Room F06-103
TB1-F-F06-103-2,TBCV1-F-F06-103,Room F06-103
TB1-F-F06-103-3,TBCV1-F-F06-103,Room F06-103
TB1-F-F06-103-4,TBCV1-F-F06-103,Room F06-103
TB1-F-F06-104-1,TBCV1-F-F06-104,Room F06-104
TB1-F-F06-104-2,TBCV1-F-F06-104,Room F06-104
TB1-F-F06-104-3,TBCV1-F-F06-104,Room F06-104
TB1-F-F06-104-4,TBCV1-F-F06-104,Room F06-104
TB1-F-F06-105-1,TBCV1-F-F06-105,Room F06-105
TB1-F-F06-105-2,TBCV1-F-F06-105,Room F06-105
TB1-F-F06-105-3,TBCV1-F-F06-105,Room F06-105
TB1-F-F06-105-4,TBCV1-F-F06-105,Room F06-105
TB1-F-F06-106-1,TBCV1-F-F06-106,Room F06-106
TB1-F-F06-106-2,TBCV1-F-F06-106,Room F06-106
TB1-F-F06-106-3,TBCV1-F-F06-106,Room F06-106
TB1-F-F06-106-4,TBCV1-F-F06-106,Room F06-106
TB1-F-F06-107-1,TBCV1-F-F06-107,Room F06-107
TB1-F-F06-107-2,TBCV1-F-F06-107,Room F06-107
TB1-F-F06-107-3,TBCV1-F-F06-107,Room F06-107
TB1-F-F06-107-4,TBCV1-F-F06-107,Room F06-107
TB1-F-F06-108-1,TBCV1-F-F06-108,Room F06-108
TB1-F-F06-108-2,TBCV1-F-F06-108,Room F06-108
TB1-F-F06-108-3,TBCV1-F-F06-108,Room F06-108
TB1-F-F06-108-4,TBCV1-F-F06-108,Room F06-108
TB1-F-F06-109-1,TBCV1-F-F06-109,Room F06-109
TB1-F-F06-109-2,TBCV1-F-F06-109,Room F06-109
TB1-F-F06-109-3,TBCV1-F-F06-109,Room F06-109
TB1-F-F06-109-4,TBCV1-F-F06-109,Room F06-109
TB1-F-F06-110-1,TBCV1-F-F06-110,Room F06-110
TB1-F-F06-110-2,TBCV1-F-F06-110,Room F06-110
TB1-F-F06-110-3,TBCV1-F-F06-110,Room F06-110
TB1-F-F06-110-4,TBCV1-F-F06-110,Room F06-110
TB1-F-F06-111-1,TBCV1-F-F06-111,Room F06-111
TB1-F-F06-111-2,TBCV1-F-F06-111,Room F06-111
TB1-F-F06-111-3,TBCV1-F-F06-111,Room F06-111
TB1-F-F06-111-4,TBCV1-F-F06-111,Room F06-111
TB1-F-F06-112-1,TBCV1-F-F06-112,Room F06-112
TB1-F-F06-112-2,TBCV1-F-F06-112,Room F06-112
TB1-F-F06-112-3,TBCV1-F-F06-112,Room F06-112
TB1-F-F06-112-4,TBCV1-F-F06-112,Room F06-112
TB1-F-F07-001-1,TBCV1-F-F07-001,Room F07-001
TB1-F-F07-001-2,TBCV1-F-F07-001,Room F07-001
TB1-F-F07-001-3,TBCV1-F-F07-001,Room F07-001
TB1-F-F07-001-4,TBCV1-F-F07-001,Room F07-001
TB1-F-F07-001-5,TBCV1-F-F07-001,Room F07-001
TB1-F-F07-002-1,TBCV1-F-F07-002,Room F07-002
TB1-F-F07-002-2,TBCV1-F-F07-002,Room F07-002
TB1-F-F07-002-3,TBCV1-F-F07-002,Room F07-002
TB1-F-F07-002-4,TBCV1-F-F07-002,Room F07-002
TB1-F-F07-002-5,TBCV1-F-F07-002,Room F07-002
TB1-F-F07-003-1,TBCV1-F-F07-003,Room F07-003
TB1-F-F07-003-2,TBCV1-F-F07-003,Room F07-003
TB1-F-F07-003-3,TBCV1-F-F07-003,Room F07-003
TB1-F-F07-003-4,TBCV1-F-F07-003,Room F07-003
TB1-F-F07-003-5,TBCV1-F-F07-003,Room F07-003
TB1-F-F07-004-1,TBCV1-F-F07-004,Room F07-004
TB1-F-F07-004-2,TBCV1-F-F07-004,Room F07-004
TB1-F-F07-004-3,TBCV1-F-F07-004,Room F07-004
TB1-F-F07-004-4,TBCV1-F-F07-004,Room F07-004
TB1-F-F07-004-5,TBCV1-F-F07-004,Room F07-004
TB1-F-F07-005-1,TBCV1-F-F07-005,Room F07-005
TB1-F-F07-005-2,TBCV1-F-F07-005,Room F07-005
TB1-F-F07-005-3,TBCV1-F-F07-005,Room F07-005
TB1-F-F07-005-4,TBCV1-F-F07-005,Room F07-005
TB1-F-F07-005-5,TBCV1-F-F07-005,Room F07-005
TB1-F-F07-006-1,TBCV1-F-F07-006,Room F07-006
TB1-F-F07-006-2,TBCV1-F-F07-006,Room F07-006
TB1-F-F07-006-3,TBCV1-F-F07-006,Room F07-006
TB1-F-F07-006-4,TBCV1-F-F07-006,Room F07-006
TB1-F-F07-006-5,TBCV1-F-F07-006,Room F07-006
TB1-F-F07-007-1,TBCV1-F-F07-007,Room F07-007
TB1-F-F07-007-2,TBCV1-F-F07-007,Room F07-007
TB1-F-F07-007-3,TBCV1-F-F07-007,Room F07-007
TB1-F-F07-007-4,TBCV1-F-F07-007,Room F07-007
TB1-F-F07-007-5,TBCV1-F-F07-007,Room F07-007
TB1-F-F07-008-1,TBCV1-F-F07-008,Room F07-008
TB1-F-F07-008-2,TBCV1-F-F07-008,Room F07-008
TB1-F-F07-008-3,TBCV1-F-F07-008,Room F07-008
TB1-F-F07-008-4,TBCV1-F-F07-008,Room F07-008
TB1-F-F07-008-5,TBCV1-F-F07-008,Room F07-008
TB1-F-F07-009-1,TBCV1-F-F07-009,Room F07-009
TB1-F-F07-009-2,TBCV1-F-F07-009,Room F07-009
TB1-F-F07-009-3,TBCV1-F-F07-009,Room F07-009
TB1-F-F07-009-4,TBCV1-F-F07-009,Room F07-009
TB1-F-F07-009-5,TBCV1-F-F07-009,Room F07-009
TB1-F-F07-010-1,TBCV1-F-F07-010,Room F07-010
TB1-F-F07-010-2,TBCV1-F-F07-010,Room F07-010
TB1-F-F07-010-3,TBCV1-F-F07-010,Room F07-010
TB1-F-F07-010-4,TBCV1-F-F07-010,Room F07-010
TB1-F-F07-010-5,TBCV1-F-F07-010,Room F07-010
TB1-F-F07-011-1,TBCV1-F-F07-011,Room F07-011
TB1-F-F07-011-2,TBCV1-F-F07-011,Room F07-011
TB1-F-F07-011-3,TBCV1-F-F07-011,Room F07-011
TB1-F-F07-011-4,TBCV1-F-F07-011,Room F07-011
TB1-F-F07-011-5,TBCV1-F-F07-011,Room F07-011
TB1-F-F07-012-1,TBCV1-F-F07-012,Room F07-012
TB1-F-F07-012-2,TBCV1-F-F07-012,Room F07-012
TB1-F-F07-012-3,TBCV1-F-F07-012,Room F07-012
TB1-F-F07-012-4,TBCV1-F-F07-012,Room F07-012
TB1-F-F07-012-5,TBCV1-F-F07-012,Room F07-012
TB1-F-F07-101-1,TBCV1-F-F07-101,Room F07-101
TB1-F-F07-101-2,TBCV1-F-F07-101,Room F07-101
TB1-F-F07-101-3,TBCV1-F-F07-101,Room F07-101
TB1-F-F07-101-4,TBCV1-F-F07-101,Room F07-101
TB1-F-F07-102-1,TBCV1-F-F07-102,Room F07-102
TB1-F-F07-102-2,TBCV1-F-F07-102,Room F07-102
TB1-F-F07-102-3,TBCV1-F-F07-102,Room F07-102
TB1-F-F07-102-4,TBCV1-F-F07-102,Room F07-102
TB1-F-F07-103-1,TBCV1-F-F07-103,Room F07-103
TB1-F-F07-103-2,TBCV1-F-F07-103,Room F07-103
TB1-F-F07-103-3,TBCV1-F-F07-103,Room F07-103
TB1-F-F07-103-4,TBCV1-F-F07-103,Room F07-103
TB1-F-F07-104-1,TBCV1-F-F07-104,Room F07-104
TB1-F-F07-104-2,TBCV1-F-F07-104,Room F07-104
TB1-F-F07-104-3,TBCV1-F-F07-104,Room F07-104
TB1-F-F07-104-4,TBCV1-F-F07-104,Room F07-104
TB1-F-F07-105-1,TBCV1-F-F07-105,Room F07-105
TB1-F-F07-105-2,TBCV1-F-F07-105,Room F07-105
TB1-F-F07-105-3,TBCV1-F-F07-105,Room F07-105
TB1-F-F07-105-4,TBCV1-F-F07-105,Room F07-105
TB1-F-F07-106-1,TBCV1-F-F07-106,Room F07-106
TB1-F-F07-106-2,TBCV1-F-F07-106,Room F07-106
TB1-F-F07-106-3,TBCV1-F-F07-106,Room F07-106
TB1-F-F07-106-4,TBCV1-F-F07-106,Room F07-106
TB1-F-F07-107-1,TBCV1-F-F07-107,Room F07-107
TB1-F-F07-107-2,TBCV1-F-F07-107,Room F07-107
TB1-F-F07-107-3,TBCV1-F-F07-107,Room F07-107
TB1-F-F07-107-4,TBCV1-F-F07-107,Room F07-107
TB1-F-F07-108-1,TBCV1-F-F07-108,Room F07-108
TB1-F-F07-108-2,TBCV1-F-F07-108,Room F07-108
TB1-F-F07-108-3,TBCV1-F-F07-108,Room F07-108
TB1-F-F07-108-4,TBCV1-F-F07-108,Room F07-108
TB1-F-F07-109-1,TBCV1-F-F07-109,Room F07-109
TB1-F-F07-109-2,TBCV1-F-F07-109,Room F07-109
TB1-F-F07-109-3,TBCV1-F-F07-109,Room F07-109
TB1-F-F07-109-4,TBCV1-F-F07-109,Room F07-109
TB1-F-F07-110-1,TBCV1-F-F07-110,Room F07-110
TB1-F-F07-110-2,TBCV1-F-F07-110,Room F07-110
TB1-F-F07-110-3,TBCV1-F-F07-110,Room F07-110
TB1-F-F07-110-4,TBCV1-F-F07-110,Room F07-110
TB1-F-F07-111-1,TBCV1-F-F07-111,Room F07-111
TB1-F-F07-111-2,TBCV1-F-F07-111,Room F07-111
TB1-F-F07-111-3,TBCV1-F-F07-111,Room F07-111
TB1-F-F07-111-4,TBCV1-F-F07-111,Room F07-111
TB1-F-F07-112-1,TBCV1-F-F07-112,Room F07-112
TB1-F-F07-112-2,TBCV1-F-F07-112,Room F07-112
TB1-F-F07-112-3,TBCV1-F-F07-112,Room F07-112
TB1-F-F07-112-4,TBCV1-F-F07-112,Room F07-112
TB1-F-F08-001-1,TBCV1-F-F08-001,Room F08-001
TB1-F-F08-001-2,TBCV1-F-F08-001,Room F08-001
TB1-F-F08-001-3,TBCV1-F-F08-001,Room F08-001
TB1-F-F08-001-4,TBCV1-F-F08-001,Room F08-001
TB1-F-F08-001-5,TBCV1-F-F08-001,Room F08-001
TB1-F-F08-002-1,TBCV1-F-F08-002,Room F08-002
TB1-F-F08-002-2,TBCV1-F-F08-002,Room F08-002
TB1-F-F08-002-3,TBCV1-F-F08-002,Room F08-002
TB1-F-F08-002-4,TBCV1-F-F08-002,Room F08-002
TB1-F-F08-002-5,TBCV1-F-F08-002,Room F08-002
TB1-F-F08-003-1,TBCV1-F-F08-003,Room F08-003
TB1-F-F08-003-2,TBCV1-F-F08-003,Room F08-003
TB1-F-F08-003-3,TBCV1-F-F08-003,Room F08-003
TB1-F-F08-003-4,TBCV1-F-F08-003,Room F08-003
TB1-F-F08-003-5,TBCV1-F-F08-003,Room F08-003
TB1-F-F08-004-1,TBCV1-F-F08-004,Room F08-004
TB1-F-F08-004-2,TBCV1-F-F08-004,Room F08-004
TB1-F-F08-004-3,TBCV1-F-F08-004,Room F08-004
TB1-F-F08-004-4,TBCV1-F-F08-004,Room F08-004
TB1-F-F08-004-5,TBCV1-F-F08-004,Room F08-004
TB1-F-F08-005-1,TBCV1-F-F08-005,Room F08-005
TB1-F-F08-005-2,TBCV1-F-F08-005,Room F08-005
TB1-F-F08-005-3,TBCV1-F-F08-005,Room F08-005
TB1-F-F08-005-4,TBCV1-F-F08-005,Room F08-005
TB1-F-F08-005-5,TBCV1-F-F08-005,Room F08-005
TB1-F-F08-006-1,TBCV1-F-F08-006,Room F08-006
TB1-F-F08-006-2,TBCV1-F-F08-006,Room F08-006
TB1-F-F08-006-3,TBCV1-F-F08-006,Room F08-006
TB1-F-F08-006-4,TBCV1-F-F08-006,Room F08-006
TB1-F-F08-006-5,TBCV1-F-F08-006,Room F08-006
TB1-F-F08-007-1,TBCV1-F-F08-007,Room F08-007
TB1-F-F08-007-2,TBCV1-F-F08-007,Room F08-007
TB1-F-F08-007-3,TBCV1-F-F08-007,Room F08-007
TB1-F-F08-007-4,TBCV1-F-F08-007,Room F08-007
TB1-F-F08-007-5,TBCV1-F-F08-007,Room F08-007
TB1-F-F08-008-1,TBCV1-F-F08-008,Room F08-008
TB1-F-F08-008-2,TBCV1-F-F08-008,Room F08-008
TB1-F-F08-008-3,TBCV1-F-F08-008,Room F08-008
TB1-F-F08-008-4,TBCV1-F-F08-008,Room F08-008
TB1-F-F08-008-5,TBCV1-F-F08-008,Room F08-008
TB1-F-F08-009-1,TBCV1-F-F08-009,Room F08-009
TB1-F-F08-009-2,TBCV1-F-F08-009,Room F08-009
TB1-F-F08-009-3,TBCV1-F-F08-009,Room F08-009
TB1-F-F08-009-4,TBCV1-F-F08-009,Room F08-009
TB1-F-F08-009-5,TBCV1-F-F08-009,Room F08-009
TB1-F-F08-010-1,TBCV1-F-F08-010,Room F08-010
TB1-F-F08-010-2,TBCV1-F-F08-010,Room F08-010
TB1-F-F08-010-3,TBCV1-F-F08-010,Room F08-010
TB1-F-F08-010-4,TBCV1-F-F08-010,Room F08-010
TB1-F-F08-010-5,TBCV1-F-F08-010,Room F08-010
TB1-F-F08-011-1,TBCV1-F-F08-011,Room F08-011
TB1-F-F08-011-2,TBCV1-F-F08-011,Room F08-011
TB1-F-F08-011-3,TBCV1-F-F08-011,Room F08-011
TB1-F-F08-011-4,TBCV1-F-F08-011,Room F08-011
TB1-F-F08-011-5,TBCV1-F-F08-011,Room F08-011
TB1-F-F08-012-1,TBCV1-F-F08-012,Room F08-012
TB1-F-F08-012-2,TBCV1-F-F08-012,Room F08-012
TB1-F-F08-012-3,TBCV1-F-F08-012,Room F08-012
TB1-F-F08-012-4,TBCV1-F-F08-012,Room F08-012
TB1-F-F08-012-5,TBCV1-F-F08-012,Room F08-012
TB1-F-F08-101-1,TBCV1-F-F08-101,Room F08-101
TB1-F-F08-101-2,TBCV1-F-F08-101,Room F08-101
TB1-F-F08-101-3,TBCV1-F-F08-101,Room F08-101
TB1-F-F08-101-4,TBCV1-F-F08-101,Room F08-101
TB1-F-F08-102-1,TBCV1-F-F08-102,Room F08-102
TB1-F-F08-102-2,TBCV1-F-F08-102,Room F08-102
TB1-F-F08-102-3,TBCV1-F-F08-102,Room F08-102
TB1-F-F08-102-4,TBCV1-F-F08-102,Room F08-102
TB1-F-F08-103-1,TBCV1-F-F08-103,Room F08-103
TB1-F-F08-103-2,TBCV1-F-F08-103,Room F08-103
TB1-F-F08-103-3,TBCV1-F-F08-103,Room F08-103
TB1-F-F08-103-4,TBCV1-F-F08-103,Room F08-103
TB1-F-F08-104-1,TBCV1-F-F08-104,Room F08-104
TB1-F-F08-104-2,TBCV1-F-F08-104,Room F08-104
TB1-F-F08-104-3,TBCV1-F-F08-104,Room F08-104
TB1-F-F08-104-4,TBCV1-F-F08-104,Room F08-104
TB1-F-F08-105-1,TBCV1-F-F08-105,Room F08-105
TB1-F-F08-105-2,TBCV1-F-F08-105,Room F08-105
TB1-F-F08-105-3,TBCV1-F-F08-105,Room F08-105
TB1-F-F08-105-4,TBCV1-F-F08-105,Room F08-105
TB1-F-F08-106-1,TBCV1-F-F08-106,Room F08-106
TB1-F-F08-106-2,TBCV1-F-F08-106,Room F08-106
TB1-F-F08-106-3,TBCV1-F-F08-106,Room F08-106
TB1-F-F08-106-4,TBCV1-F-F08-106,Room F08-106
TB1-F-F08-107-1,TBCV1-F-F08-107,Room F08-107
TB1-F-F08-107-2,TBCV1-F-F08-107,Room F08-107
TB1-F-F08-107-3,TBCV1-F-F08-107,Room F08-107
TB1-F-F08-107-4,TBCV1-F-F08-107,Room F08-107
TB1-F-F08-108-1,TBCV1-F-F08-108,Room F08-108
TB1-F-F08-108-2,TBCV1-F-F08-108,Room F08-108
TB1-F-F08-108-3,TBCV1-F-F08-108,Room F08-108
TB1-F-F08-108-4,TBCV1-F-F08-108,Room F08-108
TB1-F-F08-109-1,TBCV1-F-F08-109,Room F08-109
TB1-F-F08-109-2,TBCV1-F-F08-109,Room F08-109
TB1-F-F08-109-3,TBCV1-F-F08-109,Room F08-109
TB1-F-F08-109-4,TBCV1-F-F08-109,Room F08-109
TB1-F-F08-110-1,TBCV1-F-F08-110,Room F08-110
TB1-F-F08-110-2,TBCV1-F-F08-110,Room F08-110
TB1-F-F08-110-3,TBCV1-F-F08-110,Room F08-110
TB1-F-F08-110-4,TBCV1-F-F08-110,Room F08-110
TB1-F-F08-111-1,TBCV1-F-F08-111,Room F08-111
TB1-F-F08-111-2,TBCV1-F-F08-111,Room F08-111
TB1-F-F08-111-3,TBCV1-F-F08-111,Room F08-111
TB1-F-F08-111-4,TBCV1-F-F08-111,Room F08-111
TB1-F-F08-112-1,TBCV1-F-F08-112,Room F08-112
TB1-F-F08-112-2,TBCV1-F-F08-112,Room F08-112
TB1-F-F08-112-3,TBCV1-F-F08-112,Room F08-112
TB1-F-F08-112-4,TBCV1-F-F08-112,Room F08-112
TB1-F-F09-001-1,TBCV1-F-F09-001,Room F09-001
TB1-F-F09-001-2,TBCV1-F-F09-001,Room F09-001
TB1-F-F09-001-3,TBCV1-F-F09-001,Room F09-001
TB1-F-F09-001-4,TBCV1-F-F09-001,Room F09-001
TB1-F-F09-001-5,TBCV1-F-F09-001,Room F09-001
TB1-F-F09-002-1,TBCV1-F-F09-002,Room F09-002
TB1-F-F09-002-2,TBCV1-F-F09-002,Room F09-002
TB1-F-F09-002-3,TBCV1-F-F09-002,Room F09-002
TB1-F-F09-002-4,TBCV1-F-F09-002,Room F09-002
TB1-F-F09-002-5,TBCV1-F-F09-002,Room F09-002
TB1-F-F09-003-1,TBCV1-F-F09-003,Room F09-003
TB1-F-F09-003-2,TBCV1-F-F09-003,Room F09-003
TB1-F-F09-003-3,TBCV1-F-F09-003,Room F09-003
TB1-F-F09-003-4,TBCV1-F-F09-003,Room F09-003
TB1-F-F09-003-5,TBCV1-F-F09-003,Room F09-003
TB1-F-F09-004-1,TBCV1-F-F09-004,Room F09-004
TB1-F-F09-004-2,TBCV1-F-F09-004,Room F09-004
TB1-F-F09-004-3,TBCV1-F-F09-004,Room F09-004
TB1-F-F09-004-4,TBCV1-F-F09-004,Room F09-004
TB1-F-F09-004-5,TBCV1-F-F09-004,Room F09-004
TB1-F-F09-005-1,TBCV1-F-F09-005,Room F09-005
TB1-F-F09-005-2,TBCV1-F-F09-005,Room F09-005
TB1-F-F09-005-3,TBCV1-F-F09-005,Room F09-005
TB1-F-F09-005-4,TBCV1-F-F09-005,Room F09-005
TB1-F-F09-005-5,TBCV1-F-F09-005,Room F09-005
TB1-F-F09-006-1,TBCV1-F-F09-006,Room F09-006
TB1-F-F09-006-2,TBCV1-F-F09-006,Room F09-006
TB1-F-F09-006-3,TBCV1-F-F09-006,Room F09-006
TB1-F-F09-006-4,TBCV1-F-F09-006,Room F09-006
TB1-F-F09-006-5,TBCV1-F-F09-006,Room F09-006
TB1-F-F09-007-1,TBCV1-F-F09-007,Room F09-007
TB1-F-F09-007-2,TBCV1-F-F09-007,Room F09-007
TB1-F-F09-007-3,TBCV1-F-F09-007,Room F09-007
TB1-F-F09-007-4,TBCV1-F-F09-007,Room F09-007
TB1-F-F09-007-5,TBCV1-F-F09-007,Room F09-007
TB1-F-F09-008-1,TBCV1-F-F09-008,Room F09-008
TB1-F-F09-008-2,TBCV1-F-F09-008,Room F09-008
TB1-F-F09-008-3,TBCV1-F-F09-008,Room F09-008
TB1-F-F09-008-4,TBCV1-F-F09-008,Room F09-008
TB1-F-F09-008-5,TBCV1-F-F09-008,Room F09-008
TB1-F-F09-009-1,TBCV1-F-F09-009,Room F09-009
TB1-F-F09-009-2,TBCV1-F-F09-009,Room F09-009
TB1-F-F09-009-3,TBCV1-F-F09-009,Room F09-009
TB1-F-F09-009-4,TBCV1-F-F09-009,Room F09-009
TB1-F-F09-009-5,TBCV1-F-F09-009,Room F09-009
TB1-F-F09-010-1,TBCV1-F-F09-010,Room F09-010
TB1-F-F09-010-2,TBCV1-F-F09-010,Room F09-010
TB1-F-F09-010-3,TBCV1-F-F09-010,Room F09-010
TB1-F-F09-010-4,TBCV1-F-F09-010,Room F09-010
TB1-F-F09-010-5,TBCV1-F-F09-010,Room F09-010
TB1-F-F09-011-1,TBCV1-F-F09-011,Room F09-011
TB1-F-F09-011-2,TBCV1-F-F09-011,Room F09-011
TB1-F-F09-011-3,TBCV1-F-F09-011,Room F09-011
TB1-F-F09-011-4,TBCV1-F-F09-011,Room F09-011
TB1-F-F09-011-5,TBCV1-F-F09-011,Room F09-011
TB1-F-F09-012-1,TBCV1-F-F09-012,Room F09-012
TB1-F-F09-012-2,TBCV1-F-F09-012,Room F09-012
TB1-F-F09-012-3,TBCV1-F-F09-012,Room F09-012
TB1-F-F09-012-4,TBCV1-F-F09-012,Room F09-012
TB1-F-F09-012-5,TBCV1-F-F09-012,Room F09-012
TB1-F-F09-101-1,TBCV1-F-F09-101,Room F09-101
TB1-F-F09-101-2,TBCV1-F-F09-101,Room F09-101
TB1-F-F09-101-3,TBCV1-F-F09-101,Room F09-101
TB1-F-F09-101-4,TBCV1-F-F09-101,Room F09-101
TB1-F-F09-102-1,TBCV1-F-F09-102,Room F09-102
TB1-F-F09-102-2,TBCV1-F-F09-102,Room F09-102
TB1-F-F09-102-3,TBCV1-F-F09-102,Room F09-102
TB1-F-F09-102-4,TBCV1-F-F09-102,Room F09-102
TB1-F-F09-103-1,TBCV1-F-F09-103,Room F09-103
TB1-F-F09-103-2,TBCV1-F-F09-103,Room F09-103
TB1-F-F09-103-3,TBCV1-F-F09-103,Room F09-103
TB1-F-F09-103-4,TBCV1-F-F09-103,Room F09-103
TB1-F-F09-104-1,TBCV1-F-F09-104,Room F09-104
TB1-F-F09-104-2,TBCV1-F-F09-104,Room F09-104
TB1-F-F09-104-3,TBCV1-F-F09-104,Room F09-104
TB1-F-F09-104-4,TBCV1-F-F09-104,Room F09-104
TB1-F-F09-105-1,TBCV1-F-F09-105,Room F09-105
TB1-F-F09-105-2,TBCV1-F-F09-105,Room F09-105
TB1-F-F09-105-3,TBCV1-F-F09-105,Room F09-105
TB1-F-F09-105-4,TBCV1-F-F09-105,Room F09-105
TB1-F-F09-106-1,TBCV1-F-F09-106,Room F09-106
TB1-F-F09-106-2,TBCV1-F-F09-106,Room F09-106
TB1-F-F09-106-3,TBCV1-F-F09-106,Room F09-106
TB1-F-F09-106-4,TBCV1-F-F09-106,Room F09-106
TB1-F-F09-107-1,TBCV1-F-F09-107,Room F09-107
TB1-F-F09-107-2,TBCV1-F-F09-107,Room F09-107
TB1-F-F09-107-3,TBCV1-F-F09-107,Room F09-107
TB1-F-F09-107-4,TBCV1-F-F09-107,Room F09-107
TB1-F-F09-108-1,TBCV1-F-F09-108,Room F09-108
TB1-F-F09-108-2,TBCV1-F-F09-108,Room F09-108
TB1-F-F09-108-3,TBCV1-F-F09-108,Room F09-108
TB1-F-F09-108-4,TBCV1-F-F09-108,Room F09-108
TB1-F-F09-109-1,TBCV1-F-F09-109,Room F09-109
TB1-F-F09-109-2,TBCV1-F-F09-109,Room F09-109
TB1-F-F09-109-3,TBCV1-F-F09-109,Room F09-109
TB1-F-F09-109-4,TBCV1-F-F09-109,Room F09-109
TB1-F-F09-110-1,TBCV1-F-F09-110,Room F09-110
TB1-F-F09-110-2,TBCV1-F-F09-110,Room F09-110
TB1-F-F09-110-3,TBCV1-F-F09-110,Room F09-110
TB1-F-F09-110-4,TBCV1-F-F09-110,Room F09-110
TB1-F-F09-111-1,TBCV1-F-F09-111,Room F09-111
TB1-F-F09-111-2,TBCV1-F-F09-111,Room F09-111
TB1-F-F09-111-3,TBCV1-F-F09-111,Room F09-111
TB1-F-F09-111-4,TBCV1-F-F09-111,Room F09-111
TB1-F-F09-112-1,TBCV1-F-F09-112,Room F09-112
TB1-F-F09-112-2,TBCV1-F-F09-112,Room F09-112
TB1-F-F09-112-3,TBCV1-F-F09-112,Room F09-112
TB1-F-F09-112-4,TBCV1-F-F09-112,Room F09-112
TB1-F-F10-001-1,TBCV1-F-F10-001,Room F10-001
TB1-F-F10-001-2,TBCV1-F-F10-001,Room F10-001
TB1-F-F10-001-3,TBCV1-F-F10-001,Room F10-001
TB1-F-F10-001-4,TBCV1-F-F10-001,Room F10-001
TB1-F-F10-001-5,TBCV1-F-F10-001,Room F10-001
TB1-F-F10-002-1,TBCV1-F-F10-002,Room F10-002
TB1-F-F10-002-2,TBCV1-F-F10-002,Room F10-002
TB1-F-F10-002-3,TBCV1-F-F10-002,Room F10-002
TB1-F-F10-002-4,TBCV1-F-F10-002,Room F10-002
TB1-F-F10-002-5,TBCV1-F-F10-002,Room F10-002
TB1-F-F10-003-1,TBCV1-F-F10-003,Room F10-003
TB1-F-F10-003-2,TBCV1-F-F10-003,Room F10-003
TB1-F-F10-003-3,TBCV1-F-F10-003,Room F10-003
TB1-F-F10-003-4,TBCV1-F-F10-003,Room F10-003
TB1-F-F10-003-5,TBCV1-F-F10-003,Room F10-003
TB1-F-F10-004-1,TBCV1-F-F10-004,Room F10-004
TB1-F-F10-004-2,TBCV1-F-F10-004,Room F10-004
TB1-F-F10-004-3,TBCV1-F-F10-004,Room F10-004
TB1-F-F10-004-4,TBCV1-F-F10-004,Room F10-004
TB1-F-F10-004-5,TBCV1-F-F10-004,Room F10-004
TB1-F-F10-005-1,TBCV1-F-F10-005,Room F10-005
TB1-F-F10-005-2,TBCV1-F-F10-005,Room F10-005
TB1-F-F10-005-3,TBCV1-F-F10-005,Room F10-005
TB1-F-F10-005-4,TBCV1-F-F10-005,Room F10-005
TB1-F-F10-005-5,TBCV1-F-F10-005,Room F10-005
TB1-F-F10-006-1,TBCV1-F-F10-006,Room F10-006
TB1-F-F10-006-2,TBCV1-F-F10-006,Room F10-006
TB1-F-F10-006-3,TBCV1-F-F10-006,Room F10-006
TB1-F-F10-006-4,TBCV1-F-F10-006,Room F10-006
TB1-F-F10-006-5,TBCV1-F-F10-006,Room F10-006
TB1-F-F10-007-1,TBCV1-F-F10-007,Room F10-007
TB1-F-F10-007-2,TBCV1-F-F10-007,Room F10-007
TB1-F-F10-007-3,TBCV1-F-F10-007,Room F10-007
TB1-F-F10-007-4,TBCV1-F-F10-007,Room F10-007
TB1-F-F10-007-5,TBCV1-F-F10-007,Room F10-007
TB1-F-F10-008-1,TBCV1-F-F10-008,Room F10-008
TB1-F-F10-008-2,TBCV1-F-F10-008,Room F10-008
TB1-F-F10-008-3,TBCV1-F-F10-008,Room F10-008
TB1-F-F10-008-4,TBCV1-F-F10-008,Room F10-008
TB1-F-F10-008-5,TBCV1-F-F10-008,Room F10-008
TB1-F-F10-009-1,TBCV1-F-F10-009,Room F10-009
TB1-F-F10-009-2,TBCV1-F-F10-009,Room F10-009
TB1-F-F10-009-3,TBCV1-F-F10-009,Room F10-009
TB1-F-F10-009-4,TBCV1-F-F10-009,Room F10-009
TB1-F-F10-009-5,TBCV1-F-F10-009,Room F10-009
TB1-F-F10-010-1,TBCV1-F-F10-010,Room F10-010
TB1-F-F10-010-2,TBCV1-F-F10-010,Room F10-010
TB1-F-F10-010-3,TBCV1-F-F10-010,Room F10-010
TB1-F-F10-010-4,TBCV1-F-F10-010,Room F10-010
TB1-F-F10-010-5,TBCV1-F-F10-010,Room F10-010
TB1-F-F10-011-1,TBCV1-F-F10-011,Room F10-011
TB1-F-F10-011-2,TBCV1-F-F10-011,Room F10-011
TB1-F-F10-011-3,TBCV1-F-F10-011,Room F10-011
TB1-F-F10-011-4,TBCV1-F-F10-011,Room F10-011
TB1-F-F10-011-5,TBCV1-F-F10-011,Room F10-011
TB1-F-F10-012-1,TBCV1-F-F10-012,Room F10-012
TB1-F-F10-012-2,TBCV1-F-F10-012,Room F10-012
TB1-F-F10-012-3,TBCV1-F-F10-012,Room F10-012
TB1-F-F10-012-4,TBCV1-F-F10-012,Room F10-012
TB1-F-F10-012-5,TBCV1-F-F10-012,Room F10-012
TB1-F-F10-101-1,TBCV1-F-F10-101,Room F10-101
TB1-F-F10-101-2,TBCV1-F-F10-101,Room F10-101
TB1-F-F10-101-3,TBCV1-F-F10-101,Room F10-101
TB1-F-F10-101-4,TBCV1-F-F10-101,Room F10-101
TB1-F-F10-102-1,TBCV1-F-F10-102,Room F10-102
TB1-F-F10-102-2,TBCV1-F-F10-102,Room F10-102
TB1-F-F10-102-3,TBCV1-F-F10-102,Room F10-102
TB1-F-F10-102-4,TBCV1-F-F10-102,Room F10-102
TB1-F-F10-103-1,TBCV1-F-F10-103,Room F10-103
TB1-F-F10-103-2,TBCV1-F-F10-103,Room F10-103
TB1-F-F10-103-3,TBCV1-F-F10-103,Room F10-103
TB1-F-F10-103-4,TBCV1-F-F10-103,Room F10-103
TB1-F-F10-104-1,TBCV1-F-F10-104,Room F10-104
TB1-F-F10-104-2,TBCV1-F-F10-104,Room F10-104
TB1-F-F10-104-3,TBCV1-F-F10-104,Room F10-104
TB1-F-F10-104-4,TBCV1-F-F10-104,Room F10-104
TB1-F-F10-105-1,TBCV1-F-F10-105,Room F10-105
TB1-F-F10-105-2,TBCV1-F-F10-105,Room F10-105
TB1-F-F10-105-3,TBCV1-F-F10-105,Room F10-105
TB1-F-F10-105-4,TBCV1-F-F10-105,Room F10-105
TB1-F-F10-106-1,TBCV1-F-F10-106,Room F10-106
TB1-F-F10-106-2,TBCV1-F-F10-106,Room F10-106
TB1-F-F10-106-3,TBCV1-F-F10-106,Room F10-106
TB1-F-F10-106-4,TBCV1-F-F10-106,Room F10-106
TB1-F-F10-107-1,TBCV1-F-F10-107,Room F10-107
TB1-F-F10-107-2,TBCV1-F-F10-107,Room F10-107
TB1-F-F10-107-3,TBCV1-F-F10-107,Room F10-107
TB1-F-F10-107-4,TBCV1-F-F10-107,Room F10-107
TB1-F-F10-108-1,TBCV1-F-F10-108,Room F10-108
TB1-F-F10-108-2,TBCV1-F-F10-108,Room F10-108
TB1-F-F10-108-3,TBCV1-F-F10-108,Room F10-108
TB1-F-F10-108-4,TBCV1-F-F10-108,Room F10-108
TB1-F-F10-109-1,TBCV1-F-F10-109,Room F10-109
TB1-F-F10-109-2,TBCV1-F-F10-109,Room F10-109
TB1-F-F10-109-3,TBCV1-F-F10-109,Room F10-109
TB1-F-F10-109-4,TBCV1-F-F10-109,Room F10-109
TB1-F-F10-110-1,TBCV1-F-F10-110,Room F10-110
TB1-F-F10-110-2,TBCV1-F-F10-110,Room F10-110
TB1-F-F10-110-3,TBCV1-F-F10-110,Room F10-110
TB1-F-F10-110-4,TBCV1-F-F10-110,Room F10-110
TB1-F-F10-111-1,TBCV1-F-F10-111,Room F10-111
TB1-F-F10-111-2,TBCV1-F-F10-111,Room F10-111
TB1-F-F10-111-3,TBCV1-F-F10-111,Room F10-111
TB1-F-F10-111-4,TBCV1-F-F10-111,Room F10-111
TB1-F-F10-112-1,TBCV1-F-F10-112,Room F10-112
TB1-F-F10-112-2,TBCV1-F-F10-112,Room F10-112
TB1-F-F10-112-3,TBCV1-F-F10-112,Room F10-112
TB1-F-F10-112-4,TBCV1-F-F10-112,Room F10-112
TB1-F-F11-001-1,TBCV1-F-F11-001,Room F11-001
TB1-F-F11-001-2,TBCV1-F-F11-001,Room F11-001
TB1-F-F11-001-3,TBCV1-F-F11-001,Room F11-001
TB1-F-F11-001-4,TBCV1-F-F11-001,Room F11-001
TB1-F-F11-001-5,TBCV1-F-F11-001,Room F11-001
TB1-F-F11-002-1,TBCV1-F-F11-002,Room F11-002
TB1-F-F11-002-2,TBCV1-F-F11-002,Room F11-002
TB1-F-F11-002-3,TBCV1-F-F11-002,Room F11-002
TB1-F-F11-002-4,TBCV1-F-F11-002,Room F11-002
TB1-F-F11-002-5,TBCV1-F-F11-002,Room F11-002
TB1-F-F11-003-1,TBCV1-F-F11-003,Room F11-003
TB1-F-F11-003-2,TBCV1-F-F11-003,Room F11-003
TB1-F-F11-003-3,TBCV1-F-F11-003,Room F11-003
TB1-F-F11-003-4,TBCV1-F-F11-003,Room F11-003
TB1-F-F11-003-5,TBCV1-F-F11-003,Room F11-003
TB1-F-F11-004-1,TBCV1-F-F11-004,Room F11-004
TB1-F-F11-004-2,TBCV1-F-F11-004,Room F11-004
TB1-F-F11-004-3,TBCV1-F-F11-004,Room F11-004
TB1-F-F11-004-4,TBCV1-F-F11-004,Room F11-004
TB1-F-F11-004-5,TBCV1-F-F11-004,Room F11-004
TB1-F-F11-005-1,TBCV1-F-F11-005,Room F11-005
TB1-F-F11-005-2,TBCV1-F-F11-005,Room F11-005
TB1-F-F11-005-3,TBCV1-F-F11-005,Room F11-005
TB1-F-F11-005-4,TBCV1-F-F11-005,Room F11-005
TB1-F-F11-005-5,TBCV1-F-F11-005,Room F11-005
TB1-F-F11-006-1,TBCV1-F-F11-006,Room F11-006
TB1-F-F11-006-2,TBCV1-F-F11-006,Room F11-006
TB1-F-F11-006-3,TBCV1-F-F11-006,Room F11-006
TB1-F-F11-006-4,TBCV1-F-F11-006,Room F11-006
TB1-F-F11-006-5,TBCV1-F-F11-006,Room F11-006
TB1-F-F11-007-1,TBCV1-F-F11-007,Room F11-007
TB1-F-F11-007-2,TBCV1-F-F11-007,Room F11-007
TB1-F-F11-007-3,TBCV1-F-F11-007,Room F11-007
TB1-F-F11-007-4,TBCV1-F-F11-007,Room F11-007
TB1-F-F11-007-5,TBCV1-F-F11-007,Room F11-007
TB1-F-F11-008-1,TBCV1-F-F11-008,Room F11-008
TB1-F-F11-008-2,TBCV1-F-F11-008,Room F11-008
TB1-F-F11-008-3,TBCV1-F-F11-008,Room F11-008
TB1-F-F11-008-4,TBCV1-F-F11-008,Room F11-008
TB1-F-F11-008-5,TBCV1-F-F11-008,Room F11-008
TB1-F-F11-009-1,TBCV1-F-F11-009,Room F11-009
TB1-F-F11-009-2,TBCV1-F-F11-009,Room F11-009
TB1-F-F11-009-3,TBCV1-F-F11-009,Room F11-009
TB1-F-F11-009-4,TBCV1-F-F11-009,Room F11-009
TB1-F-F11-009-5,TBCV1-F-F11-009,Room F11-009
TB1-F-F11-010-1,TBCV1-F-F11-010,Room F11-010
TB1-F-F11-010-2,TBCV1-F-F11-010,Room F11-010
TB1-F-F11-010-3,TBCV1-F-F11-010,Room F11-010
TB1-F-F11-010-4,TBCV1-F-F11-010,Room F11-010
TB1-F-F11-010-5,TBCV1-F-F11-010,Room F11-010
TB1-F-F11-011-1,TBCV1-F-F11-011,Room F11-011
TB1-F-F11-011-2,TBCV1-F-F11-011,Room F11-011
TB1-F-F11-011-3,TBCV1-F-F11-011,Room F11-011
TB1-F-F11-011-4,TBCV1-F-F11-011,Room F11-011
TB1-F-F11-011-5,TBCV1-F-F11-011,Room F11-011
TB1-F-F11-012-1,TBCV1-F-F11-012,Room F11-012
TB1-F-F11-012-2,TBCV1-F-F11-012,Room F11-012
TB1-F-F11-012-3,TBCV1-F-F11-012,Room F11-012
TB1-F-F11-012-4,TBCV1-F-F11-012,Room F11-012
TB1-F-F11-012-5,TBCV1-F-F11-012,Room F11-012
TB1-F-F11-101-1,TBCV1-F-F11-101,Room F11-101
TB1-F-F11-101-2,TBCV1-F-F11-101,Room F11-101
TB1-F-F11-101-3,TBCV1-F-F11-101,Room F11-101
TB1-F-F11-101-4,TBCV1-F-F11-101,Room F11-101
TB1-F-F11-102-1,TBCV1-F-F11-102,Room F11-102
TB1-F-F11-102-2,TBCV1-F-F11-102,Room F11-102
TB1-F-F11-102-3,TBCV1-F-F11-102,Room F11-102
TB1-F-F11-102-4,TBCV1-F-F11-102,Room F11-102
TB1-F-F11-103-1,TBCV1-F-F11-103,Room F11-103
TB1-F-F11-103-2,TBCV1-F-F11-103,Room F11-103
TB1-F-F11-103-3,TBCV1-F-F11-103,Room F11-103
TB1-F-F11-103-4,TBCV1-F-F11-103,Room F11-103
TB1-F-F11-104-1,TBCV1-F-F11-104,Room F11-104
TB1-F-F11-104-2,TBCV1-F-F11-104,Room F11-104
TB1-F-F11-104-3,TBCV1-F-F11-104,Room F11-104
TB1-F-F11-104-4,TBCV1-F-F11-104,Room F11-104
TB1-F-F11-105-1,TBCV1-F-F11-105,Room F11-105
TB1-F-F11-105-2,TBCV1-F-F11-105,Room F11-105
TB1-F-F11-105-3,TBCV1-F-F11-105,Room F11-105
TB1-F-F11-105-4,TBCV1-F-F11-105,Room F11-105
TB1-F-F11-106-1,TBCV1-F-F11-106,Room F11-106
TB1-F-F11-106-2,TBCV1-F-F11-106,Room F11-106
TB1-F-F11-106-3,TBCV1-F-F11-106,Room F11-106
TB1-F-F11-106-4,TBCV1-F-F11-106,Room F11-106
TB1-F-F11-107-1,TBCV1-F-F11-107,Room F11-107
TB1-F-F11-107-2,TBCV1-F-F11-107,Room F11-107
TB1-F-F11-107-3,TBCV1-F-F11-107,Room F11-107
TB1-F-F11-107-4,TBCV1-F-F11-107,Room F11-107
TB1-F-F11-108-1,TBCV1-F-F11-108,Room F11-108
TB1-F-F11-108-2,TBCV1-F-F11-108,Room F11-108
TB1-F-F11-108-3,TBCV1-F-F11-108,Room F11-108
TB1-F-F11-108-4,TBCV1-F-F11-108,Room F11-108
TB1-F-F11-109-1,TBCV1-F-F11-109,Room F11-109
TB1-F-F11-109-2,TBCV1-F-F11-109,Room F11-109
TB1-F-F11-109-3,TBCV1-F-F11-109,Room F11-109
TB1-F-F11-109-4,TBCV1-F-F11-109,Room F11-109
TB1-F-F11-110-1,TBCV1-F-F11-110,Room F11-110
TB1-F-F11-110-2,TBCV1-F-F11-110,Room F11-110
TB1-F-F11-110-3,TBCV1-F-F11-110,Room F11-110
TB1-F-F11-110-4,TBCV1-F-F11-110,Room F11-110
TB1-F-F11-111-1,TBCV1-F-F11-111,Room F11-111
TB1-F-F11-111-2,TBCV1-F-F11-111,Room F11-111
TB1-F-F11-111-3,TBCV1-F-F11-111,Room F11-111
TB1-F-F11-111-4,TBCV1-F-F11-111,Room F11-111
TB1-F-F11-112-1,TBCV1-F-F11-112,Room F11-112
TB1-F-F11-112-2,TBCV1-F-F11-112,Room F11-112
TB1-F-F11-112-3,TBCV1-F-F11-112,Room F11-112
TB1-F-F11-112-4,TBCV1-F-F11-112,Room F11-112
TB1-F-F12-001-1,TBCV1-F-F12-001,Room F12-001
TB1-F-F12-001-2,TBCV1-F-F12-001,Room F12-001
TB1-F-F12-001-3,TBCV1-F-F12-001,Room F12-001
TB1-F-F12-001-4,TBCV1-F-F12-001,Room F12-001
TB1-F-F12-001-5,TBCV1-F-F12-001,Room F12-001
TB1-F-F12-002-1,TBCV1-F-F12-002,Room F12-002
TB1-F-F12-002-2,TBCV1-F-F12-002,Room F12-002
TB1-F-F12-002-3,TBCV1-F-F12-002,Room F12-002
TB1-F-F12-002-4,TBCV1-F-F12-002,Room F12-002
TB1-F-F12-002-5,TBCV1-F-F12-002,Room F12-002
TB1-F-F12-003-1,TBCV1-F-F12-003,Room F12-003
TB1-F-F12-003-2,TBCV1-F-F12-003,Room F12-003
TB1-F-F12-003-3,TBCV1-F-F12-003,Room F12-003
TB1-F-F12-003-4,TBCV1-F-F12-003,Room F12-003
TB1-F-F12-003-5,TBCV1-F-F12-003,Room F12-003
TB1-F-F12-004-1,TBCV1-F-F12-004,Room F12-004
TB1-F-F12-004-2,TBCV1-F-F12-004,Room F12-004
TB1-F-F12-004-3,TBCV1-F-F12-004,Room F12-004
TB1-F-F12-004-4,TBCV1-F-F12-004,Room F12-004
TB1-F-F12-004-5,TBCV1-F-F12-004,Room F12-004
TB1-F-F12-005-1,TBCV1-F-F12-005,Room F12-005
TB1-F-F12-005-2,TBCV1-F-F12-005,Room F12-005
TB1-F-F12-005-3,TBCV1-F-F12-005,Room F12-005
TB1-F-F12-005-4,TBCV1-F-F12-005,Room F12-005
TB1-F-F12-005-5,TBCV1-F-F12-005,Room F12-005
TB1-F-F12-006-1,TBCV1-F-F12-006,Room F12-006
TB1-F-F12-006-2,TBCV1-F-F12-006,Room F12-006
TB1-F-F12-006-3,TBCV1-F-F12-006,Room F12-006
TB1-F-F12-006-4,TBCV1-F-F12-006,Room F12-006
TB1-F-F12-006-5,TBCV1-F-F12-006,Room F12-006
TB1-F-F12-007-1,TBCV1-F-F12-007,Room F12-007
TB1-F-F12-007-2,TBCV1-F-F12-007,Room F12-007
TB1-F-F12-007-3,TBCV1-F-F12-007,Room F12-007
TB1-F-F12-007-4,TBCV1-F-F12-007,Room F12-007
TB1-F-F12-007-5,TBCV1-F-F12-007,Room F12-007
TB1-F-F12-008-1,TBCV1-F-F12-008,Room F12-008
TB1-F-F12-008-2,TBCV1-F-F12-008,Room F12-008
TB1-F-F12-008-3,TBCV1-F-F12-008,Room F12-008
TB1-F-F12-008-4,TBCV1-F-F12-008,Room F12-008
TB1-F-F12-008-5,TBCV1-F-F12-008,Room F12-008
TB1-F-F12-009-1,TBCV1-F-F12-009,Room F12-009
TB1-F-F12-009-2,TBCV1-F-F12-009,Room F12-009
TB1-F-F12-009-3,TBCV1-F-F12-009,Room F12-009
TB1-F-F12-009-4,TBCV1-F-F12-009,Room F12-009
TB1-F-F12-009-5,TBCV1-F-F12-009,Room F12-009
TB1-F-F12-010-1,TBCV1-F-F12-010,Room F12-010
TB1-F-F12-010-2,TBCV1-F-F12-010,Room F12-010
TB1-F-F12-010-3,TBCV1-F-F12-010,Room F12-010
TB1-F-F12-010-4,TBCV1-F-F12-010,Room F12-010
TB1-F-F12-010-5,TBCV1-F-F12-010,Room F12-010
TB1-F-F12-011-1,TBCV1-F-F12-011,Room F12-011
TB1-F-F12-011-2,TBCV1-F-F12-011,Room F12-011
TB1-F-F12-011-3,TBCV1-F-F12-011,Room F12-011
TB1-F-F12-011-4,TBCV1-F-F12-011,Room F12-011
TB1-F-F12-011-5,TBCV1-F-F12-011,Room F12-011
TB1-F-F12-012-1,TBCV1-F-F12-012,Room F12-012
TB1-F-F12-012-2,TBCV1-F-F12-012,Room F12-012
TB1-F-F12-012-3,TBCV1-F-F12-012,Room F12-012
TB1-F-F12-012-4,TBCV1-F-F12-012,Room F12-012
TB1-F-F12-012-5,TBCV1-F-F12-012,Room F12-012
TB1-F-F12-101-1,TBCV1-F-F12-101,Room F12-101
TB1-F-F12-101-2,TBCV1-F-F12-101,Room F12-101
TB1-F-F12-101-3,TBCV1-F-F12-101,Room F12-101
TB1-F-F12-101-4,TBCV1-F-F12-101,Room F12-101
TB1-F-F12-102-1,TBCV1-F-F12-102,Room F12-102
TB1-F-F12-102-2,TBCV1-F-F12-102,Room F12-102
TB1-F-F12-102-3,TBCV1-F-F12-102,Room F12-102
TB1-F-F12-102-4,TBCV1-F-F12-102,Room F12-102
TB1-F-F12-103-1,TBCV1-F-F12-103,Room F12-103
TB1-F-F12-103-2,TBCV1-F-F12-103,Room F12-103
TB1-F-F12-103-3,TBCV1-F-F12-103,Room F12-103
TB1-F-F12-103-4,TBCV1-F-F12-103,Room F12-103
TB1-F-F12-104-1,TBCV1-F-F12-104,Room F12-104
TB1-F-F12-104-2,TBCV1-F-F12-104,Room F12-104
TB1-F-F12-104-3,TBCV1-F-F12-104,Room F12-104
TB1-F-F12-104-4,TBCV1-F-F12-104,Room F12-104
TB1-F-F12-105-1,TBCV1-F-F12-105,Room F12-105
TB1-F-F12-105-2,TBCV1-F-F12-105,Room F12-105
TB1-F-F12-105-3,TBCV1-F-F12-105,Room F12-105
TB1-F-F12-105-4,TBCV1-F-F12-105,Room F12-105
TB1-F-F12-106-1,TBCV1-F-F12-106,Room F12-106
TB1-F-F12-106-2,TBCV1-F-F12-106,Room F12-106
TB1-F-F12-106-3,TBCV1-F-F12-106,Room F12-106
TB1-F-F12-106-4,TBCV1-F-F12-106,Room F12-106
TB1-F-F12-107-1,TBCV1-F-F12-107,Room F12-107
TB1-F-F12-107-2,TBCV1-F-F12-107,Room F12-107
TB1-F-F12-107-3,TBCV1-F-F12-107,Room F12-107
TB1-F-F12-107-4,TBCV1-F-F12-107,Room F12-107
TB1-F-F12-108-1,TBCV1-F-F12-108,Room F12-108
TB1-F-F12-108-2,TBCV1-F-F12-108,Room F12-108
TB1-F-F12-108-3,TBCV1-F-F12-108,Room F12-108
TB1-F-F12-108-4,TBCV1-F-F12-108,Room F12-108
TB1-F-F12-109-1,TBCV1-F-F12-109,Room F12-109
TB1-F-F12-109-2,TBCV1-F-F12-109,Room F12-109
TB1-F-F12-109-3,TBCV1-F-F12-109,Room F12-109
TB1-F-F12-109-4,TBCV1-F-F12-109,Room F12-109
TB1-F-F12-110-1,TBCV1-F-F12-110,Room F12-110
TB1-F-F12-110-2,TBCV1-F-F12-110,Room F12-110
TB1-F-F12-110-3,TBCV1-F-F12-110,Room F12-110
TB1-F-F12-110-4,TBCV1-F-F12-110,Room F12-110
TB1-F-F12-111-1,TBCV1-F-F12-111,Room F12-111
TB1-F-F12-111-2,TBCV1-F-F12-111,Room F12-111
TB1-F-F12-111-3,TBCV1-F-F12-111,Room F12-111
TB1-F-F12-111-4,TBCV1-F-F12-111,Room F12-111
TB1-F-F12-112-1,TBCV1-F-F12-112,Room F12-112
TB1-F-F12-112-2,TBCV1-F-F12-112,Room F12-112
TB1-F-F12-112-3,TBCV1-F-F12-112,Room F12-112
TB1-F-F12-112-4,TBCV1-F-F12-112,Room F12-112
TB1-F-F13-001-1,TBCV1-F-F13-001,Room F13-001
TB1-F-F13-001-2,TBCV1-F-F13-001,Room F13-001
TB1-F-F13-001-3,TBCV1-F-F13-001,Room F13-001
TB1-F-F13-001-4,TBCV1-F-F13-001,Room F13-001
TB1-F-F13-001-5,TBCV1-F-F13-001,Room F13-001
TB1-F-F13-002-1,TBCV1-F-F13-002,Room F13-002
TB1-F-F13-002-2,TBCV1-F-F13-002,Room F13-002
TB1-F-F13-002-3,TBCV1-F-F13-002,Room F13-002
TB1-F-F13-002-4,TBCV1-F-F13-002,Room F13-002
TB1-F-F13-002-5,TBCV1-F-F13-002,Room F13-002
TB1-F-F13-003-1,TBCV1-F-F13-003,Room F13-003
TB1-F-F13-003-2,TBCV1-F-F13-003,Room F13-003
TB1-F-F13-003-3,TBCV1-F-F13-003,Room F13-003
TB1-F-F13-003-4,TBCV1-F-F13-003,Room F13-003
TB1-F-F13-003-5,TBCV1-F-F13-003,Room F13-003
TB1-F-F13-004-1,TBCV1-F-F13-004,Room F13-004
TB1-F-F13-004-2,TBCV1-F-F13-004,Room F13-004
TB1-F-F13-004-3,TBCV1-F-F13-004,Room F13-004
TB1-F-F13-004-4,TBCV1-F-F13-004,Room F13-004
TB1-F-F13-004-5,TBCV1-F-F13-004,Room F13-004
TB1-F-F13-005-1,TBCV1-F-F13-005,Room F13-005
TB1-F-F13-005-2,TBCV1-F-F13-005,Room F13-005
TB1-F-F13-005-3,TBCV1-F-F13-005,Room F13-005
TB1-F-F13-005-4,TBCV1-F-F13-005,Room F13-005
TB1-F-F13-005-5,TBCV1-F-F13-005,Room F13-005
TB1-F-F13-006-1,TBCV1-F-F13-006,Room F13-006
TB1-F-F13-006-2,TBCV1-F-F13-006,Room F13-006
TB1-F-F13-006-3,TBCV1-F-F13-006,Room F13-006
TB1-F-F13-006-4,TBCV1-F-F13-006,Room F13-006
TB1-F-F13-006-5,TBCV1-F-F13-006,Room F13-006
TB1-F-F13-007-1,TBCV1-F-F13-007,Room F13-007
TB1-F-F13-007-2,TBCV1-F-F13-007,Room F13-007
TB1-F-F13-007-3,TBCV1-F-F13-007,Room F13-007
TB1-F-F13-007-4,TBCV1-F-F13-007,Room F13-007
TB1-F-F13-007-5,TBCV1-F-F13-007,Room F13-007
TB1-F-F13-008-1,TBCV1-F-F13-008,Room F13-008
TB1-F-F13-008-2,TBCV1-F-F13-008,Room F13-008
TB1-F-F13-008-3,TBCV1-F-F13-008,Room F13-008
TB1-F-F13-008-4,TBCV1-F-F13-008,Room F13-008
TB1-F-F13-008-5,TBCV1-F-F13-008,Room F13-008
TB1-F-F13-009-1,TBCV1-F-F13-009,Room F13-009
TB1-F-F13-009-2,TBCV1-F-F13-009,Room F13-009
TB1-F-F13-009-3,TBCV1-F-F13-009,Room F13-009
TB1-F-F13-009-4,TBCV1-F-F13-009,Room F13-009
TB1-F-F13-009-5,TBCV1-F-F13-009,Room F13-009
TB1-F-F13-010-1,TBCV1-F-F13-010,Room F13-010
TB1-F-F13-010-2,TBCV1-F-F13-010,Room F13-010
TB1-F-F13-010-3,TBCV1-F-F13-010,Room F13-010
TB1-F-F13-010-4,TBCV1-F-F13-010,Room F13-010
TB1-F-F13-010-5,TBCV1-F-F13-010,Room F13-010
TB1-F-F13-011-1,TBCV1-F-F13-011,Room F13-011
TB1-F-F13-011-2,TBCV1-F-F13-011,Room F13-011
TB1-F-F13-011-3,TBCV1-F-F13-011,Room F13-011
TB1-F-F13-011-4,TBCV1-F-F13-011,Room F13-011
TB1-F-F13-011-5,TBCV1-F-F13-011,Room F13-011
TB1-F-F13-012-1,TBCV1-F-F13-012,Room F13-012
TB1-F-F13-012-2,TBCV1-F-F13-012,Room F13-012
TB1-F-F13-012-3,TBCV1-F-F13-012,Room F13-012
TB1-F-F13-012-4,TBCV1-F-F13-012,Room F13-012
TB1-F-F13-012-5,TBCV1-F-F13-012,Room F13-012
TB1-F-F13-101-1,TBCV1-F-F13-101,Room F13-101
TB1-F-F13-101-2,TBCV1-F-F13-101,Room F13-101
TB1-F-F13-101-3,TBCV1-F-F13-101,Room F13-101
TB1-F-F13-101-4,TBCV1-F-F13-101,Room F13-101
TB1-F-F13-102-1,TBCV1-F-F13-102,Room F13-102
TB1-F-F13-102-2,TBCV1-F-F13-102,Room F13-102
TB1-F-F13-102-3,TBCV1-F-F13-102,Room F13-102
TB1-F-F13-102-4,TBCV1-F-F13-102,Room F13-102
TB1-F-F13-103-1,TBCV1-F-F13-103,Room F13-103
TB1-F-F13-103-2,TBCV1-F-F13-103,Room F13-103
TB1-F-F13-103-3,TBCV1-F-F13-103,Room F13-103
TB1-F-F13-103-4,TBCV1-F-F13-103,Room F13-103
TB1-F-F13-104-1,TBCV1-F-F13-104,Room F13-104
TB1-F-F13-104-2,TBCV1-F-F13-104,Room F13-104
TB1-F-F13-104-3,TBCV1-F-F13-104,Room F13-104
TB1-F-F13-104-4,TBCV1-F-F13-104,Room F13-104
TB1-F-F13-105-1,TBCV1-F-F13-105,Room F13-105
TB1-F-F13-105-2,TBCV1-F-F13-105,Room F13-105
TB1-F-F13-105-3,TBCV1-F-F13-105,Room F13-105
TB1-F-F13-105-4,TBCV1-F-F13-105,Room F13-105
TB1-F-F13-106-1,TBCV1-F-F13-106,Room F13-106
TB1-F-F13-106-2,TBCV1-F-F13-106,Room F13-106
TB1-F-F13-106-3,TBCV1-F-F13-106,Room F13-106
TB1-F-F13-106-4,TBCV1-F-F13-106,Room F13-106
TB1-F-F13-107-1,TBCV1-F-F13-107,Room F13-107
TB1-F-F13-107-2,TBCV1-F-F13-107,Room F13-107
TB1-F-F13-107-3,TBCV1-F-F13-107,Room F13-107
TB1-F-F13-107-4,TBCV1-F-F13-107,Room F13-107
TB1-F-F13-108-1,TBCV1-F-F13-108,Room F13-108
TB1-F-F13-108-2,TBCV1-F-F13-108,Room F13-108
TB1-F-F13-108-3,TBCV1-F-F13-108,Room F13-108
TB1-F-F13-108-4,TBCV1-F-F13-108,Room F13-108
TB1-F-F13-109-1,TBCV1-F-F13-109,Room F13-109
TB1-F-F13-109-2,TBCV1-F-F13-109,Room F13-109
TB1-F-F13-109-3,TBCV1-F-F13-109,Room F13-109
TB1-F-F13-109-4,TBCV1-F-F13-109,Room F13-109
TB1-F-F13-110-1,TBCV1-F-F13-110,Room F13-110
TB1-F-F13-110-2,TBCV1-F-F13-110,Room F13-110
TB1-F-F13-110-3,TBCV1-F-F13-110,Room F13-110
TB1-F-F13-110-4,TBCV1-F-F13-110,Room F13-110
TB1-F-F13-111-1,TBCV1-F-F13-111,Room F13-111
TB1-F-F13-111-2,TBCV1-F-F13-111,Room F13-111
TB1-F-F13-111-3,TBCV1-F-F13-111,Room F13-111
TB1-F-F13-111-4,TBCV1-F-F13-111,Room F13-111
TB1-F-F13-112-1,TBCV1-F-F13-112,Room F13-112
TB1-F-F13-112-2,TBCV1-F-F13-112,Room F13-112
TB1-F-F13-112-3,TBCV1-F-F13-112,Room F13-112
TB1-F-F13-112-4,TBCV1-F-F13-112,Room F13-112
TB1-F-F14-001-1,TBCV1-F-F14-001,Room F14-001
TB1-F-F14-001-2,TBCV1-F-F14-001,Room F14-001
TB1-F-F14-001-3,TBCV1-F-F14-001,Room F14-001
TB1-F-F14-001-4,TBCV1-F-F14-001,Room F14-001
TB1-F-F14-001-5,TBCV1-F-F14-001,Room F14-001
TB1-F-F14-002-1,TBCV1-F-F14-002,Room F14-002
TB1-F-F14-002-2,TBCV1-F-F14-002,Room F14-002
TB1-F-F14-002-3,TBCV1-F-F14-002,Room F14-002
TB1-F-F14-002-4,TBCV1-F-F14-002,Room F14-002
TB1-F-F14-002-5,TBCV1-F-F14-002,Room F14-002
TB1-F-F14-003-1,TBCV1-F-F14-003,Room F14-003
TB1-F-F14-003-2,TBCV1-F-F14-003,Room F14-003
TB1-F-F14-003-3,TBCV1-F-F14-003,Room F14-003
TB1-F-F14-003-4,TBCV1-F-F14-003,Room F14-003
TB1-F-F14-003-5,TBCV1-F-F14-003,Room F14-003
TB1-F-F14-004-1,TBCV1-F-F14-004,Room F14-004
TB1-F-F14-004-2,TBCV1-F-F14-004,Room F14-004
TB1-F-F14-004-3,TBCV1-F-F14-004,Room F14-004
TB1-F-F14-004-4,TBCV1-F-F14-004,Room F14-004
TB1-F-F14-004-5,TBCV1-F-F14-004,Room F14-004
TB1-F-F14-005-1,TBCV1-F-F14-005,Room F14-005
TB1-F-F14-005-2,TBCV1-F-F14-005,Room F14-005
TB1-F-F14-005-3,TBCV1-F-F14-005,Room F14-005
TB1-F-F14-005-4,TBCV1-F-F14-005,Room F14-005
TB1-F-F14-005-5,TBCV1-F-F14-005,Room F14-005
TB1-F-F14-006-1,TBCV1-F-F14-006,Room F14-006
TB1-F-F14-006-2,TBCV1-F-F14-006,Room F14-006
TB1-F-F14-006-3,TBCV1-F-F14-006,Room F14-006
TB1-F-F14-006-4,TBCV1-F-F14-006,Room F14-006
TB1-F-F14-006-5,TBCV1-F-F14-006,Room F14-006
TB1-F-F14-007-1,TBCV1-F-F14-007,Room F14-007
TB1-F-F14-007-2,TBCV1-F-F14-007,Room F14-007
TB1-F-F14-007-3,TBCV1-F-F14-007,Room F14-007
TB1-F-F14-007-4,TBCV1-F-F14-007,Room F14-007
TB1-F-F14-007-5,TBCV1-F-F14-007,Room F14-007
TB1-F-F14-008-1,TBCV1-F-F14-008,Room F14-008
TB1-F-F14-008-2,TBCV1-F-F14-008,Room F14-008
TB1-F-F14-008-3,TBCV1-F-F14-008,Room F14-008
TB1-F-F14-008-4,TBCV1-F-F14-008,Room F14-008
TB1-F-F14-008-5,TBCV1-F-F14-008,Room F14-008
TB1-F-F14-009-1,TBCV1-F-F14-009,Room F14-009
TB1-F-F14-009-2,TBCV1-F-F14-009,Room F14-009
TB1-F-F14-009-3,TBCV1-F-F14-009,Room F14-009
TB1-F-F14-009-4,TBCV1-F-F14-009,Room F14-009
TB1-F-F14-009-5,TBCV1-F-F14-009,Room F14-009
TB1-F-F14-010-1,TBCV1-F-F14-010,Room F14-010
TB1-F-F14-010-2,TBCV1-F-F14-010,Room F14-010
TB1-F-F14-010-3,TBCV1-F-F14-010,Room F14-010
TB1-F-F14-010-4,TBCV1-F-F14-010,Room F14-010
TB1-F-F14-010-5,TBCV1-F-F14-010,Room F14-010
TB1-F-F14-011-1,TBCV1-F-F14-011,Room F14-011
TB1-F-F14-011-2,TBCV1-F-F14-011,Room F14-011
TB1-F-F14-011-3,TBCV1-F-F14-011,Room F14-011
TB1-F-F14-011-4,TBCV1-F-F14-011,Room F14-011
TB1-F-F14-011-5,TBCV1-F-F14-011,Room F14-011
TB1-F-F14-012-1,TBCV1-F-F14-012,Room F14-012
TB1-F-F14-012-2,TBCV1-F-F14-012,Room F14-012
TB1-F-F14-012-3,TBCV1-F-F14-012,Room F14-012
TB1-F-F14-012-4,TBCV1-F-F14-012,Room F14-012
TB1-F-F14-012-5,TBCV1-F-F14-012,Room F14-012
TB1-F-F14-101-1,TBCV1-F-F14-101,Room F14-101
TB1-F-F14-101-2,TBCV1-F-F14-101,Room F14-101
TB1-F-F14-101-3,TBCV1-F-F14-101,Room F14-101
TB1-F-F14-101-4,TBCV1-F-F14-101,Room F14-101
TB1-F-F14-102-1,TBCV1-F-F14-102,Room F14-102
TB1-F-F14-102-2,TBCV1-F-F14-102,Room F14-102
TB1-F-F14-102-3,TBCV1-F-F14-102,Room F14-102
TB1-F-F14-102-4,TBCV1-F-F14-102,Room F14-102
TB1-F-F14-103-1,TBCV1-F-F14-103,Room F14-103
TB1-F-F14-103-2,TBCV1-F-F14-103,Room F14-103
TB1-F-F14-103-3,TBCV1-F-F14-103,Room F14-103
TB1-F-F14-103-4,TBCV1-F-F14-103,Room F14-103
TB1-F-F14-104-1,TBCV1-F-F14-104,Room F14-104
TB1-F-F14-104-2,TBCV1-F-F14-104,Room F14-104
TB1-F-F14-104-3,TBCV1-F-F14-104,Room F14-104
TB1-F-F14-104-4,TBCV1-F-F14-104,Room F14-104
TB1-F-F14-105-1,TBCV1-F-F14-105,Room F14-105
TB1-F-F14-105-2,TBCV1-F-F14-105,Room F14-105
TB1-F-F14-105-3,TBCV1-F-F14-105,Room F14-105
TB1-F-F14-105-4,TBCV1-F-F14-105,Room F14-105
TB1-F-F14-106-1,TBCV1-F-F14-106,Room F14-106
TB1-F-F14-106-2,TBCV1-F-F14-106,Room F14-106
TB1-F-F14-106-3,TBCV1-F-F14-106,Room F14-106
TB1-F-F14-106-4,TBCV1-F-F14-106,Room F14-106
TB1-F-F14-107-1,TBCV1-F-F14-107,Room F14-107
TB1-F-F14-107-2,TBCV1-F-F14-107,Room F14-107
TB1-F-F14-107-3,TBCV1-F-F14-107,Room F14-107
TB1-F-F14-107-4,TBCV1-F-F14-107,Room F14-107
TB1-F-F14-108-1,TBCV1-F-F14-108,Room F14-108
TB1-F-F14-108-2,TBCV1-F-F14-108,Room F14-108
TB1-F-F14-108-3,TBCV1-F-F14-108,Room F14-108
TB1-F-F14-108-4,TBCV1-F-F14-108,Room F14-108
TB1-F-F14-109-1,TBCV1-F-F14-109,Room F14-109
TB1-F-F14-109-2,TBCV1-F-F14-109,Room F14-109
TB1-F-F14-109-3,TBCV1-F-F14-109,Room F14-109
TB1-F-F14-109-4,TBCV1-F-F14-109,Room F14-109
TB1-F-F14-110-1,TBCV1-F-F14-110,Room F14-110
TB1-F-F14-110-2,TBCV1-F-F14-110,Room F14-110
TB1-F-F14-110-3,TBCV1-F-F14-110,Room F14-110
TB1-F-F14-110-4,TBCV1-F-F14-110,Room F14-110
TB1-F-F14-111-1,TBCV1-F-F14-111,Room F14-111
TB1-F-F14-111-2,TBCV1-F-F14-111,Room F14-111
TB1-F-F14-111-3,TBCV1-F-F14-111,Room F14-111
TB1-F-F14-111-4,TBCV1-F-F14-111,Room F14-111
TB1-F-F14-112-1,TBCV1-F-F14-112,Room F14-112
TB1-F-F14-112-2,TBCV1-F-F14-112,Room F14-112
TB1-F-F14-112-3,TBCV1-F-F14-112,Room F14-112
TB1-F-F14-112-4,TBCV1-F-F14-112,Room F14-112
TB1-F-F15-001-1,TBCV1-F-F15-001,Room F15-001
TB1-F-F15-001-2,TBCV1-F-F15-001,Room F15-001
TB1-F-F15-001-3,TBCV1-F-F15-001,Room F15-001
TB1-F-F15-001-4,TBCV1-F-F15-001,Room F15-001
TB1-F-F15-001-5,TBCV1-F-F15-001,Room F15-001
TB1-F-F15-002-1,TBCV1-F-F15-002,Room F15-002
TB1-F-F15-002-2,TBCV1-F-F15-002,Room F15-002
TB1-F-F15-002-3,TBCV1-F-F15-002,Room F15-002
TB1-F-F15-002-4,TBCV1-F-F15-002,Room F15-002
TB1-F-F15-002-5,TBCV1-F-F15-002,Room F15-002
TB1-F-F15-003-1,TBCV1-F-F15-003,Room F15-003
TB1-F-F15-003-2,TBCV1-F-F15-003,Room F15-003
TB1-F-F15-003-3,TBCV1-F-F15-003,Room F15-003
TB1-F-F15-003-4,TBCV1-F-F15-003,Room F15-003
TB1-F-F15-003-5,TBCV1-F-F15-003,Room F15-003
TB1-F-F15-004-1,TBCV1-F-F15-004,Room F15-004
TB1-F-F15-004-2,TBCV1-F-F15-004,Room F15-004
TB1-F-F15-004-3,TBCV1-F-F15-004,Room F15-004
TB1-F-F15-004-4,TBCV1-F-F15-004,Room F15-004
TB1-F-F15-004-5,TBCV1-F-F15-004,Room F15-004
TB1-F-F15-005-1,TBCV1-F-F15-005,Room F15-005
TB1-F-F15-005-2,TBCV1-F-F15-005,Room F15-005
TB1-F-F15-005-3,TBCV1-F-F15-005,Room F15-005
TB1-F-F15-005-4,TBCV1-F-F15-005,Room F15-005
TB1-F-F15-005-5,TBCV1-F-F15-005,Room F15-005
TB1-F-F15-006-1,TBCV1-F-F15-006,Room F15-006
TB1-F-F15-006-2,TBCV1-F-F15-006,Room F15-006
TB1-F-F15-006-3,TBCV1-F-F15-006,Room F15-006
TB1-F-F15-006-4,TBCV1-F-F15-006,Room F15-006
TB1-F-F15-006-5,TBCV1-F-F15-006,Room F15-006
TB1-F-F15-007-1,TBCV1-F-F15-007,Room F15-007
TB1-F-F15-007-2,TBCV1-F-F15-007,Room F15-007
TB1-F-F15-007-3,TBCV1-F-F15-007,Room F15-007
TB1-F-F15-007-4,TBCV1-F-F15-007,Room F15-007
TB1-F-F15-007-5,TBCV1-F-F15-007,Room F15-007
TB1-F-F15-008-1,TBCV1-F-F15-008,Room F15-008
TB1-F-F15-008-2,TBCV1-F-F15-008,Room F15-008
TB1-F-F15-008-3,TBCV1-F-F15-008,Room F15-008
TB1-F-F15-008-4,TBCV1-F-F15-008,Room F15-008
TB1-F-F15-008-5,TBCV1-F-F15-008,Room F15-008
TB1-F-F15-009-1,TBCV1-F-F15-009,Room F15-009
TB1-F-F15-009-2,TBCV1-F-F15-009,Room F15-009
TB1-F-F15-009-3,TBCV1-F-F15-009,Room F15-009
TB1-F-F15-009-4,TBCV1-F-F15-009,Room F15-009
TB1-F-F15-009-5,TBCV1-F-F15-009,Room F15-009
TB1-F-F15-010-1,TBCV1-F-F15-010,Room F15-010
TB1-F-F15-010-2,TBCV1-F-F15-010,Room F15-010
TB1-F-F15-010-3,TBCV1-F-F15-010,Room F15-010
TB1-F-F15-010-4,TBCV1-F-F15-010,Room F15-010
TB1-F-F15-010-5,TBCV1-F-F15-010,Room F15-010
TB1-F-F15-011-1,TBCV1-F-F15-011,Room F15-011
TB1-F-F15-011-2,TBCV1-F-F15-011,Room F15-011
TB1-F-F15-011-3,TBCV1-F-F15-011,Room F15-011
TB1-F-F15-011-4,TBCV1-F-F15-011,Room F15-011
TB1-F-F15-011-5,TBCV1-F-F15-011,Room F15-011
TB1-F-F15-012-1,TBCV1-F-F15-012,Room F15-012
TB1-F-F15-012-2,TBCV1-F-F15-012,Room F15-012
TB1-F-F15-012-3,TBCV1-F-F15-012,Room F15-012
TB1-F-F15-012-4,TBCV1-F-F15-012,Room F15-012
TB1-F-F15-012-5,TBCV1-F-F15-012,Room F15-012
TB1-F-F15-101-1,TBCV1-F-F15-101,Room F15-101
TB1-F-F15-101-2,TBCV1-F-F15-101,Room F15-101
TB1-F-F15-101-3,TBCV1-F-F15-101,Room F15-101
TB1-F-F15-101-4,TBCV1-F-F15-101,Room F15-101
TB1-F-F15-102-1,TBCV1-F-F15-102,Room F15-102
TB1-F-F15-102-2,TBCV1-F-F15-102,Room F15-102
TB1-F-F15-102-3,TBCV1-F-F15-102,Room F15-102
TB1-F-F15-102-4,TBCV1-F-F15-102,Room F15-102
TB1-F-F15-103-1,TBCV1-F-F15-103,Room F15-103
TB1-F-F15-103-2,TBCV1-F-F15-103,Room F15-103
TB1-F-F15-103-3,TBCV1-F-F15-103,Room F15-103
TB1-F-F15-103-4,TBCV1-F-F15-103,Room F15-103
TB1-F-F15-104-1,TBCV1-F-F15-104,Room F15-104
TB1-F-F15-104-2,TBCV1-F-F15-104,Room F15-104
TB1-F-F15-104-3,TBCV1-F-F15-104,Room F15-104
TB1-F-F15-104-4,TBCV1-F-F15-104,Room F15-104
TB1-F-F15-105-1,TBCV1-F-F15-105,Room F15-105
TB1-F-F15-105-2,TBCV1-F-F15-105,Room F15-105
TB1-F-F15-105-3,TBCV1-F-F15-105,Room F15-105
TB1-F-F15-105-4,TBCV1-F-F15-105,Room F15-105
TB1-F-F15-106-1,TBCV1-F-F15-106,Room F15-106
TB1-F-F15-106-2,TBCV1-F-F15-106,Room F15-106
TB1-F-F15-106-3,TBCV1-F-F15-106,Room F15-106
TB1-F-F15-106-4,TBCV1-F-F15-106,Room F15-106
TB1-F-F15-107-1,TBCV1-F-F15-107,Room F15-107
TB1-F-F15-107-2,TBCV1-F-F15-107,Room F15-107
TB1-F-F15-107-3,TBCV1-F-F15-107,Room F15-107
TB1-F-F15-107-4,TBCV1-F-F15-107,Room F15-107
TB1-F-F15-108-1,TBCV1-F-F15-108,Room F15-108
TB1-F-F15-108-2,TBCV1-F-F15-108,Room F15-108
TB1-F-F15-108-3,TBCV1-F-F15-108,Room F15-108
TB1-F-F15-108-4,TBCV1-F-F15-108,Room F15-108
TB1-F-F15-109-1,TBCV1-F-F15-109,Room F15-109
TB1-F-F15-109-2,TBCV1-F-F15-109,Room F15-109
TB1-F-F15-109-3,TBCV1-F-F15-109,Room F15-109
TB1-F-F15-109-4,TBCV1-F-F15-109,Room F15-109
TB1-F-F15-110-1,TBCV1-F-F15-110,Room F15-110
TB1-F-F15-110-2,TBCV1-F-F15-110,Room F15-110
TB1-F-F15-110-3,TBCV1-F-F15-110,Room F15-110
TB1-F-F15-110-4,TBCV1-F-F15-110,Room F15-110
TB1-F-F15-111-1,TBCV1-F-F15-111,Room F15-111
TB1-F-F15-111-2,TBCV1-F-F15-111,Room F15-111
TB1-F-F15-111-3,TBCV1-F-F15-111,Room F15-111
TB1-F-F15-111-4,TBCV1-F-F15-111,Room F15-111
TB1-F-F15-112-1,TBCV1-F-F15-112,Room F15-112
TB1-F-F15-112-2,TBCV1-F-F15-112,Room F15-112
TB1-F-F15-112-3,TBCV1-F-F15-112,Room F15-112
TB1-F-F15-112-4,TBCV1-F-F15-112,Room F15-112
TB1-F-F16-001-1,TBCV1-F-F16-001,Room F16-001
TB1-F-F16-001-2,TBCV1-F-F16-001,Room F16-001
TB1-F-F16-001-3,TBCV1-F-F16-001,Room F16-001
TB1-F-F16-001-4,TBCV1-F-F16-001,Room F16-001
TB1-F-F16-001-5,TBCV1-F-F16-001,Room F16-001
TB1-F-F16-002-1,TBCV1-F-F16-002,Room F16-002
TB1-F-F16-002-2,TBCV1-F-F16-002,Room F16-002
TB1-F-F16-002-3,TBCV1-F-F16-002,Room F16-002
TB1-F-F16-002-4,TBCV1-F-F16-002,Room F16-002
TB1-F-F16-002-5,TBCV1-F-F16-002,Room F16-002
TB1-F-F16-003-1,TBCV1-F-F16-003,Room F16-003
TB1-F-F16-003-2,TBCV1-F-F16-003,Room F16-003
TB1-F-F16-003-3,TBCV1-F-F16-003,Room F16-003
TB1-F-F16-003-4,TBCV1-F-F16-003,Room F16-003
TB1-F-F16-003-5,TBCV1-F-F16-003,Room F16-003
TB1-F-F16-004-1,TBCV1-F-F16-004,Room F16-004
TB1-F-F16-004-2,TBCV1-F-F16-004,Room F16-004
TB1-F-F16-004-3,TBCV1-F-F16-004,Room F16-004
TB1-F-F16-004-4,TBCV1-F-F16-004,Room F16-004
TB1-F-F16-004-5,TBCV1-F-F16-004,Room F16-004
TB1-F-F16-005-1,TBCV1-F-F16-005,Room F16-005
TB1-F-F16-005-2,TBCV1-F-F16-005,Room F16-005
TB1-F-F16-005-3,TBCV1-F-F16-005,Room F16-005
TB1-F-F16-005-4,TBCV1-F-F16-005,Room F16-005
TB1-F-F16-005-5,TBCV1-F-F16-005,Room F16-005
TB1-F-F16-006-1,TBCV1-F-F16-006,Room F16-006
TB1-F-F16-006-2,TBCV1-F-F16-006,Room F16-006
TB1-F-F16-006-3,TBCV1-F-F16-006,Room F16-006
TB1-F-F16-006-4,TBCV1-F-F16-006,Room F16-006
TB1-F-F16-006-5,TBCV1-F-F16-006,Room F16-006
TB1-F-F16-007-1,TBCV1-F-F16-007,Room F16-007
TB1-F-F16-007-2,TBCV1-F-F16-007,Room F16-007
TB1-F-F16-007-3,TBCV1-F-F16-007,Room F16-007
TB1-F-F16-007-4,TBCV1-F-F16-007,Room F16-007
TB1-F-F16-007-5,TBCV1-F-F16-007,Room F16-007
TB1-F-F16-008-1,TBCV1-F-F16-008,Room F16-008
TB1-F-F16-008-2,TBCV1-F-F16-008,Room F16-008
TB1-F-F16-008-3,TBCV1-F-F16-008,Room F16-008
TB1-F-F16-008-4,TBCV1-F-F16-008,Room F16-008
TB1-F-F16-008-5,TBCV1-F-F16-008,Room F16-008
TB1-F-F16-009-1,TBCV1-F-F16-009,Room F16-009
TB1-F-F16-009-2,TBCV1-F-F16-009,Room F16-009
TB1-F-F16-009-3,TBCV1-F-F16-009,Room F16-009
TB1-F-F16-009-4,TBCV1-F-F16-009,Room F16-009
TB1-F-F16-009-5,TBCV1-F-F16-009,Room F16-009
TB1-F-F16-010-1,TBCV1-F-F16-010,Room F16-010
TB1-F-F16-010-2,TBCV1-F-F16-010,Room F16-010
TB1-F-F16-010-3,TBCV1-F-F16-010,Room F16-010
TB1-F-F16-010-4,TBCV1-F-F16-010,Room F16-010
TB1-F-F16-010-5,TBCV1-F-F16-010,Room F16-010
TB1-F-F16-011-1,TBCV1-F-F16-011,Room F16-011
TB1-F-F16-011-2,TBCV1-F-F16-011,Room F16-011
TB1-F-F16-011-3,TBCV1-F-F16-011,Room F16-011
TB1-F-F16-011-4,TBCV1-F-F16-011,Room F16-011
TB1-F-F16-011-5,TBCV1-F-F16-011,Room F16-011
TB1-F-F16-012-1,TBCV1-F-F16-012,Room F16-012
TB1-F-F16-012-2,TBCV1-F-F16-012,Room F16-012
TB1-F-F16-012-3,TBCV1-F-F16-012,Room F16-012
TB1-F-F16-012-4,TBCV1-F-F16-012,Room F16-012
TB1-F-F16-012-5,TBCV1-F-F16-012,Room F16-012
TB1-F-F16-101-1,TBCV1-F-F16-101,Room F16-101
TB1-F-F16-101-2,TBCV1-F-F16-101,Room F16-101
TB1-F-F16-101-3,TBCV1-F-F16-101,Room F16-101
TB1-F-F16-101-4,TBCV1-F-F16-101,Room F16-101
TB1-F-F16-102-1,TBCV1-F-F16-102,Room F16-102
TB1-F-F16-102-2,TBCV1-F-F16-102,Room F16-102
TB1-F-F16-102-3,TBCV1-F-F16-102,Room F16-102
TB1-F-F16-102-4,TBCV1-F-F16-102,Room F16-102
TB1-F-F16-103-1,TBCV1-F-F16-103,Room F16-103
TB1-F-F16-103-2,TBCV1-F-F16-103,Room F16-103
TB1-F-F16-103-3,TBCV1-F-F16-103,Room F16-103
TB1-F-F16-103-4,TBCV1-F-F16-103,Room F16-103
TB1-F-F16-104-1,TBCV1-F-F16-104,Room F16-104
TB1-F-F16-104-2,TBCV1-F-F16-104,Room F16-104
TB1-F-F16-104-3,TBCV1-F-F16-104,Room F16-104
TB1-F-F16-104-4,TBCV1-F-F16-104,Room F16-104
TB1-F-F16-105-1,TBCV1-F-F16-105,Room F16-105
TB1-F-F16-105-2,TBCV1-F-F16-105,Room F16-105
TB1-F-F16-105-3,TBCV1-F-F16-105,Room F16-105
TB1-F-F16-105-4,TBCV1-F-F16-105,Room F16-105
TB1-F-F16-106-1,TBCV1-F-F16-106,Room F16-106
TB1-F-F16-106-2,TBCV1-F-F16-106,Room F16-106
TB1-F-F16-106-3,TBCV1-F-F16-106,Room F16-106
TB1-F-F16-106-4,TBCV1-F-F16-106,Room F16-106
TB1-F-F16-107-1,TBCV1-F-F16-107,Room F16-107
TB1-F-F16-107-2,TBCV1-F-F16-107,Room F16-107
TB1-F-F16-107-3,TBCV1-F-F16-107,Room F16-107
TB1-F-F16-107-4,TBCV1-F-F16-107,Room F16-107
TB1-F-F16-108-1,TBCV1-F-F16-108,Room F16-108
TB1-F-F16-108-2,TBCV1-F-F16-108,Room F16-108
TB1-F-F16-108-3,TBCV1-F-F16-108,Room F16-108
TB1-F-F16-108-4,TBCV1-F-F16-108,Room F16-108
TB1-F-F16-109-1,TBCV1-F-F16-109,Room F16-109
TB1-F-F16-109-2,TBCV1-F-F16-109,Room F16-109
TB1-F-F16-109-3,TBCV1-F-F16-109,Room F16-109
TB1-F-F16-109-4,TBCV1-F-F16-109,Room F16-109
TB1-F-F16-110-1,TBCV1-F-F16-110,Room F16-110
TB1-F-F16-110-2,TBCV1-F-F16-110,Room F16-110
TB1-F-F16-110-3,TBCV1-F-F16-110,Room F16-110
TB1-F-F16-110-4,TBCV1-F-F16-110,Room F16-110
TB1-F-F16-111-1,TBCV1-F-F16-111,Room F16-111
TB1-F-F16-111-2,TBCV1-F-F16-111,Room F16-111
TB1-F-F16-111-3,TBCV1-F-F16-111,Room F16-111
TB1-F-F16-111-4,TBCV1-F-F16-111,Room F16-111
TB1-F-F16-112-1,TBCV1-F-F16-112,Room F16-112
TB1-F-F16-112-2,TBCV1-F-F16-112,Room F16-112
TB1-F-F16-112-3,TBCV1-F-F16-112,Room F16-112
TB1-F-F16-112-4,TBCV1-F-F16-112,Room F16-112
TB1-E-E01-001-1,TBCV1-E-E01-001,Room E01-001
TB1-E-E01-001-2,TBCV1-E-E01-001,Room E01-001
TB1-E-E01-001-3,TBCV1-E-E01-001,Room E01-001
TB1-E-E01-001-4,TBCV1-E-E01-001,Room E01-001
TB1-E-E01-001-5,TBCV1-E-E01-001,Room E01-001
TB1-E-E01-002-1,TBCV1-E-E01-002,Room E01-002
TB1-E-E01-002-2,TBCV1-E-E01-002,Room E01-002
TB1-E-E01-002-3,TBCV1-E-E01-002,Room E01-002
TB1-E-E01-002-4,TBCV1-E-E01-002,Room E01-002
TB1-E-E01-002-5,TBCV1-E-E01-002,Room E01-002
TB1-E-E01-003-1,TBCV1-E-E01-003,Room E01-003
TB1-E-E01-003-2,TBCV1-E-E01-003,Room E01-003
TB1-E-E01-003-3,TBCV1-E-E01-003,Room E01-003
TB1-E-E01-003-4,TBCV1-E-E01-003,Room E01-003
TB1-E-E01-003-5,TBCV1-E-E01-003,Room E01-003
TB1-E-E01-004-1,TBCV1-E-E01-004,Room E01-004
TB1-E-E01-004-2,TBCV1-E-E01-004,Room E01-004
TB1-E-E01-004-3,TBCV1-E-E01-004,Room E01-004
TB1-E-E01-004-4,TBCV1-E-E01-004,Room E01-004
TB1-E-E01-004-5,TBCV1-E-E01-004,Room E01-004
TB1-E-E01-005-1,TBCV1-E-E01-005,Room E01-005
TB1-E-E01-005-2,TBCV1-E-E01-005,Room E01-005
TB1-E-E01-005-3,TBCV1-E-E01-005,Room E01-005
TB1-E-E01-005-4,TBCV1-E-E01-005,Room E01-005
TB1-E-E01-005-5,TBCV1-E-E01-005,Room E01-005
TB1-E-E01-006-1,TBCV1-E-E01-006,Room E01-006
TB1-E-E01-006-2,TBCV1-E-E01-006,Room E01-006
TB1-E-E01-006-3,TBCV1-E-E01-006,Room E01-006
TB1-E-E01-006-4,TBCV1-E-E01-006,Room E01-006
TB1-E-E01-006-5,TBCV1-E-E01-006,Room E01-006
TB1-E-E01-007-1,TBCV1-E-E01-007,Room E01-007
TB1-E-E01-007-2,TBCV1-E-E01-007,Room E01-007
TB1-E-E01-007-3,TBCV1-E-E01-007,Room E01-007
TB1-E-E01-007-4,TBCV1-E-E01-007,Room E01-007
TB1-E-E01-007-5,TBCV1-E-E01-007,Room E01-007
TB1-E-E01-008-1,TBCV1-E-E01-008,Room E01-008
TB1-E-E01-008-2,TBCV1-E-E01-008,Room E01-008
TB1-E-E01-008-3,TBCV1-E-E01-008,Room E01-008
TB1-E-E01-008-4,TBCV1-E-E01-008,Room E01-008
TB1-E-E01-008-5,TBCV1-E-E01-008,Room E01-008
TB1-E-E01-009-1,TBCV1-E-E01-009,Room E01-009
TB1-E-E01-009-2,TBCV1-E-E01-009,Room E01-009
TB1-E-E01-009-3,TBCV1-E-E01-009,Room E01-009
TB1-E-E01-009-4,TBCV1-E-E01-009,Room E01-009
TB1-E-E01-009-5,TBCV1-E-E01-009,Room E01-009
TB1-E-E01-010-1,TBCV1-E-E01-010,Room E01-010
TB1-E-E01-010-2,TBCV1-E-E01-010,Room E01-010
TB1-E-E01-010-3,TBCV1-E-E01-010,Room E01-010
TB1-E-E01-010-4,TBCV1-E-E01-010,Room E01-010
TB1-E-E01-010-5,TBCV1-E-E01-010,Room E01-010
TB1-E-E01-011-1,TBCV1-E-E01-011,Room E01-011
TB1-E-E01-011-2,TBCV1-E-E01-011,Room E01-011
TB1-E-E01-011-3,TBCV1-E-E01-011,Room E01-011
TB1-E-E01-011-4,TBCV1-E-E01-011,Room E01-011
TB1-E-E01-011-5,TBCV1-E-E01-011,Room E01-011
TB1-E-E01-012-1,TBCV1-E-E01-012,Room E01-012
TB1-E-E01-012-2,TBCV1-E-E01-012,Room E01-012
TB1-E-E01-012-3,TBCV1-E-E01-012,Room E01-012
TB1-E-E01-012-4,TBCV1-E-E01-012,Room E01-012
TB1-E-E01-012-5,TBCV1-E-E01-012,Room E01-012
TB1-E-E01-101-1,TBCV1-E-E01-101,Room E01-101
TB1-E-E01-101-2,TBCV1-E-E01-101,Room E01-101
TB1-E-E01-101-3,TBCV1-E-E01-101,Room E01-101
TB1-E-E01-101-4,TBCV1-E-E01-101,Room E01-101
TB1-E-E01-102-1,TBCV1-E-E01-102,Room E01-102
TB1-E-E01-102-2,TBCV1-E-E01-102,Room E01-102
TB1-E-E01-102-3,TBCV1-E-E01-102,Room E01-102
TB1-E-E01-102-4,TBCV1-E-E01-102,Room E01-102
TB1-E-E01-103-1,TBCV1-E-E01-103,Room E01-103
TB1-E-E01-103-2,TBCV1-E-E01-103,Room E01-103
TB1-E-E01-103-3,TBCV1-E-E01-103,Room E01-103
TB1-E-E01-103-4,TBCV1-E-E01-103,Room E01-103
TB1-E-E01-104-1,TBCV1-E-E01-104,Room E01-104
TB1-E-E01-104-2,TBCV1-E-E01-104,Room E01-104
TB1-E-E01-104-3,TBCV1-E-E01-104,Room E01-104
TB1-E-E01-104-4,TBCV1-E-E01-104,Room E01-104
TB1-E-E01-105-1,TBCV1-E-E01-105,Room E01-105
TB1-E-E01-105-2,TBCV1-E-E01-105,Room E01-105
TB1-E-E01-105-3,TBCV1-E-E01-105,Room E01-105
TB1-E-E01-105-4,TBCV1-E-E01-105,Room E01-105
TB1-E-E01-106-1,TBCV1-E-E01-106,Room E01-106
TB1-E-E01-106-2,TBCV1-E-E01-106,Room E01-106
TB1-E-E01-106-3,TBCV1-E-E01-106,Room E01-106
TB1-E-E01-106-4,TBCV1-E-E01-106,Room E01-106
TB1-E-E01-107-1,TBCV1-E-E01-107,Room E01-107
TB1-E-E01-107-2,TBCV1-E-E01-107,Room E01-107
TB1-E-E01-107-3,TBCV1-E-E01-107,Room E01-107
TB1-E-E01-107-4,TBCV1-E-E01-107,Room E01-107
TB1-E-E01-108-1,TBCV1-E-E01-108,Room E01-108
TB1-E-E01-108-2,TBCV1-E-E01-108,Room E01-108
TB1-E-E01-108-3,TBCV1-E-E01-108,Room E01-108
TB1-E-E01-108-4,TBCV1-E-E01-108,Room E01-108
TB1-E-E01-109-1,TBCV1-E-E01-109,Room E01-109
TB1-E-E01-109-2,TBCV1-E-E01-109,Room E01-109
TB1-E-E01-109-3,TBCV1-E-E01-109,Room E01-109
TB1-E-E01-109-4,TBCV1-E-E01-109,Room E01-109
TB1-E-E01-110-1,TBCV1-E-E01-110,Room E01-110
TB1-E-E01-110-2,TBCV1-E-E01-110,Room E01-110
TB1-E-E01-110-3,TBCV1-E-E01-110,Room E01-110
TB1-E-E01-110-4,TBCV1-E-E01-110,Room E01-110
TB1-E-E01-111-1,TBCV1-E-E01-111,Room E01-111
TB1-E-E01-111-2,TBCV1-E-E01-111,Room E01-111
TB1-E-E01-111-3,TBCV1-E-E01-111,Room E01-111
TB1-E-E01-111-4,TBCV1-E-E01-111,Room E01-111
TB1-E-E01-112-1,TBCV1-E-E01-112,Room E01-112
TB1-E-E01-112-2,TBCV1-E-E01-112,Room E01-112
TB1-E-E01-112-3,TBCV1-E-E01-112,Room E01-112
TB1-E-E01-112-4,TBCV1-E-E01-112,Room E01-112
TB1-E-E02-001-1,TBCV1-E-E02-001,Room E02-001
TB1-E-E02-001-2,TBCV1-E-E02-001,Room E02-001
TB1-E-E02-001-3,TBCV1-E-E02-001,Room E02-001
TB1-E-E02-001-4,TBCV1-E-E02-001,Room E02-001
TB1-E-E02-001-5,TBCV1-E-E02-001,Room E02-001
TB1-E-E02-002-1,TBCV1-E-E02-002,Room E02-002
TB1-E-E02-002-2,TBCV1-E-E02-002,Room E02-002
TB1-E-E02-002-3,TBCV1-E-E02-002,Room E02-002
TB1-E-E02-002-4,TBCV1-E-E02-002,Room E02-002
TB1-E-E02-002-5,TBCV1-E-E02-002,Room E02-002
TB1-E-E02-003-1,TBCV1-E-E02-003,Room E02-003
TB1-E-E02-003-2,TBCV1-E-E02-003,Room E02-003
TB1-E-E02-003-3,TBCV1-E-E02-003,Room E02-003
TB1-E-E02-003-4,TBCV1-E-E02-003,Room E02-003
TB1-E-E02-003-5,TBCV1-E-E02-003,Room E02-003
TB1-E-E02-004-1,TBCV1-E-E02-004,Room E02-004
TB1-E-E02-004-2,TBCV1-E-E02-004,Room E02-004
TB1-E-E02-004-3,TBCV1-E-E02-004,Room E02-004
TB1-E-E02-004-4,TBCV1-E-E02-004,Room E02-004
TB1-E-E02-004-5,TBCV1-E-E02-004,Room E02-004
TB1-E-E02-005-1,TBCV1-E-E02-005,Room E02-005
TB1-E-E02-005-2,TBCV1-E-E02-005,Room E02-005
TB1-E-E02-005-3,TBCV1-E-E02-005,Room E02-005
TB1-E-E02-005-4,TBCV1-E-E02-005,Room E02-005
TB1-E-E02-005-5,TBCV1-E-E02-005,Room E02-005
TB1-E-E02-006-1,TBCV1-E-E02-006,Room E02-006
TB1-E-E02-006-2,TBCV1-E-E02-006,Room E02-006
TB1-E-E02-006-3,TBCV1-E-E02-006,Room E02-006
TB1-E-E02-006-4,TBCV1-E-E02-006,Room E02-006
TB1-E-E02-006-5,TBCV1-E-E02-006,Room E02-006
TB1-E-E02-007-1,TBCV1-E-E02-007,Room E02-007
TB1-E-E02-007-2,TBCV1-E-E02-007,Room E02-007
TB1-E-E02-007-3,TBCV1-E-E02-007,Room E02-007
TB1-E-E02-007-4,TBCV1-E-E02-007,Room E02-007
TB1-E-E02-007-5,TBCV1-E-E02-007,Room E02-007
TB1-E-E02-008-1,TBCV1-E-E02-008,Room E02-008
TB1-E-E02-008-2,TBCV1-E-E02-008,Room E02-008
TB1-E-E02-008-3,TBCV1-E-E02-008,Room E02-008
TB1-E-E02-008-4,TBCV1-E-E02-008,Room E02-008
TB1-E-E02-008-5,TBCV1-E-E02-008,Room E02-008
TB1-E-E02-009-1,TBCV1-E-E02-009,Room E02-009
TB1-E-E02-009-2,TBCV1-E-E02-009,Room E02-009
TB1-E-E02-009-3,TBCV1-E-E02-009,Room E02-009
TB1-E-E02-009-4,TBCV1-E-E02-009,Room E02-009
TB1-E-E02-009-5,TBCV1-E-E02-009,Room E02-009
TB1-E-E02-010-1,TBCV1-E-E02-010,Room E02-010
TB1-E-E02-010-2,TBCV1-E-E02-010,Room E02-010
TB1-E-E02-010-3,TBCV1-E-E02-010,Room E02-010
TB1-E-E02-010-4,TBCV1-E-E02-010,Room E02-010
TB1-E-E02-010-5,TBCV1-E-E02-010,Room E02-010
TB1-E-E02-011-1,TBCV1-E-E02-011,Room E02-011
TB1-E-E02-011-2,TBCV1-E-E02-011,Room E02-011
TB1-E-E02-011-3,TBCV1-E-E02-011,Room E02-011
TB1-E-E02-011-4,TBCV1-E-E02-011,Room E02-011
TB1-E-E02-011-5,TBCV1-E-E02-011,Room E02-011
TB1-E-E02-012-1,TBCV1-E-E02-012,Room E02-012
TB1-E-E02-012-2,TBCV1-E-E02-012,Room E02-012
TB1-E-E02-012-3,TBCV1-E-E02-012,Room E02-012
TB1-E-E02-012-4,TBCV1-E-E02-012,Room E02-012
TB1-E-E02-012-5,TBCV1-E-E02-012,Room E02-012
TB1-E-E02-101-1,TBCV1-E-E02-101,Room E02-101
TB1-E-E02-101-2,TBCV1-E-E02-101,Room E02-101
TB1-E-E02-101-3,TBCV1-E-E02-101,Room E02-101
TB1-E-E02-101-4,TBCV1-E-E02-101,Room E02-101
TB1-E-E02-102-1,TBCV1-E-E02-102,Room E02-102
TB1-E-E02-102-2,TBCV1-E-E02-102,Room E02-102
TB1-E-E02-102-3,TBCV1-E-E02-102,Room E02-102
TB1-E-E02-102-4,TBCV1-E-E02-102,Room E02-102
TB1-E-E02-103-1,TBCV1-E-E02-103,Room E02-103
TB1-E-E02-103-2,TBCV1-E-E02-103,Room E02-103
TB1-E-E02-103-3,TBCV1-E-E02-103,Room E02-103
TB1-E-E02-103-4,TBCV1-E-E02-103,Room E02-103
TB1-E-E02-104-1,TBCV1-E-E02-104,Room E02-104
TB1-E-E02-104-2,TBCV1-E-E02-104,Room E02-104
TB1-E-E02-104-3,TBCV1-E-E02-104,Room E02-104
TB1-E-E02-104-4,TBCV1-E-E02-104,Room E02-104
TB1-E-E02-105-1,TBCV1-E-E02-105,Room E02-105
TB1-E-E02-105-2,TBCV1-E-E02-105,Room E02-105
TB1-E-E02-105-3,TBCV1-E-E02-105,Room E02-105
TB1-E-E02-105-4,TBCV1-E-E02-105,Room E02-105
TB1-E-E02-106-1,TBCV1-E-E02-106,Room E02-106
TB1-E-E02-106-2,TBCV1-E-E02-106,Room E02-106
TB1-E-E02-106-3,TBCV1-E-E02-106,Room E02-106
TB1-E-E02-106-4,TBCV1-E-E02-106,Room E02-106
TB1-E-E02-107-1,TBCV1-E-E02-107,Room E02-107
TB1-E-E02-107-2,TBCV1-E-E02-107,Room E02-107
TB1-E-E02-107-3,TBCV1-E-E02-107,Room E02-107
TB1-E-E02-107-4,TBCV1-E-E02-107,Room E02-107
TB1-E-E02-108-1,TBCV1-E-E02-108,Room E02-108
TB1-E-E02-108-2,TBCV1-E-E02-108,Room E02-108
TB1-E-E02-108-3,TBCV1-E-E02-108,Room E02-108
TB1-E-E02-108-4,TBCV1-E-E02-108,Room E02-108
TB1-E-E02-109-1,TBCV1-E-E02-109,Room E02-109
TB1-E-E02-109-2,TBCV1-E-E02-109,Room E02-109
TB1-E-E02-109-3,TBCV1-E-E02-109,Room E02-109
TB1-E-E02-109-4,TBCV1-E-E02-109,Room E02-109
TB1-E-E02-110-1,TBCV1-E-E02-110,Room E02-110
TB1-E-E02-110-2,TBCV1-E-E02-110,Room E02-110
TB1-E-E02-110-3,TBCV1-E-E02-110,Room E02-110
TB1-E-E02-110-4,TBCV1-E-E02-110,Room E02-110
TB1-E-E02-111-1,TBCV1-E-E02-111,Room E02-111
TB1-E-E02-111-2,TBCV1-E-E02-111,Room E02-111
TB1-E-E02-111-3,TBCV1-E-E02-111,Room E02-111
TB1-E-E02-111-4,TBCV1-E-E02-111,Room E02-111
TB1-E-E02-112-1,TBCV1-E-E02-112,Room E02-112
TB1-E-E02-112-2,TBCV1-E-E02-112,Room E02-112
TB1-E-E02-112-3,TBCV1-E-E02-112,Room E02-112
TB1-E-E02-112-4,TBCV1-E-E02-112,Room E02-112
TB1-E-E03-001-1,TBCV1-E-E03-001,Room E03-001
TB1-E-E03-001-2,TBCV1-E-E03-001,Room E03-001
TB1-E-E03-001-3,TBCV1-E-E03-001,Room E03-001
TB1-E-E03-001-4,TBCV1-E-E03-001,Room E03-001
TB1-E-E03-001-5,TBCV1-E-E03-001,Room E03-001
TB1-E-E03-002-1,TBCV1-E-E03-002,Room E03-002
TB1-E-E03-002-2,TBCV1-E-E03-002,Room E03-002
TB1-E-E03-002-3,TBCV1-E-E03-002,Room E03-002
TB1-E-E03-002-4,TBCV1-E-E03-002,Room E03-002
TB1-E-E03-002-5,TBCV1-E-E03-002,Room E03-002
TB1-E-E03-003-1,TBCV1-E-E03-003,Room E03-003
TB1-E-E03-003-2,TBCV1-E-E03-003,Room E03-003
TB1-E-E03-003-3,TBCV1-E-E03-003,Room E03-003
TB1-E-E03-003-4,TBCV1-E-E03-003,Room E03-003
TB1-E-E03-003-5,TBCV1-E-E03-003,Room E03-003
TB1-E-E03-004-1,TBCV1-E-E03-004,Room E03-004
TB1-E-E03-004-2,TBCV1-E-E03-004,Room E03-004
TB1-E-E03-004-3,TBCV1-E-E03-004,Room E03-004
TB1-E-E03-004-4,TBCV1-E-E03-004,Room E03-004
TB1-E-E03-004-5,TBCV1-E-E03-004,Room E03-004
TB1-E-E03-005-1,TBCV1-E-E03-005,Room E03-005
TB1-E-E03-005-2,TBCV1-E-E03-005,Room E03-005
TB1-E-E03-005-3,TBCV1-E-E03-005,Room E03-005
TB1-E-E03-005-4,TBCV1-E-E03-005,Room E03-005
TB1-E-E03-005-5,TBCV1-E-E03-005,Room E03-005
TB1-E-E03-006-1,TBCV1-E-E03-006,Room E03-006
TB1-E-E03-006-2,TBCV1-E-E03-006,Room E03-006
TB1-E-E03-006-3,TBCV1-E-E03-006,Room E03-006
TB1-E-E03-006-4,TBCV1-E-E03-006,Room E03-006
TB1-E-E03-006-5,TBCV1-E-E03-006,Room E03-006
TB1-E-E03-007-1,TBCV1-E-E03-007,Room E03-007
TB1-E-E03-007-2,TBCV1-E-E03-007,Room E03-007
TB1-E-E03-007-3,TBCV1-E-E03-007,Room E03-007
TB1-E-E03-007-4,TBCV1-E-E03-007,Room E03-007
TB1-E-E03-007-5,TBCV1-E-E03-007,Room E03-007
TB1-E-E03-008-1,TBCV1-E-E03-008,Room E03-008
TB1-E-E03-008-2,TBCV1-E-E03-008,Room E03-008
TB1-E-E03-008-3,TBCV1-E-E03-008,Room E03-008
TB1-E-E03-008-4,TBCV1-E-E03-008,Room E03-008
TB1-E-E03-008-5,TBCV1-E-E03-008,Room E03-008
TB1-E-E03-009-1,TBCV1-E-E03-009,Room E03-009
TB1-E-E03-009-2,TBCV1-E-E03-009,Room E03-009
TB1-E-E03-009-3,TBCV1-E-E03-009,Room E03-009
TB1-E-E03-009-4,TBCV1-E-E03-009,Room E03-009
TB1-E-E03-009-5,TBCV1-E-E03-009,Room E03-009
TB1-E-E03-010-1,TBCV1-E-E03-010,Room E03-010
TB1-E-E03-010-2,TBCV1-E-E03-010,Room E03-010
TB1-E-E03-010-3,TBCV1-E-E03-010,Room E03-010
TB1-E-E03-010-4,TBCV1-E-E03-010,Room E03-010
TB1-E-E03-010-5,TBCV1-E-E03-010,Room E03-010
TB1-E-E03-011-1,TBCV1-E-E03-011,Room E03-011
TB1-E-E03-011-2,TBCV1-E-E03-011,Room E03-011
TB1-E-E03-011-3,TBCV1-E-E03-011,Room E03-011
TB1-E-E03-011-4,TBCV1-E-E03-011,Room E03-011
TB1-E-E03-011-5,TBCV1-E-E03-011,Room E03-011
TB1-E-E03-012-1,TBCV1-E-E03-012,Room E03-012
TB1-E-E03-012-2,TBCV1-E-E03-012,Room E03-012
TB1-E-E03-012-3,TBCV1-E-E03-012,Room E03-012
TB1-E-E03-012-4,TBCV1-E-E03-012,Room E03-012
TB1-E-E03-012-5,TBCV1-E-E03-012,Room E03-012
TB1-E-E03-101-1,TBCV1-E-E03-101,Room E03-101
TB1-E-E03-101-2,TBCV1-E-E03-101,Room E03-101
TB1-E-E03-101-3,TBCV1-E-E03-101,Room E03-101
TB1-E-E03-101-4,TBCV1-E-E03-101,Room E03-101
TB1-E-E03-102-1,TBCV1-E-E03-102,Room E03-102
TB1-E-E03-102-2,TBCV1-E-E03-102,Room E03-102
TB1-E-E03-102-3,TBCV1-E-E03-102,Room E03-102
TB1-E-E03-102-4,TBCV1-E-E03-102,Room E03-102
TB1-E-E03-103-1,TBCV1-E-E03-103,Room E03-103
TB1-E-E03-103-2,TBCV1-E-E03-103,Room E03-103
TB1-E-E03-103-3,TBCV1-E-E03-103,Room E03-103
TB1-E-E03-103-4,TBCV1-E-E03-103,Room E03-103
TB1-E-E03-104-1,TBCV1-E-E03-104,Room E03-104
TB1-E-E03-104-2,TBCV1-E-E03-104,Room E03-104
TB1-E-E03-104-3,TBCV1-E-E03-104,Room E03-104
TB1-E-E03-104-4,TBCV1-E-E03-104,Room E03-104
TB1-E-E03-105-1,TBCV1-E-E03-105,Room E03-105
TB1-E-E03-105-2,TBCV1-E-E03-105,Room E03-105
TB1-E-E03-105-3,TBCV1-E-E03-105,Room E03-105
TB1-E-E03-105-4,TBCV1-E-E03-105,Room E03-105
TB1-E-E03-106-1,TBCV1-E-E03-106,Room E03-106
TB1-E-E03-106-2,TBCV1-E-E03-106,Room E03-106
TB1-E-E03-106-3,TBCV1-E-E03-106,Room E03-106
TB1-E-E03-106-4,TBCV1-E-E03-106,Room E03-106
TB1-E-E03-107-1,TBCV1-E-E03-107,Room E03-107
TB1-E-E03-107-2,TBCV1-E-E03-107,Room E03-107
TB1-E-E03-107-3,TBCV1-E-E03-107,Room E03-107
TB1-E-E03-107-4,TBCV1-E-E03-107,Room E03-107
TB1-E-E03-108-1,TBCV1-E-E03-108,Room E03-108
TB1-E-E03-108-2,TBCV1-E-E03-108,Room E03-108
TB1-E-E03-108-3,TBCV1-E-E03-108,Room E03-108
TB1-E-E03-108-4,TBCV1-E-E03-108,Room E03-108
TB1-E-E03-109-1,TBCV1-E-E03-109,Room E03-109
TB1-E-E03-109-2,TBCV1-E-E03-109,Room E03-109
TB1-E-E03-109-3,TBCV1-E-E03-109,Room E03-109
TB1-E-E03-109-4,TBCV1-E-E03-109,Room E03-109
TB1-E-E03-110-1,TBCV1-E-E03-110,Room E03-110
TB1-E-E03-110-2,TBCV1-E-E03-110,Room E03-110
TB1-E-E03-110-3,TBCV1-E-E03-110,Room E03-110
TB1-E-E03-110-4,TBCV1-E-E03-110,Room E03-110
TB1-E-E03-111-1,TBCV1-E-E03-111,Room E03-111
TB1-E-E03-111-2,TBCV1-E-E03-111,Room E03-111
TB1-E-E03-111-3,TBCV1-E-E03-111,Room E03-111
TB1-E-E03-111-4,TBCV1-E-E03-111,Room E03-111
TB1-E-E03-112-1,TBCV1-E-E03-112,Room E03-112
TB1-E-E03-112-2,TBCV1-E-E03-112,Room E03-112
TB1-E-E03-112-3,TBCV1-E-E03-112,Room E03-112
TB1-E-E03-112-4,TBCV1-E-E03-112,Room E03-112
TB1-E-E04-001-1,TBCV1-E-E04-001,Room E04-001
TB1-E-E04-001-2,TBCV1-E-E04-001,Room E04-001
TB1-E-E04-001-3,TBCV1-E-E04-001,Room E04-001
TB1-E-E04-001-4,TBCV1-E-E04-001,Room E04-001
TB1-E-E04-001-5,TBCV1-E-E04-001,Room E04-001
TB1-E-E04-002-1,TBCV1-E-E04-002,Room E04-002
TB1-E-E04-002-2,TBCV1-E-E04-002,Room E04-002
TB1-E-E04-002-3,TBCV1-E-E04-002,Room E04-002
TB1-E-E04-002-4,TBCV1-E-E04-002,Room E04-002
TB1-E-E04-002-5,TBCV1-E-E04-002,Room E04-002
TB1-E-E04-003-1,TBCV1-E-E04-003,Room E04-003
TB1-E-E04-003-2,TBCV1-E-E04-003,Room E04-003
TB1-E-E04-003-3,TBCV1-E-E04-003,Room E04-003
TB1-E-E04-003-4,TBCV1-E-E04-003,Room E04-003
TB1-E-E04-003-5,TBCV1-E-E04-003,Room E04-003
TB1-E-E04-004-1,TBCV1-E-E04-004,Room E04-004
TB1-E-E04-004-2,TBCV1-E-E04-004,Room E04-004
TB1-E-E04-004-3,TBCV1-E-E04-004,Room E04-004
TB1-E-E04-004-4,TBCV1-E-E04-004,Room E04-004
TB1-E-E04-004-5,TBCV1-E-E04-004,Room E04-004
TB1-E-E04-005-1,TBCV1-E-E04-005,Room E04-005
TB1-E-E04-005-2,TBCV1-E-E04-005,Room E04-005
TB1-E-E04-005-3,TBCV1-E-E04-005,Room E04-005
TB1-E-E04-005-4,TBCV1-E-E04-005,Room E04-005
TB1-E-E04-005-5,TBCV1-E-E04-005,Room E04-005
TB1-E-E04-006-1,TBCV1-E-E04-006,Room E04-006
TB1-E-E04-006-2,TBCV1-E-E04-006,Room E04-006
TB1-E-E04-006-3,TBCV1-E-E04-006,Room E04-006
TB1-E-E04-006-4,TBCV1-E-E04-006,Room E04-006
TB1-E-E04-006-5,TBCV1-E-E04-006,Room E04-006
TB1-E-E04-007-1,TBCV1-E-E04-007,Room E04-007
TB1-E-E04-007-2,TBCV1-E-E04-007,Room E04-007
TB1-E-E04-007-3,TBCV1-E-E04-007,Room E04-007
TB1-E-E04-007-4,TBCV1-E-E04-007,Room E04-007
TB1-E-E04-007-5,TBCV1-E-E04-007,Room E04-007
TB1-E-E04-008-1,TBCV1-E-E04-008,Room E04-008
TB1-E-E04-008-2,TBCV1-E-E04-008,Room E04-008
TB1-E-E04-008-3,TBCV1-E-E04-008,Room E04-008
TB1-E-E04-008-4,TBCV1-E-E04-008,Room E04-008
TB1-E-E04-008-5,TBCV1-E-E04-008,Room E04-008
TB1-E-E04-009-1,TBCV1-E-E04-009,Room E04-009
TB1-E-E04-009-2,TBCV1-E-E04-009,Room E04-009
TB1-E-E04-009-3,TBCV1-E-E04-009,Room E04-009
TB1-E-E04-009-4,TBCV1-E-E04-009,Room E04-009
TB1-E-E04-009-5,TBCV1-E-E04-009,Room E04-009
TB1-E-E04-010-1,TBCV1-E-E04-010,Room E04-010
TB1-E-E04-010-2,TBCV1-E-E04-010,Room E04-010
TB1-E-E04-010-3,TBCV1-E-E04-010,Room E04-010
TB1-E-E04-010-4,TBCV1-E-E04-010,Room E04-010
TB1-E-E04-010-5,TBCV1-E-E04-010,Room E04-010
TB1-E-E04-011-1,TBCV1-E-E04-011,Room E04-011
TB1-E-E04-011-2,TBCV1-E-E04-011,Room E04-011
TB1-E-E04-011-3,TBCV1-E-E04-011,Room E04-011
TB1-E-E04-011-4,TBCV1-E-E04-011,Room E04-011
TB1-E-E04-011-5,TBCV1-E-E04-011,Room E04-011
TB1-E-E04-012-1,TBCV1-E-E04-012,Room E04-012
TB1-E-E04-012-2,TBCV1-E-E04-012,Room E04-012
TB1-E-E04-012-3,TBCV1-E-E04-012,Room E04-012
TB1-E-E04-012-4,TBCV1-E-E04-012,Room E04-012
TB1-E-E04-012-5,TBCV1-E-E04-012,Room E04-012
TB1-E-E04-101-1,TBCV1-E-E04-101,Room E04-101
TB1-E-E04-101-2,TBCV1-E-E04-101,Room E04-101
TB1-E-E04-101-3,TBCV1-E-E04-101,Room E04-101
TB1-E-E04-101-4,TBCV1-E-E04-101,Room E04-101
TB1-E-E04-102-1,TBCV1-E-E04-102,Room E04-102
TB1-E-E04-102-2,TBCV1-E-E04-102,Room E04-102
TB1-E-E04-102-3,TBCV1-E-E04-102,Room E04-102
TB1-E-E04-102-4,TBCV1-E-E04-102,Room E04-102
TB1-E-E04-103-1,TBCV1-E-E04-103,Room E04-103
TB1-E-E04-103-2,TBCV1-E-E04-103,Room E04-103
TB1-E-E04-103-3,TBCV1-E-E04-103,Room E04-103
TB1-E-E04-103-4,TBCV1-E-E04-103,Room E04-103
TB1-E-E04-104-1,TBCV1-E-E04-104,Room E04-104
TB1-E-E04-104-2,TBCV1-E-E04-104,Room E04-104
TB1-E-E04-104-3,TBCV1-E-E04-104,Room E04-104
TB1-E-E04-104-4,TBCV1-E-E04-104,Room E04-104
TB1-E-E04-105-1,TBCV1-E-E04-105,Room E04-105
TB1-E-E04-105-2,TBCV1-E-E04-105,Room E04-105
TB1-E-E04-105-3,TBCV1-E-E04-105,Room E04-105
TB1-E-E04-105-4,TBCV1-E-E04-105,Room E04-105
TB1-E-E04-106-1,TBCV1-E-E04-106,Room E04-106
TB1-E-E04-106-2,TBCV1-E-E04-106,Room E04-106
TB1-E-E04-106-3,TBCV1-E-E04-106,Room E04-106
TB1-E-E04-106-4,TBCV1-E-E04-106,Room E04-106
TB1-E-E04-107-1,TBCV1-E-E04-107,Room E04-107
TB1-E-E04-107-2,TBCV1-E-E04-107,Room E04-107
TB1-E-E04-107-3,TBCV1-E-E04-107,Room E04-107
TB1-E-E04-107-4,TBCV1-E-E04-107,Room E04-107
TB1-E-E04-108-1,TBCV1-E-E04-108,Room E04-108
TB1-E-E04-108-2,TBCV1-E-E04-108,Room E04-108
TB1-E-E04-108-3,TBCV1-E-E04-108,Room E04-108
TB1-E-E04-108-4,TBCV1-E-E04-108,Room E04-108
TB1-E-E04-109-1,TBCV1-E-E04-109,Room E04-109
TB1-E-E04-109-2,TBCV1-E-E04-109,Room E04-109
TB1-E-E04-109-3,TBCV1-E-E04-109,Room E04-109
TB1-E-E04-109-4,TBCV1-E-E04-109,Room E04-109
TB1-E-E04-110-1,TBCV1-E-E04-110,Room E04-110
TB1-E-E04-110-2,TBCV1-E-E04-110,Room E04-110
TB1-E-E04-110-3,TBCV1-E-E04-110,Room E04-110
TB1-E-E04-110-4,TBCV1-E-E04-110,Room E04-110
TB1-E-E04-111-1,TBCV1-E-E04-111,Room E04-111
TB1-E-E04-111-2,TBCV1-E-E04-111,Room E04-111
TB1-E-E04-111-3,TBCV1-E-E04-111,Room E04-111
TB1-E-E04-111-4,TBCV1-E-E04-111,Room E04-111
TB1-E-E04-112-1,TBCV1-E-E04-112,Room E04-112
TB1-E-E04-112-2,TBCV1-E-E04-112,Room E04-112
TB1-E-E04-112-3,TBCV1-E-E04-112,Room E04-112
TB1-E-E04-112-4,TBCV1-E-E04-112,Room E04-112
TB1-E-E05-001-1,TBCV1-E-E05-001,Room E05-001
TB1-E-E05-001-2,TBCV1-E-E05-001,Room E05-001
TB1-E-E05-001-3,TBCV1-E-E05-001,Room E05-001
TB1-E-E05-001-4,TBCV1-E-E05-001,Room E05-001
TB1-E-E05-001-5,TBCV1-E-E05-001,Room E05-001
TB1-E-E05-002-1,TBCV1-E-E05-002,Room E05-002
TB1-E-E05-002-2,TBCV1-E-E05-002,Room E05-002
TB1-E-E05-002-3,TBCV1-E-E05-002,Room E05-002
TB1-E-E05-002-4,TBCV1-E-E05-002,Room E05-002
TB1-E-E05-002-5,TBCV1-E-E05-002,Room E05-002
TB1-E-E05-003-1,TBCV1-E-E05-003,Room E05-003
TB1-E-E05-003-2,TBCV1-E-E05-003,Room E05-003
TB1-E-E05-003-3,TBCV1-E-E05-003,Room E05-003
TB1-E-E05-003-4,TBCV1-E-E05-003,Room E05-003
TB1-E-E05-003-5,TBCV1-E-E05-003,Room E05-003
TB1-E-E05-004-1,TBCV1-E-E05-004,Room E05-004
TB1-E-E05-004-2,TBCV1-E-E05-004,Room E05-004
TB1-E-E05-004-3,TBCV1-E-E05-004,Room E05-004
TB1-E-E05-004-4,TBCV1-E-E05-004,Room E05-004
TB1-E-E05-004-5,TBCV1-E-E05-004,Room E05-004
TB1-E-E05-005-1,TBCV1-E-E05-005,Room E05-005
TB1-E-E05-005-2,TBCV1-E-E05-005,Room E05-005
TB1-E-E05-005-3,TBCV1-E-E05-005,Room E05-005
TB1-E-E05-005-4,TBCV1-E-E05-005,Room E05-005
TB1-E-E05-005-5,TBCV1-E-E05-005,Room E05-005
TB1-E-E05-006-1,TBCV1-E-E05-006,Room E05-006
TB1-E-E05-006-2,TBCV1-E-E05-006,Room E05-006
TB1-E-E05-006-3,TBCV1-E-E05-006,Room E05-006
TB1-E-E05-006-4,TBCV1-E-E05-006,Room E05-006
TB1-E-E05-006-5,TBCV1-E-E05-006,Room E05-006
TB1-E-E05-007-1,TBCV1-E-E05-007,Room E05-007
TB1-E-E05-007-2,TBCV1-E-E05-007,Room E05-007
TB1-E-E05-007-3,TBCV1-E-E05-007,Room E05-007
TB1-E-E05-007-4,TBCV1-E-E05-007,Room E05-007
TB1-E-E05-007-5,TBCV1-E-E05-007,Room E05-007
TB1-E-E05-008-1,TBCV1-E-E05-008,Room E05-008
TB1-E-E05-008-2,TBCV1-E-E05-008,Room E05-008
TB1-E-E05-008-3,TBCV1-E-E05-008,Room E05-008
TB1-E-E05-008-4,TBCV1-E-E05-008,Room E05-008
TB1-E-E05-008-5,TBCV1-E-E05-008,Room E05-008
TB1-E-E05-009-1,TBCV1-E-E05-009,Room E05-009
TB1-E-E05-009-2,TBCV1-E-E05-009,Room E05-009
TB1-E-E05-009-3,TBCV1-E-E05-009,Room E05-009
TB1-E-E05-009-4,TBCV1-E-E05-009,Room E05-009
TB1-E-E05-009-5,TBCV1-E-E05-009,Room E05-009
TB1-E-E05-010-1,TBCV1-E-E05-010,Room E05-010
TB1-E-E05-010-2,TBCV1-E-E05-010,Room E05-010
TB1-E-E05-010-3,TBCV1-E-E05-010,Room E05-010
TB1-E-E05-010-4,TBCV1-E-E05-010,Room E05-010
TB1-E-E05-010-5,TBCV1-E-E05-010,Room E05-010
TB1-E-E05-011-1,TBCV1-E-E05-011,Room E05-011
TB1-E-E05-011-2,TBCV1-E-E05-011,Room E05-011
TB1-E-E05-011-3,TBCV1-E-E05-011,Room E05-011
TB1-E-E05-011-4,TBCV1-E-E05-011,Room E05-011
TB1-E-E05-011-5,TBCV1-E-E05-011,Room E05-011
TB1-E-E05-012-1,TBCV1-E-E05-012,Room E05-012
TB1-E-E05-012-2,TBCV1-E-E05-012,Room E05-012
TB1-E-E05-012-3,TBCV1-E-E05-012,Room E05-012
TB1-E-E05-012-4,TBCV1-E-E05-012,Room E05-012
TB1-E-E05-012-5,TBCV1-E-E05-012,Room E05-012
TB1-E-E05-101-1,TBCV1-E-E05-101,Room E05-101
TB1-E-E05-101-2,TBCV1-E-E05-101,Room E05-101
TB1-E-E05-101-3,TBCV1-E-E05-101,Room E05-101
TB1-E-E05-101-4,TBCV1-E-E05-101,Room E05-101
TB1-E-E05-102-1,TBCV1-E-E05-102,Room E05-102
TB1-E-E05-102-2,TBCV1-E-E05-102,Room E05-102
TB1-E-E05-102-3,TBCV1-E-E05-102,Room E05-102
TB1-E-E05-102-4,TBCV1-E-E05-102,Room E05-102
TB1-E-E05-103-1,TBCV1-E-E05-103,Room E05-103
TB1-E-E05-103-2,TBCV1-E-E05-103,Room E05-103
TB1-E-E05-103-3,TBCV1-E-E05-103,Room E05-103
TB1-E-E05-103-4,TBCV1-E-E05-103,Room E05-103
TB1-E-E05-104-1,TBCV1-E-E05-104,Room E05-104
TB1-E-E05-104-2,TBCV1-E-E05-104,Room E05-104
TB1-E-E05-104-3,TBCV1-E-E05-104,Room E05-104
TB1-E-E05-104-4,TBCV1-E-E05-104,Room E05-104
TB1-E-E05-105-1,TBCV1-E-E05-105,Room E05-105
TB1-E-E05-105-2,TBCV1-E-E05-105,Room E05-105
TB1-E-E05-105-3,TBCV1-E-E05-105,Room E05-105
TB1-E-E05-105-4,TBCV1-E-E05-105,Room E05-105
TB1-E-E05-106-1,TBCV1-E-E05-106,Room E05-106
TB1-E-E05-106-2,TBCV1-E-E05-106,Room E05-106
TB1-E-E05-106-3,TBCV1-E-E05-106,Room E05-106
TB1-E-E05-106-4,TBCV1-E-E05-106,Room E05-106
TB1-E-E05-107-1,TBCV1-E-E05-107,Room E05-107
TB1-E-E05-107-2,TBCV1-E-E05-107,Room E05-107
TB1-E-E05-107-3,TBCV1-E-E05-107,Room E05-107
TB1-E-E05-107-4,TBCV1-E-E05-107,Room E05-107
TB1-E-E05-108-1,TBCV1-E-E05-108,Room E05-108
TB1-E-E05-108-2,TBCV1-E-E05-108,Room E05-108
TB1-E-E05-108-3,TBCV1-E-E05-108,Room E05-108
TB1-E-E05-108-4,TBCV1-E-E05-108,Room E05-108
TB1-E-E05-109-1,TBCV1-E-E05-109,Room E05-109
TB1-E-E05-109-2,TBCV1-E-E05-109,Room E05-109
TB1-E-E05-109-3,TBCV1-E-E05-109,Room E05-109
TB1-E-E05-109-4,TBCV1-E-E05-109,Room E05-109
TB1-E-E05-110-1,TBCV1-E-E05-110,Room E05-110
TB1-E-E05-110-2,TBCV1-E-E05-110,Room E05-110
TB1-E-E05-110-3,TBCV1-E-E05-110,Room E05-110
TB1-E-E05-110-4,TBCV1-E-E05-110,Room E05-110
TB1-E-E05-111-1,TBCV1-E-E05-111,Room E05-111
TB1-E-E05-111-2,TBCV1-E-E05-111,Room E05-111
TB1-E-E05-111-3,TBCV1-E-E05-111,Room E05-111
TB1-E-E05-111-4,TBCV1-E-E05-111,Room E05-111
TB1-E-E05-112-1,TBCV1-E-E05-112,Room E05-112
TB1-E-E05-112-2,TBCV1-E-E05-112,Room E05-112
TB1-E-E05-112-3,TBCV1-E-E05-112,Room E05-112
TB1-E-E05-112-4,TBCV1-E-E05-112,Room E05-112
TB1-E-E06-001-1,TBCV1-E-E06-001,Room E06-001
TB1-E-E06-001-2,TBCV1-E-E06-001,Room E06-001
TB1-E-E06-001-3,TBCV1-E-E06-001,Room E06-001
TB1-E-E06-001-4,TBCV1-E-E06-001,Room E06-001
TB1-E-E06-001-5,TBCV1-E-E06-001,Room E06-001
TB1-E-E06-002-1,TBCV1-E-E06-002,Room E06-002
TB1-E-E06-002-2,TBCV1-E-E06-002,Room E06-002
TB1-E-E06-002-3,TBCV1-E-E06-002,Room E06-002
TB1-E-E06-002-4,TBCV1-E-E06-002,Room E06-002
TB1-E-E06-002-5,TBCV1-E-E06-002,Room E06-002
TB1-E-E06-003-1,TBCV1-E-E06-003,Room E06-003
TB1-E-E06-003-2,TBCV1-E-E06-003,Room E06-003
TB1-E-E06-003-3,TBCV1-E-E06-003,Room E06-003
TB1-E-E06-003-4,TBCV1-E-E06-003,Room E06-003
TB1-E-E06-003-5,TBCV1-E-E06-003,Room E06-003
TB1-E-E06-004-1,TBCV1-E-E06-004,Room E06-004
TB1-E-E06-004-2,TBCV1-E-E06-004,Room E06-004
TB1-E-E06-004-3,TBCV1-E-E06-004,Room E06-004
TB1-E-E06-004-4,TBCV1-E-E06-004,Room E06-004
TB1-E-E06-004-5,TBCV1-E-E06-004,Room E06-004
TB1-E-E06-005-1,TBCV1-E-E06-005,Room E06-005
TB1-E-E06-005-2,TBCV1-E-E06-005,Room E06-005
TB1-E-E06-005-3,TBCV1-E-E06-005,Room E06-005
TB1-E-E06-005-4,TBCV1-E-E06-005,Room E06-005
TB1-E-E06-005-5,TBCV1-E-E06-005,Room E06-005
TB1-E-E06-006-1,TBCV1-E-E06-006,Room E06-006
TB1-E-E06-006-2,TBCV1-E-E06-006,Room E06-006
TB1-E-E06-006-3,TBCV1-E-E06-006,Room E06-006
TB1-E-E06-006-4,TBCV1-E-E06-006,Room E06-006
TB1-E-E06-006-5,TBCV1-E-E06-006,Room E06-006
TB1-E-E06-007-1,TBCV1-E-E06-007,Room E06-007
TB1-E-E06-007-2,TBCV1-E-E06-007,Room E06-007
TB1-E-E06-007-3,TBCV1-E-E06-007,Room E06-007
TB1-E-E06-007-4,TBCV1-E-E06-007,Room E06-007
TB1-E-E06-007-5,TBCV1-E-E06-007,Room E06-007
TB1-E-E06-008-1,TBCV1-E-E06-008,Room E06-008
TB1-E-E06-008-2,TBCV1-E-E06-008,Room E06-008
TB1-E-E06-008-3,TBCV1-E-E06-008,Room E06-008
TB1-E-E06-008-4,TBCV1-E-E06-008,Room E06-008
TB1-E-E06-008-5,TBCV1-E-E06-008,Room E06-008
TB1-E-E06-009-1,TBCV1-E-E06-009,Room E06-009
TB1-E-E06-009-2,TBCV1-E-E06-009,Room E06-009
TB1-E-E06-009-3,TBCV1-E-E06-009,Room E06-009
TB1-E-E06-009-4,TBCV1-E-E06-009,Room E06-009
TB1-E-E06-009-5,TBCV1-E-E06-009,Room E06-009
TB1-E-E06-010-1,TBCV1-E-E06-010,Room E06-010
TB1-E-E06-010-2,TBCV1-E-E06-010,Room E06-010
TB1-E-E06-010-3,TBCV1-E-E06-010,Room E06-010
TB1-E-E06-010-4,TBCV1-E-E06-010,Room E06-010
TB1-E-E06-010-5,TBCV1-E-E06-010,Room E06-010
TB1-E-E06-011-1,TBCV1-E-E06-011,Room E06-011
TB1-E-E06-011-2,TBCV1-E-E06-011,Room E06-011
TB1-E-E06-011-3,TBCV1-E-E06-011,Room E06-011
TB1-E-E06-011-4,TBCV1-E-E06-011,Room E06-011
TB1-E-E06-011-5,TBCV1-E-E06-011,Room E06-011
TB1-E-E06-012-1,TBCV1-E-E06-012,Room E06-012
TB1-E-E06-012-2,TBCV1-E-E06-012,Room E06-012
TB1-E-E06-012-3,TBCV1-E-E06-012,Room E06-012
TB1-E-E06-012-4,TBCV1-E-E06-012,Room E06-012
TB1-E-E06-012-5,TBCV1-E-E06-012,Room E06-012
TB1-E-E06-101-1,TBCV1-E-E06-101,Room E06-101
TB1-E-E06-101-2,TBCV1-E-E06-101,Room E06-101
TB1-E-E06-101-3,TBCV1-E-E06-101,Room E06-101
TB1-E-E06-101-4,TBCV1-E-E06-101,Room E06-101
TB1-E-E06-102-1,TBCV1-E-E06-102,Room E06-102
TB1-E-E06-102-2,TBCV1-E-E06-102,Room E06-102
TB1-E-E06-102-3,TBCV1-E-E06-102,Room E06-102
TB1-E-E06-102-4,TBCV1-E-E06-102,Room E06-102
TB1-E-E06-103-1,TBCV1-E-E06-103,Room E06-103
TB1-E-E06-103-2,TBCV1-E-E06-103,Room E06-103
TB1-E-E06-103-3,TBCV1-E-E06-103,Room E06-103
TB1-E-E06-103-4,TBCV1-E-E06-103,Room E06-103
TB1-E-E06-104-1,TBCV1-E-E06-104,Room E06-104
TB1-E-E06-104-2,TBCV1-E-E06-104,Room E06-104
TB1-E-E06-104-3,TBCV1-E-E06-104,Room E06-104
TB1-E-E06-104-4,TBCV1-E-E06-104,Room E06-104
TB1-E-E06-105-1,TBCV1-E-E06-105,Room E06-105
TB1-E-E06-105-2,TBCV1-E-E06-105,Room E06-105
TB1-E-E06-105-3,TBCV1-E-E06-105,Room E06-105
TB1-E-E06-105-4,TBCV1-E-E06-105,Room E06-105
TB1-E-E06-106-1,TBCV1-E-E06-106,Room E06-106
TB1-E-E06-106-2,TBCV1-E-E06-106,Room E06-106
TB1-E-E06-106-3,TBCV1-E-E06-106,Room E06-106
TB1-E-E06-106-4,TBCV1-E-E06-106,Room E06-106
TB1-E-E06-107-1,TBCV1-E-E06-107,Room E06-107
TB1-E-E06-107-2,TBCV1-E-E06-107,Room E06-107
TB1-E-E06-107-3,TBCV1-E-E06-107,Room E06-107
TB1-E-E06-107-4,TBCV1-E-E06-107,Room E06-107
TB1-E-E06-108-1,TBCV1-E-E06-108,Room E06-108
TB1-E-E06-108-2,TBCV1-E-E06-108,Room E06-108
TB1-E-E06-108-3,TBCV1-E-E06-108,Room E06-108
TB1-E-E06-108-4,TBCV1-E-E06-108,Room E06-108
TB1-E-E06-109-1,TBCV1-E-E06-109,Room E06-109
TB1-E-E06-109-2,TBCV1-E-E06-109,Room E06-109
TB1-E-E06-109-3,TBCV1-E-E06-109,Room E06-109
TB1-E-E06-109-4,TBCV1-E-E06-109,Room E06-109
TB1-E-E06-110-1,TBCV1-E-E06-110,Room E06-110
TB1-E-E06-110-2,TBCV1-E-E06-110,Room E06-110
TB1-E-E06-110-3,TBCV1-E-E06-110,Room E06-110
TB1-E-E06-110-4,TBCV1-E-E06-110,Room E06-110
TB1-E-E06-111-1,TBCV1-E-E06-111,Room E06-111
TB1-E-E06-111-2,TBCV1-E-E06-111,Room E06-111
TB1-E-E06-111-3,TBCV1-E-E06-111,Room E06-111
TB1-E-E06-111-4,TBCV1-E-E06-111,Room E06-111
TB1-E-E06-112-1,TBCV1-E-E06-112,Room E06-112
TB1-E-E06-112-2,TBCV1-E-E06-112,Room E06-112
TB1-E-E06-112-3,TBCV1-E-E06-112,Room E06-112
TB1-E-E06-112-4,TBCV1-E-E06-112,Room E06-112
TB1-E-E07-001-1,TBCV1-E-E07-001,Room E07-001
TB1-E-E07-001-2,TBCV1-E-E07-001,Room E07-001
TB1-E-E07-001-3,TBCV1-E-E07-001,Room E07-001
TB1-E-E07-001-4,TBCV1-E-E07-001,Room E07-001
TB1-E-E07-001-5,TBCV1-E-E07-001,Room E07-001
TB1-E-E07-002-1,TBCV1-E-E07-002,Room E07-002
TB1-E-E07-002-2,TBCV1-E-E07-002,Room E07-002
TB1-E-E07-002-3,TBCV1-E-E07-002,Room E07-002
TB1-E-E07-002-4,TBCV1-E-E07-002,Room E07-002
TB1-E-E07-002-5,TBCV1-E-E07-002,Room E07-002
TB1-E-E07-003-1,TBCV1-E-E07-003,Room E07-003
TB1-E-E07-003-2,TBCV1-E-E07-003,Room E07-003
TB1-E-E07-003-3,TBCV1-E-E07-003,Room E07-003
TB1-E-E07-003-4,TBCV1-E-E07-003,Room E07-003
TB1-E-E07-003-5,TBCV1-E-E07-003,Room E07-003
TB1-E-E07-004-1,TBCV1-E-E07-004,Room E07-004
TB1-E-E07-004-2,TBCV1-E-E07-004,Room E07-004
TB1-E-E07-004-3,TBCV1-E-E07-004,Room E07-004
TB1-E-E07-004-4,TBCV1-E-E07-004,Room E07-004
TB1-E-E07-004-5,TBCV1-E-E07-004,Room E07-004
TB1-E-E07-005-1,TBCV1-E-E07-005,Room E07-005
TB1-E-E07-005-2,TBCV1-E-E07-005,Room E07-005
TB1-E-E07-005-3,TBCV1-E-E07-005,Room E07-005
TB1-E-E07-005-4,TBCV1-E-E07-005,Room E07-005
TB1-E-E07-005-5,TBCV1-E-E07-005,Room E07-005
TB1-E-E07-006-1,TBCV1-E-E07-006,Room E07-006
TB1-E-E07-006-2,TBCV1-E-E07-006,Room E07-006
TB1-E-E07-006-3,TBCV1-E-E07-006,Room E07-006
TB1-E-E07-006-4,TBCV1-E-E07-006,Room E07-006
TB1-E-E07-006-5,TBCV1-E-E07-006,Room E07-006
TB1-E-E07-007-1,TBCV1-E-E07-007,Room E07-007
TB1-E-E07-007-2,TBCV1-E-E07-007,Room E07-007
TB1-E-E07-007-3,TBCV1-E-E07-007,Room E07-007
TB1-E-E07-007-4,TBCV1-E-E07-007,Room E07-007
TB1-E-E07-007-5,TBCV1-E-E07-007,Room E07-007
TB1-E-E07-008-1,TBCV1-E-E07-008,Room E07-008
TB1-E-E07-008-2,TBCV1-E-E07-008,Room E07-008
TB1-E-E07-008-3,TBCV1-E-E07-008,Room E07-008
TB1-E-E07-008-4,TBCV1-E-E07-008,Room E07-008
TB1-E-E07-008-5,TBCV1-E-E07-008,Room E07-008
TB1-E-E07-009-1,TBCV1-E-E07-009,Room E07-009
TB1-E-E07-009-2,TBCV1-E-E07-009,Room E07-009
TB1-E-E07-009-3,TBCV1-E-E07-009,Room E07-009
TB1-E-E07-009-4,TBCV1-E-E07-009,Room E07-009
TB1-E-E07-009-5,TBCV1-E-E07-009,Room E07-009
TB1-E-E07-010-1,TBCV1-E-E07-010,Room E07-010
TB1-E-E07-010-2,TBCV1-E-E07-010,Room E07-010
TB1-E-E07-010-3,TBCV1-E-E07-010,Room E07-010
TB1-E-E07-010-4,TBCV1-E-E07-010,Room E07-010
TB1-E-E07-010-5,TBCV1-E-E07-010,Room E07-010
TB1-E-E07-011-1,TBCV1-E-E07-011,Room E07-011
TB1-E-E07-011-2,TBCV1-E-E07-011,Room E07-011
TB1-E-E07-011-3,TBCV1-E-E07-011,Room E07-011
TB1-E-E07-011-4,TBCV1-E-E07-011,Room E07-011
TB1-E-E07-011-5,TBCV1-E-E07-011,Room E07-011
TB1-E-E07-012-1,TBCV1-E-E07-012,Room E07-012
TB1-E-E07-012-2,TBCV1-E-E07-012,Room E07-012
TB1-E-E07-012-3,TBCV1-E-E07-012,Room E07-012
TB1-E-E07-012-4,TBCV1-E-E07-012,Room E07-012
TB1-E-E07-012-5,TBCV1-E-E07-012,Room E07-012
TB1-E-E07-101-1,TBCV1-E-E07-101,Room E07-101
TB1-E-E07-101-2,TBCV1-E-E07-101,Room E07-101
TB1-E-E07-101-3,TBCV1-E-E07-101,Room E07-101
TB1-E-E07-101-4,TBCV1-E-E07-101,Room E07-101
TB1-E-E07-102-1,TBCV1-E-E07-102,Room E07-102
TB1-E-E07-102-2,TBCV1-E-E07-102,Room E07-102
TB1-E-E07-102-3,TBCV1-E-E07-102,Room E07-102
TB1-E-E07-102-4,TBCV1-E-E07-102,Room E07-102
TB1-E-E07-103-1,TBCV1-E-E07-103,Room E07-103
TB1-E-E07-103-2,TBCV1-E-E07-103,Room E07-103
TB1-E-E07-103-3,TBCV1-E-E07-103,Room E07-103
TB1-E-E07-103-4,TBCV1-E-E07-103,Room E07-103
TB1-E-E07-104-1,TBCV1-E-E07-104,Room E07-104
TB1-E-E07-104-2,TBCV1-E-E07-104,Room E07-104
TB1-E-E07-104-3,TBCV1-E-E07-104,Room E07-104
TB1-E-E07-104-4,TBCV1-E-E07-104,Room E07-104
TB1-E-E07-105-1,TBCV1-E-E07-105,Room E07-105
TB1-E-E07-105-2,TBCV1-E-E07-105,Room E07-105
TB1-E-E07-105-3,TBCV1-E-E07-105,Room E07-105
TB1-E-E07-105-4,TBCV1-E-E07-105,Room E07-105
TB1-E-E07-106-1,TBCV1-E-E07-106,Room E07-106
TB1-E-E07-106-2,TBCV1-E-E07-106,Room E07-106
TB1-E-E07-106-3,TBCV1-E-E07-106,Room E07-106
TB1-E-E07-106-4,TBCV1-E-E07-106,Room E07-106
TB1-E-E07-107-1,TBCV1-E-E07-107,Room E07-107
TB1-E-E07-107-2,TBCV1-E-E07-107,Room E07-107
TB1-E-E07-107-3,TBCV1-E-E07-107,Room E07-107
TB1-E-E07-107-4,TBCV1-E-E07-107,Room E07-107
TB1-E-E07-108-1,TBCV1-E-E07-108,Room E07-108
TB1-E-E07-108-2,TBCV1-E-E07-108,Room E07-108
TB1-E-E07-108-3,TBCV1-E-E07-108,Room E07-108
TB1-E-E07-108-4,TBCV1-E-E07-108,Room E07-108
TB1-E-E07-109-1,TBCV1-E-E07-109,Room E07-109
TB1-E-E07-109-2,TBCV1-E-E07-109,Room E07-109
TB1-E-E07-109-3,TBCV1-E-E07-109,Room E07-109
TB1-E-E07-109-4,TBCV1-E-E07-109,Room E07-109
TB1-E-E07-110-1,TBCV1-E-E07-110,Room E07-110
TB1-E-E07-110-2,TBCV1-E-E07-110,Room E07-110
TB1-E-E07-110-3,TBCV1-E-E07-110,Room E07-110
TB1-E-E07-110-4,TBCV1-E-E07-110,Room E07-110
TB1-E-E07-111-1,TBCV1-E-E07-111,Room E07-111
TB1-E-E07-111-2,TBCV1-E-E07-111,Room E07-111
TB1-E-E07-111-3,TBCV1-E-E07-111,Room E07-111
TB1-E-E07-111-4,TBCV1-E-E07-111,Room E07-111
TB1-E-E07-112-1,TBCV1-E-E07-112,Room E07-112
TB1-E-E07-112-2,TBCV1-E-E07-112,Room E07-112
TB1-E-E07-112-3,TBCV1-E-E07-112,Room E07-112
TB1-E-E07-112-4,TBCV1-E-E07-112,Room E07-112
TB1-E-E08-001-1,TBCV1-E-E08-001,Room E08-001
TB1-E-E08-001-2,TBCV1-E-E08-001,Room E08-001
TB1-E-E08-001-3,TBCV1-E-E08-001,Room E08-001
TB1-E-E08-001-4,TBCV1-E-E08-001,Room E08-001
TB1-E-E08-001-5,TBCV1-E-E08-001,Room E08-001
TB1-E-E08-002-1,TBCV1-E-E08-002,Room E08-002
TB1-E-E08-002-2,TBCV1-E-E08-002,Room E08-002
TB1-E-E08-002-3,TBCV1-E-E08-002,Room E08-002
TB1-E-E08-002-4,TBCV1-E-E08-002,Room E08-002
TB1-E-E08-002-5,TBCV1-E-E08-002,Room E08-002
TB1-E-E08-003-1,TBCV1-E-E08-003,Room E08-003
TB1-E-E08-003-2,TBCV1-E-E08-003,Room E08-003
TB1-E-E08-003-3,TBCV1-E-E08-003,Room E08-003
TB1-E-E08-003-4,TBCV1-E-E08-003,Room E08-003
TB1-E-E08-003-5,TBCV1-E-E08-003,Room E08-003
TB1-E-E08-004-1,TBCV1-E-E08-004,Room E08-004
TB1-E-E08-004-2,TBCV1-E-E08-004,Room E08-004
TB1-E-E08-004-3,TBCV1-E-E08-004,Room E08-004
TB1-E-E08-004-4,TBCV1-E-E08-004,Room E08-004
TB1-E-E08-004-5,TBCV1-E-E08-004,Room E08-004
TB1-E-E08-005-1,TBCV1-E-E08-005,Room E08-005
TB1-E-E08-005-2,TBCV1-E-E08-005,Room E08-005
TB1-E-E08-005-3,TBCV1-E-E08-005,Room E08-005
TB1-E-E08-005-4,TBCV1-E-E08-005,Room E08-005
TB1-E-E08-005-5,TBCV1-E-E08-005,Room E08-005
TB1-E-E08-006-1,TBCV1-E-E08-006,Room E08-006
TB1-E-E08-006-2,TBCV1-E-E08-006,Room E08-006
TB1-E-E08-006-3,TBCV1-E-E08-006,Room E08-006
TB1-E-E08-006-4,TBCV1-E-E08-006,Room E08-006
TB1-E-E08-006-5,TBCV1-E-E08-006,Room E08-006
TB1-E-E08-007-1,TBCV1-E-E08-007,Room E08-007
TB1-E-E08-007-2,TBCV1-E-E08-007,Room E08-007
TB1-E-E08-007-3,TBCV1-E-E08-007,Room E08-007
TB1-E-E08-007-4,TBCV1-E-E08-007,Room E08-007
TB1-E-E08-007-5,TBCV1-E-E08-007,Room E08-007
TB1-E-E08-008-1,TBCV1-E-E08-008,Room E08-008
TB1-E-E08-008-2,TBCV1-E-E08-008,Room E08-008
TB1-E-E08-008-3,TBCV1-E-E08-008,Room E08-008
TB1-E-E08-008-4,TBCV1-E-E08-008,Room E08-008
TB1-E-E08-008-5,TBCV1-E-E08-008,Room E08-008
TB1-E-E08-009-1,TBCV1-E-E08-009,Room E08-009
TB1-E-E08-009-2,TBCV1-E-E08-009,Room E08-009
TB1-E-E08-009-3,TBCV1-E-E08-009,Room E08-009
TB1-E-E08-009-4,TBCV1-E-E08-009,Room E08-009
TB1-E-E08-009-5,TBCV1-E-E08-009,Room E08-009
TB1-E-E08-010-1,TBCV1-E-E08-010,Room E08-010
TB1-E-E08-010-2,TBCV1-E-E08-010,Room E08-010
TB1-E-E08-010-3,TBCV1-E-E08-010,Room E08-010
TB1-E-E08-010-4,TBCV1-E-E08-010,Room E08-010
TB1-E-E08-010-5,TBCV1-E-E08-010,Room E08-010
TB1-E-E08-011-1,TBCV1-E-E08-011,Room E08-011
TB1-E-E08-011-2,TBCV1-E-E08-011,Room E08-011
TB1-E-E08-011-3,TBCV1-E-E08-011,Room E08-011
TB1-E-E08-011-4,TBCV1-E-E08-011,Room E08-011
TB1-E-E08-011-5,TBCV1-E-E08-011,Room E08-011
TB1-E-E08-012-1,TBCV1-E-E08-012,Room E08-012
TB1-E-E08-012-2,TBCV1-E-E08-012,Room E08-012
TB1-E-E08-012-3,TBCV1-E-E08-012,Room E08-012
TB1-E-E08-012-4,TBCV1-E-E08-012,Room E08-012
TB1-E-E08-012-5,TBCV1-E-E08-012,Room E08-012
TB1-E-E08-101-1,TBCV1-E-E08-101,Room E08-101
TB1-E-E08-101-2,TBCV1-E-E08-101,Room E08-101
TB1-E-E08-101-3,TBCV1-E-E08-101,Room E08-101
TB1-E-E08-101-4,TBCV1-E-E08-101,Room E08-101
TB1-E-E08-102-1,TBCV1-E-E08-102,Room E08-102
TB1-E-E08-102-2,TBCV1-E-E08-102,Room E08-102
TB1-E-E08-102-3,TBCV1-E-E08-102,Room E08-102
TB1-E-E08-102-4,TBCV1-E-E08-102,Room E08-102
TB1-E-E08-103-1,TBCV1-E-E08-103,Room E08-103
TB1-E-E08-103-2,TBCV1-E-E08-103,Room E08-103
TB1-E-E08-103-3,TBCV1-E-E08-103,Room E08-103
TB1-E-E08-103-4,TBCV1-E-E08-103,Room E08-103
TB1-E-E08-104-1,TBCV1-E-E08-104,Room E08-104
TB1-E-E08-104-2,TBCV1-E-E08-104,Room E08-104
TB1-E-E08-104-3,TBCV1-E-E08-104,Room E08-104
TB1-E-E08-104-4,TBCV1-E-E08-104,Room E08-104
TB1-E-E08-105-1,TBCV1-E-E08-105,Room E08-105
TB1-E-E08-105-2,TBCV1-E-E08-105,Room E08-105
TB1-E-E08-105-3,TBCV1-E-E08-105,Room E08-105
TB1-E-E08-105-4,TBCV1-E-E08-105,Room E08-105
TB1-E-E08-106-1,TBCV1-E-E08-106,Room E08-106
TB1-E-E08-106-2,TBCV1-E-E08-106,Room E08-106
TB1-E-E08-106-3,TBCV1-E-E08-106,Room E08-106
TB1-E-E08-106-4,TBCV1-E-E08-106,Room E08-106
TB1-E-E08-107-1,TBCV1-E-E08-107,Room E08-107
TB1-E-E08-107-2,TBCV1-E-E08-107,Room E08-107
TB1-E-E08-107-3,TBCV1-E-E08-107,Room E08-107
TB1-E-E08-107-4,TBCV1-E-E08-107,Room E08-107
TB1-E-E08-108-1,TBCV1-E-E08-108,Room E08-108
TB1-E-E08-108-2,TBCV1-E-E08-108,Room E08-108
TB1-E-E08-108-3,TBCV1-E-E08-108,Room E08-108
TB1-E-E08-108-4,TBCV1-E-E08-108,Room E08-108
TB1-E-E08-109-1,TBCV1-E-E08-109,Room E08-109
TB1-E-E08-109-2,TBCV1-E-E08-109,Room E08-109
TB1-E-E08-109-3,TBCV1-E-E08-109,Room E08-109
TB1-E-E08-109-4,TBCV1-E-E08-109,Room E08-109
TB1-E-E08-110-1,TBCV1-E-E08-110,Room E08-110
TB1-E-E08-110-2,TBCV1-E-E08-110,Room E08-110
TB1-E-E08-110-3,TBCV1-E-E08-110,Room E08-110
TB1-E-E08-110-4,TBCV1-E-E08-110,Room E08-110
TB1-E-E08-111-1,TBCV1-E-E08-111,Room E08-111
TB1-E-E08-111-2,TBCV1-E-E08-111,Room E08-111
TB1-E-E08-111-3,TBCV1-E-E08-111,Room E08-111
TB1-E-E08-111-4,TBCV1-E-E08-111,Room E08-111
TB1-E-E08-112-1,TBCV1-E-E08-112,Room E08-112
TB1-E-E08-112-2,TBCV1-E-E08-112,Room E08-112
TB1-E-E08-112-3,TBCV1-E-E08-112,Room E08-112
TB1-E-E08-112-4,TBCV1-E-E08-112,Room E08-112
TB1-E-E09-001-1,TBCV1-E-E09-001,Room E09-001
TB1-E-E09-001-2,TBCV1-E-E09-001,Room E09-001
TB1-E-E09-001-3,TBCV1-E-E09-001,Room E09-001
TB1-E-E09-001-4,TBCV1-E-E09-001,Room E09-001
TB1-E-E09-001-5,TBCV1-E-E09-001,Room E09-001
TB1-E-E09-002-1,TBCV1-E-E09-002,Room E09-002
TB1-E-E09-002-2,TBCV1-E-E09-002,Room E09-002
TB1-E-E09-002-3,TBCV1-E-E09-002,Room E09-002
TB1-E-E09-002-4,TBCV1-E-E09-002,Room E09-002
TB1-E-E09-002-5,TBCV1-E-E09-002,Room E09-002
TB1-E-E09-003-1,TBCV1-E-E09-003,Room E09-003
TB1-E-E09-003-2,TBCV1-E-E09-003,Room E09-003
TB1-E-E09-003-3,TBCV1-E-E09-003,Room E09-003
TB1-E-E09-003-4,TBCV1-E-E09-003,Room E09-003
TB1-E-E09-003-5,TBCV1-E-E09-003,Room E09-003
TB1-E-E09-004-1,TBCV1-E-E09-004,Room E09-004
TB1-E-E09-004-2,TBCV1-E-E09-004,Room E09-004
TB1-E-E09-004-3,TBCV1-E-E09-004,Room E09-004
TB1-E-E09-004-4,TBCV1-E-E09-004,Room E09-004
TB1-E-E09-004-5,TBCV1-E-E09-004,Room E09-004
TB1-E-E09-005-1,TBCV1-E-E09-005,Room E09-005
TB1-E-E09-005-2,TBCV1-E-E09-005,Room E09-005
TB1-E-E09-005-3,TBCV1-E-E09-005,Room E09-005
TB1-E-E09-005-4,TBCV1-E-E09-005,Room E09-005
TB1-E-E09-005-5,TBCV1-E-E09-005,Room E09-005
TB1-E-E09-006-1,TBCV1-E-E09-006,Room E09-006
TB1-E-E09-006-2,TBCV1-E-E09-006,Room E09-006
TB1-E-E09-006-3,TBCV1-E-E09-006,Room E09-006
TB1-E-E09-006-4,TBCV1-E-E09-006,Room E09-006
TB1-E-E09-006-5,TBCV1-E-E09-006,Room E09-006
TB1-E-E09-007-1,TBCV1-E-E09-007,Room E09-007
TB1-E-E09-007-2,TBCV1-E-E09-007,Room E09-007
TB1-E-E09-007-3,TBCV1-E-E09-007,Room E09-007
TB1-E-E09-007-4,TBCV1-E-E09-007,Room E09-007
TB1-E-E09-007-5,TBCV1-E-E09-007,Room E09-007
TB1-E-E09-008-1,TBCV1-E-E09-008,Room E09-008
TB1-E-E09-008-2,TBCV1-E-E09-008,Room E09-008
TB1-E-E09-008-3,TBCV1-E-E09-008,Room E09-008
TB1-E-E09-008-4,TBCV1-E-E09-008,Room E09-008
TB1-E-E09-008-5,TBCV1-E-E09-008,Room E09-008
TB1-E-E09-009-1,TBCV1-E-E09-009,Room E09-009
TB1-E-E09-009-2,TBCV1-E-E09-009,Room E09-009
TB1-E-E09-009-3,TBCV1-E-E09-009,Room E09-009
TB1-E-E09-009-4,TBCV1-E-E09-009,Room E09-009
TB1-E-E09-009-5,TBCV1-E-E09-009,Room E09-009
TB1-E-E09-010-1,TBCV1-E-E09-010,Room E09-010
TB1-E-E09-010-2,TBCV1-E-E09-010,Room E09-010
TB1-E-E09-010-3,TBCV1-E-E09-010,Room E09-010
TB1-E-E09-010-4,TBCV1-E-E09-010,Room E09-010
TB1-E-E09-010-5,TBCV1-E-E09-010,Room E09-010
TB1-E-E09-011-1,TBCV1-E-E09-011,Room E09-011
TB1-E-E09-011-2,TBCV1-E-E09-011,Room E09-011
TB1-E-E09-011-3,TBCV1-E-E09-011,Room E09-011
TB1-E-E09-011-4,TBCV1-E-E09-011,Room E09-011
TB1-E-E09-011-5,TBCV1-E-E09-011,Room E09-011
TB1-E-E09-012-1,TBCV1-E-E09-012,Room E09-012
TB1-E-E09-012-2,TBCV1-E-E09-012,Room E09-012
TB1-E-E09-012-3,TBCV1-E-E09-012,Room E09-012
TB1-E-E09-012-4,TBCV1-E-E09-012,Room E09-012
TB1-E-E09-012-5,TBCV1-E-E09-012,Room E09-012
TB1-E-E09-101-1,TBCV1-E-E09-101,Room E09-101
TB1-E-E09-101-2,TBCV1-E-E09-101,Room E09-101
TB1-E-E09-101-3,TBCV1-E-E09-101,Room E09-101
TB1-E-E09-101-4,TBCV1-E-E09-101,Room E09-101
TB1-E-E09-102-1,TBCV1-E-E09-102,Room E09-102
TB1-E-E09-102-2,TBCV1-E-E09-102,Room E09-102
TB1-E-E09-102-3,TBCV1-E-E09-102,Room E09-102
TB1-E-E09-102-4,TBCV1-E-E09-102,Room E09-102
TB1-E-E09-103-1,TBCV1-E-E09-103,Room E09-103
TB1-E-E09-103-2,TBCV1-E-E09-103,Room E09-103
TB1-E-E09-103-3,TBCV1-E-E09-103,Room E09-103
TB1-E-E09-103-4,TBCV1-E-E09-103,Room E09-103
TB1-E-E09-104-1,TBCV1-E-E09-104,Room E09-104
TB1-E-E09-104-2,TBCV1-E-E09-104,Room E09-104
TB1-E-E09-104-3,TBCV1-E-E09-104,Room E09-104
TB1-E-E09-104-4,TBCV1-E-E09-104,Room E09-104
TB1-E-E09-105-1,TBCV1-E-E09-105,Room E09-105
TB1-E-E09-105-2,TBCV1-E-E09-105,Room E09-105
TB1-E-E09-105-3,TBCV1-E-E09-105,Room E09-105
TB1-E-E09-105-4,TBCV1-E-E09-105,Room E09-105
TB1-E-E09-106-1,TBCV1-E-E09-106,Room E09-106
TB1-E-E09-106-2,TBCV1-E-E09-106,Room E09-106
TB1-E-E09-106-3,TBCV1-E-E09-106,Room E09-106
TB1-E-E09-106-4,TBCV1-E-E09-106,Room E09-106
TB1-E-E09-107-1,TBCV1-E-E09-107,Room E09-107
TB1-E-E09-107-2,TBCV1-E-E09-107,Room E09-107
TB1-E-E09-107-3,TBCV1-E-E09-107,Room E09-107
TB1-E-E09-107-4,TBCV1-E-E09-107,Room E09-107
TB1-E-E09-108-1,TBCV1-E-E09-108,Room E09-108
TB1-E-E09-108-2,TBCV1-E-E09-108,Room E09-108
TB1-E-E09-108-3,TBCV1-E-E09-108,Room E09-108
TB1-E-E09-108-4,TBCV1-E-E09-108,Room E09-108
TB1-E-E09-109-1,TBCV1-E-E09-109,Room E09-109
TB1-E-E09-109-2,TBCV1-E-E09-109,Room E09-109
TB1-E-E09-109-3,TBCV1-E-E09-109,Room E09-109
TB1-E-E09-109-4,TBCV1-E-E09-109,Room E09-109
TB1-E-E09-110-1,TBCV1-E-E09-110,Room E09-110
TB1-E-E09-110-2,TBCV1-E-E09-110,Room E09-110
TB1-E-E09-110-3,TBCV1-E-E09-110,Room E09-110
TB1-E-E09-110-4,TBCV1-E-E09-110,Room E09-110
TB1-E-E09-111-1,TBCV1-E-E09-111,Room E09-111
TB1-E-E09-111-2,TBCV1-E-E09-111,Room E09-111
TB1-E-E09-111-3,TBCV1-E-E09-111,Room E09-111
TB1-E-E09-111-4,TBCV1-E-E09-111,Room E09-111
TB1-E-E09-112-1,TBCV1-E-E09-112,Room E09-112
TB1-E-E09-112-2,TBCV1-E-E09-112,Room E09-112
TB1-E-E09-112-3,TBCV1-E-E09-112,Room E09-112
TB1-E-E09-112-4,TBCV1-E-E09-112,Room E09-112
TB1-E-E10-001-1,TBCV1-E-E10-001,Room E10-001
TB1-E-E10-001-2,TBCV1-E-E10-001,Room E10-001
TB1-E-E10-001-3,TBCV1-E-E10-001,Room E10-001
TB1-E-E10-001-4,TBCV1-E-E10-001,Room E10-001
TB1-E-E10-001-5,TBCV1-E-E10-001,Room E10-001
TB1-E-E10-002-1,TBCV1-E-E10-002,Room E10-002
TB1-E-E10-002-2,TBCV1-E-E10-002,Room E10-002
TB1-E-E10-002-3,TBCV1-E-E10-002,Room E10-002
TB1-E-E10-002-4,TBCV1-E-E10-002,Room E10-002
TB1-E-E10-002-5,TBCV1-E-E10-002,Room E10-002
TB1-E-E10-003-1,TBCV1-E-E10-003,Room E10-003
TB1-E-E10-003-2,TBCV1-E-E10-003,Room E10-003
TB1-E-E10-003-3,TBCV1-E-E10-003,Room E10-003
TB1-E-E10-003-4,TBCV1-E-E10-003,Room E10-003
TB1-E-E10-003-5,TBCV1-E-E10-003,Room E10-003
TB1-E-E10-004-1,TBCV1-E-E10-004,Room E10-004
TB1-E-E10-004-2,TBCV1-E-E10-004,Room E10-004
TB1-E-E10-004-3,TBCV1-E-E10-004,Room E10-004
TB1-E-E10-004-4,TBCV1-E-E10-004,Room E10-004
TB1-E-E10-004-5,TBCV1-E-E10-004,Room E10-004
TB1-E-E10-005-1,TBCV1-E-E10-005,Room E10-005
TB1-E-E10-005-2,TBCV1-E-E10-005,Room E10-005
TB1-E-E10-005-3,TBCV1-E-E10-005,Room E10-005
TB1-E-E10-005-4,TBCV1-E-E10-005,Room E10-005
TB1-E-E10-005-5,TBCV1-E-E10-005,Room E10-005
TB1-E-E10-006-1,TBCV1-E-E10-006,Room E10-006
TB1-E-E10-006-2,TBCV1-E-E10-006,Room E10-006
TB1-E-E10-006-3,TBCV1-E-E10-006,Room E10-006
TB1-E-E10-006-4,TBCV1-E-E10-006,Room E10-006
TB1-E-E10-006-5,TBCV1-E-E10-006,Room E10-006
TB1-E-E10-007-1,TBCV1-E-E10-007,Room E10-007
TB1-E-E10-007-2,TBCV1-E-E10-007,Room E10-007
TB1-E-E10-007-3,TBCV1-E-E10-007,Room E10-007
TB1-E-E10-007-4,TBCV1-E-E10-007,Room E10-007
TB1-E-E10-007-5,TBCV1-E-E10-007,Room E10-007
TB1-E-E10-008-1,TBCV1-E-E10-008,Room E10-008
TB1-E-E10-008-2,TBCV1-E-E10-008,Room E10-008
TB1-E-E10-008-3,TBCV1-E-E10-008,Room E10-008
TB1-E-E10-008-4,TBCV1-E-E10-008,Room E10-008
TB1-E-E10-008-5,TBCV1-E-E10-008,Room E10-008
TB1-E-E10-009-1,TBCV1-E-E10-009,Room E10-009
TB1-E-E10-009-2,TBCV1-E-E10-009,Room E10-009
TB1-E-E10-009-3,TBCV1-E-E10-009,Room E10-009
TB1-E-E10-009-4,TBCV1-E-E10-009,Room E10-009
TB1-E-E10-009-5,TBCV1-E-E10-009,Room E10-009
TB1-E-E10-010-1,TBCV1-E-E10-010,Room E10-010
TB1-E-E10-010-2,TBCV1-E-E10-010,Room E10-010
TB1-E-E10-010-3,TBCV1-E-E10-010,Room E10-010
TB1-E-E10-010-4,TBCV1-E-E10-010,Room E10-010
TB1-E-E10-010-5,TBCV1-E-E10-010,Room E10-010
TB1-E-E10-011-1,TBCV1-E-E10-011,Room E10-011
TB1-E-E10-011-2,TBCV1-E-E10-011,Room E10-011
TB1-E-E10-011-3,TBCV1-E-E10-011,Room E10-011
TB1-E-E10-011-4,TBCV1-E-E10-011,Room E10-011
TB1-E-E10-011-5,TBCV1-E-E10-011,Room E10-011
TB1-E-E10-012-1,TBCV1-E-E10-012,Room E10-012
TB1-E-E10-012-2,TBCV1-E-E10-012,Room E10-012
TB1-E-E10-012-3,TBCV1-E-E10-012,Room E10-012
TB1-E-E10-012-4,TBCV1-E-E10-012,Room E10-012
TB1-E-E10-012-5,TBCV1-E-E10-012,Room E10-012
TB1-E-E10-101-1,TBCV1-E-E10-101,Room E10-101
TB1-E-E10-101-2,TBCV1-E-E10-101,Room E10-101
TB1-E-E10-101-3,TBCV1-E-E10-101,Room E10-101
TB1-E-E10-101-4,TBCV1-E-E10-101,Room E10-101
TB1-E-E10-102-1,TBCV1-E-E10-102,Room E10-102
TB1-E-E10-102-2,TBCV1-E-E10-102,Room E10-102
TB1-E-E10-102-3,TBCV1-E-E10-102,Room E10-102
TB1-E-E10-102-4,TBCV1-E-E10-102,Room E10-102
TB1-E-E10-103-1,TBCV1-E-E10-103,Room E10-103
TB1-E-E10-103-2,TBCV1-E-E10-103,Room E10-103
TB1-E-E10-103-3,TBCV1-E-E10-103,Room E10-103
TB1-E-E10-103-4,TBCV1-E-E10-103,Room E10-103
TB1-E-E10-104-1,TBCV1-E-E10-104,Room E10-104
TB1-E-E10-104-2,TBCV1-E-E10-104,Room E10-104
TB1-E-E10-104-3,TBCV1-E-E10-104,Room E10-104
TB1-E-E10-104-4,TBCV1-E-E10-104,Room E10-104
TB1-E-E10-105-1,TBCV1-E-E10-105,Room E10-105
TB1-E-E10-105-2,TBCV1-E-E10-105,Room E10-105
TB1-E-E10-105-3,TBCV1-E-E10-105,Room E10-105
TB1-E-E10-105-4,TBCV1-E-E10-105,Room E10-105
TB1-E-E10-106-1,TBCV1-E-E10-106,Room E10-106
TB1-E-E10-106-2,TBCV1-E-E10-106,Room E10-106
TB1-E-E10-106-3,TBCV1-E-E10-106,Room E10-106
TB1-E-E10-106-4,TBCV1-E-E10-106,Room E10-106
TB1-E-E10-107-1,TBCV1-E-E10-107,Room E10-107
TB1-E-E10-107-2,TBCV1-E-E10-107,Room E10-107
TB1-E-E10-107-3,TBCV1-E-E10-107,Room E10-107
TB1-E-E10-107-4,TBCV1-E-E10-107,Room E10-107
TB1-E-E10-108-1,TBCV1-E-E10-108,Room E10-108
TB1-E-E10-108-2,TBCV1-E-E10-108,Room E10-108
TB1-E-E10-108-3,TBCV1-E-E10-108,Room E10-108
TB1-E-E10-108-4,TBCV1-E-E10-108,Room E10-108
TB1-E-E10-109-1,TBCV1-E-E10-109,Room E10-109
TB1-E-E10-109-2,TBCV1-E-E10-109,Room E10-109
TB1-E-E10-109-3,TBCV1-E-E10-109,Room E10-109
TB1-E-E10-109-4,TBCV1-E-E10-109,Room E10-109
TB1-E-E10-110-1,TBCV1-E-E10-110,Room E10-110
TB1-E-E10-110-2,TBCV1-E-E10-110,Room E10-110
TB1-E-E10-110-3,TBCV1-E-E10-110,Room E10-110
TB1-E-E10-110-4,TBCV1-E-E10-110,Room E10-110
TB1-E-E10-111-1,TBCV1-E-E10-111,Room E10-111
TB1-E-E10-111-2,TBCV1-E-E10-111,Room E10-111
TB1-E-E10-111-3,TBCV1-E-E10-111,Room E10-111
TB1-E-E10-111-4,TBCV1-E-E10-111,Room E10-111
TB1-E-E10-112-1,TBCV1-E-E10-112,Room E10-112
TB1-E-E10-112-2,TBCV1-E-E10-112,Room E10-112
TB1-E-E10-112-3,TBCV1-E-E10-112,Room E10-112
TB1-E-E10-112-4,TBCV1-E-E10-112,Room E10-112
TB1-E-E11-001-1,TBCV1-E-E11-001,Room E11-001
TB1-E-E11-001-2,TBCV1-E-E11-001,Room E11-001
TB1-E-E11-001-3,TBCV1-E-E11-001,Room E11-001
TB1-E-E11-001-4,TBCV1-E-E11-001,Room E11-001
TB1-E-E11-001-5,TBCV1-E-E11-001,Room E11-001
TB1-E-E11-002-1,TBCV1-E-E11-002,Room E11-002
TB1-E-E11-002-2,TBCV1-E-E11-002,Room E11-002
TB1-E-E11-002-3,TBCV1-E-E11-002,Room E11-002
TB1-E-E11-002-4,TBCV1-E-E11-002,Room E11-002
TB1-E-E11-002-5,TBCV1-E-E11-002,Room E11-002
TB1-E-E11-003-1,TBCV1-E-E11-003,Room E11-003
TB1-E-E11-003-2,TBCV1-E-E11-003,Room E11-003
TB1-E-E11-003-3,TBCV1-E-E11-003,Room E11-003
TB1-E-E11-003-4,TBCV1-E-E11-003,Room E11-003
TB1-E-E11-003-5,TBCV1-E-E11-003,Room E11-003
TB1-E-E11-004-1,TBCV1-E-E11-004,Room E11-004
TB1-E-E11-004-2,TBCV1-E-E11-004,Room E11-004
TB1-E-E11-004-3,TBCV1-E-E11-004,Room E11-004
TB1-E-E11-004-4,TBCV1-E-E11-004,Room E11-004
TB1-E-E11-004-5,TBCV1-E-E11-004,Room E11-004
TB1-E-E11-005-1,TBCV1-E-E11-005,Room E11-005
TB1-E-E11-005-2,TBCV1-E-E11-005,Room E11-005
TB1-E-E11-005-3,TBCV1-E-E11-005,Room E11-005
TB1-E-E11-005-4,TBCV1-E-E11-005,Room E11-005
TB1-E-E11-005-5,TBCV1-E-E11-005,Room E11-005
TB1-E-E11-006-1,TBCV1-E-E11-006,Room E11-006
TB1-E-E11-006-2,TBCV1-E-E11-006,Room E11-006
TB1-E-E11-006-3,TBCV1-E-E11-006,Room E11-006
TB1-E-E11-006-4,TBCV1-E-E11-006,Room E11-006
TB1-E-E11-006-5,TBCV1-E-E11-006,Room E11-006
TB1-E-E11-007-1,TBCV1-E-E11-007,Room E11-007
TB1-E-E11-007-2,TBCV1-E-E11-007,Room E11-007
TB1-E-E11-007-3,TBCV1-E-E11-007,Room E11-007
TB1-E-E11-007-4,TBCV1-E-E11-007,Room E11-007
TB1-E-E11-007-5,TBCV1-E-E11-007,Room E11-007
TB1-E-E11-008-1,TBCV1-E-E11-008,Room E11-008
TB1-E-E11-008-2,TBCV1-E-E11-008,Room E11-008
TB1-E-E11-008-3,TBCV1-E-E11-008,Room E11-008
TB1-E-E11-008-4,TBCV1-E-E11-008,Room E11-008
TB1-E-E11-008-5,TBCV1-E-E11-008,Room E11-008
TB1-E-E11-009-1,TBCV1-E-E11-009,Room E11-009
TB1-E-E11-009-2,TBCV1-E-E11-009,Room E11-009
TB1-E-E11-009-3,TBCV1-E-E11-009,Room E11-009
TB1-E-E11-009-4,TBCV1-E-E11-009,Room E11-009
TB1-E-E11-009-5,TBCV1-E-E11-009,Room E11-009
TB1-E-E11-010-1,TBCV1-E-E11-010,Room E11-010
TB1-E-E11-010-2,TBCV1-E-E11-010,Room E11-010
TB1-E-E11-010-3,TBCV1-E-E11-010,Room E11-010
TB1-E-E11-010-4,TBCV1-E-E11-010,Room E11-010
TB1-E-E11-010-5,TBCV1-E-E11-010,Room E11-010
TB1-E-E11-011-1,TBCV1-E-E11-011,Room E11-011
TB1-E-E11-011-2,TBCV1-E-E11-011,Room E11-011
TB1-E-E11-011-3,TBCV1-E-E11-011,Room E11-011
TB1-E-E11-011-4,TBCV1-E-E11-011,Room E11-011
TB1-E-E11-011-5,TBCV1-E-E11-011,Room E11-011
TB1-E-E11-012-1,TBCV1-E-E11-012,Room E11-012
TB1-E-E11-012-2,TBCV1-E-E11-012,Room E11-012
TB1-E-E11-012-3,TBCV1-E-E11-012,Room E11-012
TB1-E-E11-012-4,TBCV1-E-E11-012,Room E11-012
TB1-E-E11-012-5,TBCV1-E-E11-012,Room E11-012
TB1-E-E11-101-1,TBCV1-E-E11-101,Room E11-101
TB1-E-E11-101-2,TBCV1-E-E11-101,Room E11-101
TB1-E-E11-101-3,TBCV1-E-E11-101,Room E11-101
TB1-E-E11-101-4,TBCV1-E-E11-101,Room E11-101
TB1-E-E11-102-1,TBCV1-E-E11-102,Room E11-102
TB1-E-E11-102-2,TBCV1-E-E11-102,Room E11-102
TB1-E-E11-102-3,TBCV1-E-E11-102,Room E11-102
TB1-E-E11-102-4,TBCV1-E-E11-102,Room E11-102
TB1-E-E11-103-1,TBCV1-E-E11-103,Room E11-103
TB1-E-E11-103-2,TBCV1-E-E11-103,Room E11-103
TB1-E-E11-103-3,TBCV1-E-E11-103,Room E11-103
TB1-E-E11-103-4,TBCV1-E-E11-103,Room E11-103
TB1-E-E11-104-1,TBCV1-E-E11-104,Room E11-104
TB1-E-E11-104-2,TBCV1-E-E11-104,Room E11-104
TB1-E-E11-104-3,TBCV1-E-E11-104,Room E11-104
TB1-E-E11-104-4,TBCV1-E-E11-104,Room E11-104
TB1-E-E11-105-1,TBCV1-E-E11-105,Room E11-105
TB1-E-E11-105-2,TBCV1-E-E11-105,Room E11-105
TB1-E-E11-105-3,TBCV1-E-E11-105,Room E11-105
TB1-E-E11-105-4,TBCV1-E-E11-105,Room E11-105
TB1-E-E11-106-1,TBCV1-E-E11-106,Room E11-106
TB1-E-E11-106-2,TBCV1-E-E11-106,Room E11-106
TB1-E-E11-106-3,TBCV1-E-E11-106,Room E11-106
TB1-E-E11-106-4,TBCV1-E-E11-106,Room E11-106
TB1-E-E11-107-1,TBCV1-E-E11-107,Room E11-107
TB1-E-E11-107-2,TBCV1-E-E11-107,Room E11-107
TB1-E-E11-107-3,TBCV1-E-E11-107,Room E11-107
TB1-E-E11-107-4,TBCV1-E-E11-107,Room E11-107
TB1-E-E11-108-1,TBCV1-E-E11-108,Room E11-108
TB1-E-E11-108-2,TBCV1-E-E11-108,Room E11-108
TB1-E-E11-108-3,TBCV1-E-E11-108,Room E11-108
TB1-E-E11-108-4,TBCV1-E-E11-108,Room E11-108
TB1-E-E11-109-1,TBCV1-E-E11-109,Room E11-109
TB1-E-E11-109-2,TBCV1-E-E11-109,Room E11-109
TB1-E-E11-109-3,TBCV1-E-E11-109,Room E11-109
TB1-E-E11-109-4,TBCV1-E-E11-109,Room E11-109
TB1-E-E11-110-1,TBCV1-E-E11-110,Room E11-110
TB1-E-E11-110-2,TBCV1-E-E11-110,Room E11-110
TB1-E-E11-110-3,TBCV1-E-E11-110,Room E11-110
TB1-E-E11-110-4,TBCV1-E-E11-110,Room E11-110
TB1-E-E11-111-1,TBCV1-E-E11-111,Room E11-111
TB1-E-E11-111-2,TBCV1-E-E11-111,Room E11-111
TB1-E-E11-111-3,TBCV1-E-E11-111,Room E11-111
TB1-E-E11-111-4,TBCV1-E-E11-111,Room E11-111
TB1-E-E11-112-1,TBCV1-E-E11-112,Room E11-112
TB1-E-E11-112-2,TBCV1-E-E11-112,Room E11-112
TB1-E-E11-112-3,TBCV1-E-E11-112,Room E11-112
TB1-E-E11-112-4,TBCV1-E-E11-112,Room E11-112
TB1-E-E12-001-1,TBCV1-E-E12-001,Room E12-001
TB1-E-E12-001-2,TBCV1-E-E12-001,Room E12-001
TB1-E-E12-001-3,TBCV1-E-E12-001,Room E12-001
TB1-E-E12-001-4,TBCV1-E-E12-001,Room E12-001
TB1-E-E12-001-5,TBCV1-E-E12-001,Room E12-001
TB1-E-E12-002-1,TBCV1-E-E12-002,Room E12-002
TB1-E-E12-002-2,TBCV1-E-E12-002,Room E12-002
TB1-E-E12-002-3,TBCV1-E-E12-002,Room E12-002
TB1-E-E12-002-4,TBCV1-E-E12-002,Room E12-002
TB1-E-E12-002-5,TBCV1-E-E12-002,Room E12-002
TB1-E-E12-003-1,TBCV1-E-E12-003,Room E12-003
TB1-E-E12-003-2,TBCV1-E-E12-003,Room E12-003
TB1-E-E12-003-3,TBCV1-E-E12-003,Room E12-003
TB1-E-E12-003-4,TBCV1-E-E12-003,Room E12-003
TB1-E-E12-003-5,TBCV1-E-E12-003,Room E12-003
TB1-E-E12-004-1,TBCV1-E-E12-004,Room E12-004
TB1-E-E12-004-2,TBCV1-E-E12-004,Room E12-004
TB1-E-E12-004-3,TBCV1-E-E12-004,Room E12-004
TB1-E-E12-004-4,TBCV1-E-E12-004,Room E12-004
TB1-E-E12-004-5,TBCV1-E-E12-004,Room E12-004
TB1-E-E12-005-1,TBCV1-E-E12-005,Room E12-005
TB1-E-E12-005-2,TBCV1-E-E12-005,Room E12-005
TB1-E-E12-005-3,TBCV1-E-E12-005,Room E12-005
TB1-E-E12-005-4,TBCV1-E-E12-005,Room E12-005
TB1-E-E12-005-5,TBCV1-E-E12-005,Room E12-005
TB1-E-E12-006-1,TBCV1-E-E12-006,Room E12-006
TB1-E-E12-006-2,TBCV1-E-E12-006,Room E12-006
TB1-E-E12-006-3,TBCV1-E-E12-006,Room E12-006
TB1-E-E12-006-4,TBCV1-E-E12-006,Room E12-006
TB1-E-E12-006-5,TBCV1-E-E12-006,Room E12-006
TB1-E-E12-007-1,TBCV1-E-E12-007,Room E12-007
TB1-E-E12-007-2,TBCV1-E-E12-007,Room E12-007
TB1-E-E12-007-3,TBCV1-E-E12-007,Room E12-007
TB1-E-E12-007-4,TBCV1-E-E12-007,Room E12-007
TB1-E-E12-007-5,TBCV1-E-E12-007,Room E12-007
TB1-E-E12-008-1,TBCV1-E-E12-008,Room E12-008
TB1-E-E12-008-2,TBCV1-E-E12-008,Room E12-008
TB1-E-E12-008-3,TBCV1-E-E12-008,Room E12-008
TB1-E-E12-008-4,TBCV1-E-E12-008,Room E12-008
TB1-E-E12-008-5,TBCV1-E-E12-008,Room E12-008
TB1-E-E12-009-1,TBCV1-E-E12-009,Room E12-009
TB1-E-E12-009-2,TBCV1-E-E12-009,Room E12-009
TB1-E-E12-009-3,TBCV1-E-E12-009,Room E12-009
TB1-E-E12-009-4,TBCV1-E-E12-009,Room E12-009
TB1-E-E12-009-5,TBCV1-E-E12-009,Room E12-009
TB1-E-E12-010-1,TBCV1-E-E12-010,Room E12-010
TB1-E-E12-010-2,TBCV1-E-E12-010,Room E12-010
TB1-E-E12-010-3,TBCV1-E-E12-010,Room E12-010
TB1-E-E12-010-4,TBCV1-E-E12-010,Room E12-010
TB1-E-E12-010-5,TBCV1-E-E12-010,Room E12-010
TB1-E-E12-011-1,TBCV1-E-E12-011,Room E12-011
TB1-E-E12-011-2,TBCV1-E-E12-011,Room E12-011
TB1-E-E12-011-3,TBCV1-E-E12-011,Room E12-011
TB1-E-E12-011-4,TBCV1-E-E12-011,Room E12-011
TB1-E-E12-011-5,TBCV1-E-E12-011,Room E12-011
TB1-E-E12-012-1,TBCV1-E-E12-012,Room E12-012
TB1-E-E12-012-2,TBCV1-E-E12-012,Room E12-012
TB1-E-E12-012-3,TBCV1-E-E12-012,Room E12-012
TB1-E-E12-012-4,TBCV1-E-E12-012,Room E12-012
TB1-E-E12-012-5,TBCV1-E-E12-012,Room E12-012
TB1-E-E12-101-1,TBCV1-E-E12-101,Room E12-101
TB1-E-E12-101-2,TBCV1-E-E12-101,Room E12-101
TB1-E-E12-101-3,TBCV1-E-E12-101,Room E12-101
TB1-E-E12-101-4,TBCV1-E-E12-101,Room E12-101
TB1-E-E12-102-1,TBCV1-E-E12-102,Room E12-102
TB1-E-E12-102-2,TBCV1-E-E12-102,Room E12-102
TB1-E-E12-102-3,TBCV1-E-E12-102,Room E12-102
TB1-E-E12-102-4,TBCV1-E-E12-102,Room E12-102
TB1-E-E12-103-1,TBCV1-E-E12-103,Room E12-103
TB1-E-E12-103-2,TBCV1-E-E12-103,Room E12-103
TB1-E-E12-103-3,TBCV1-E-E12-103,Room E12-103
TB1-E-E12-103-4,TBCV1-E-E12-103,Room E12-103
TB1-E-E12-104-1,TBCV1-E-E12-104,Room E12-104
TB1-E-E12-104-2,TBCV1-E-E12-104,Room E12-104
TB1-E-E12-104-3,TBCV1-E-E12-104,Room E12-104
TB1-E-E12-104-4,TBCV1-E-E12-104,Room E12-104
TB1-E-E12-105-1,TBCV1-E-E12-105,Room E12-105
TB1-E-E12-105-2,TBCV1-E-E12-105,Room E12-105
TB1-E-E12-105-3,TBCV1-E-E12-105,Room E12-105
TB1-E-E12-105-4,TBCV1-E-E12-105,Room E12-105
TB1-E-E12-106-1,TBCV1-E-E12-106,Room E12-106
TB1-E-E12-106-2,TBCV1-E-E12-106,Room E12-106
TB1-E-E12-106-3,TBCV1-E-E12-106,Room E12-106
TB1-E-E12-106-4,TBCV1-E-E12-106,Room E12-106
TB1-E-E12-107-1,TBCV1-E-E12-107,Room E12-107
TB1-E-E12-107-2,TBCV1-E-E12-107,Room E12-107
TB1-E-E12-107-3,TBCV1-E-E12-107,Room E12-107
TB1-E-E12-107-4,TBCV1-E-E12-107,Room E12-107
TB1-E-E12-108-1,TBCV1-E-E12-108,Room E12-108
TB1-E-E12-108-2,TBCV1-E-E12-108,Room E12-108
TB1-E-E12-108-3,TBCV1-E-E12-108,Room E12-108
TB1-E-E12-108-4,TBCV1-E-E12-108,Room E12-108
TB1-E-E12-109-1,TBCV1-E-E12-109,Room E12-109
TB1-E-E12-109-2,TBCV1-E-E12-109,Room E12-109
TB1-E-E12-109-3,TBCV1-E-E12-109,Room E12-109
TB1-E-E12-109-4,TBCV1-E-E12-109,Room E12-109
TB1-E-E12-110-1,TBCV1-E-E12-110,Room E12-110
TB1-E-E12-110-2,TBCV1-E-E12-110,Room E12-110
TB1-E-E12-110-3,TBCV1-E-E12-110,Room E12-110
TB1-E-E12-110-4,TBCV1-E-E12-110,Room E12-110
TB1-E-E12-111-1,TBCV1-E-E12-111,Room E12-111
TB1-E-E12-111-2,TBCV1-E-E12-111,Room E12-111
TB1-E-E12-111-3,TBCV1-E-E12-111,Room E12-111
TB1-E-E12-111-4,TBCV1-E-E12-111,Room E12-111
TB1-E-E12-112-1,TBCV1-E-E12-112,Room E12-112
TB1-E-E12-112-2,TBCV1-E-E12-112,Room E12-112
TB1-E-E12-112-3,TBCV1-E-E12-112,Room E12-112
TB1-E-E12-112-4,TBCV1-E-E12-112,Room E12-112
TB1-E-E13-001-1,TBCV1-E-E13-001,Room E13-001
TB1-E-E13-001-2,TBCV1-E-E13-001,Room E13-001
TB1-E-E13-001-3,TBCV1-E-E13-001,Room E13-001
TB1-E-E13-001-4,TBCV1-E-E13-001,Room E13-001
TB1-E-E13-001-5,TBCV1-E-E13-001,Room E13-001
TB1-E-E13-002-1,TBCV1-E-E13-002,Room E13-002
TB1-E-E13-002-2,TBCV1-E-E13-002,Room E13-002
TB1-E-E13-002-3,TBCV1-E-E13-002,Room E13-002
TB1-E-E13-002-4,TBCV1-E-E13-002,Room E13-002
TB1-E-E13-002-5,TBCV1-E-E13-002,Room E13-002
TB1-E-E13-003-1,TBCV1-E-E13-003,Room E13-003
TB1-E-E13-003-2,TBCV1-E-E13-003,Room E13-003
TB1-E-E13-003-3,TBCV1-E-E13-003,Room E13-003
TB1-E-E13-003-4,TBCV1-E-E13-003,Room E13-003
TB1-E-E13-003-5,TBCV1-E-E13-003,Room E13-003
TB1-E-E13-004-1,TBCV1-E-E13-004,Room E13-004
TB1-E-E13-004-2,TBCV1-E-E13-004,Room E13-004
TB1-E-E13-004-3,TBCV1-E-E13-004,Room E13-004
TB1-E-E13-004-4,TBCV1-E-E13-004,Room E13-004
TB1-E-E13-004-5,TBCV1-E-E13-004,Room E13-004
TB1-E-E13-005-1,TBCV1-E-E13-005,Room E13-005
TB1-E-E13-005-2,TBCV1-E-E13-005,Room E13-005
TB1-E-E13-005-3,TBCV1-E-E13-005,Room E13-005
TB1-E-E13-005-4,TBCV1-E-E13-005,Room E13-005
TB1-E-E13-005-5,TBCV1-E-E13-005,Room E13-005
TB1-E-E13-006-1,TBCV1-E-E13-006,Room E13-006
TB1-E-E13-006-2,TBCV1-E-E13-006,Room E13-006
TB1-E-E13-006-3,TBCV1-E-E13-006,Room E13-006
TB1-E-E13-006-4,TBCV1-E-E13-006,Room E13-006
TB1-E-E13-006-5,TBCV1-E-E13-006,Room E13-006
TB1-E-E13-007-1,TBCV1-E-E13-007,Room E13-007
TB1-E-E13-007-2,TBCV1-E-E13-007,Room E13-007
TB1-E-E13-007-3,TBCV1-E-E13-007,Room E13-007
TB1-E-E13-007-4,TBCV1-E-E13-007,Room E13-007
TB1-E-E13-007-5,TBCV1-E-E13-007,Room E13-007
TB1-E-E13-008-1,TBCV1-E-E13-008,Room E13-008
TB1-E-E13-008-2,TBCV1-E-E13-008,Room E13-008
TB1-E-E13-008-3,TBCV1-E-E13-008,Room E13-008
TB1-E-E13-008-4,TBCV1-E-E13-008,Room E13-008
TB1-E-E13-008-5,TBCV1-E-E13-008,Room E13-008
TB1-E-E13-009-1,TBCV1-E-E13-009,Room E13-009
TB1-E-E13-009-2,TBCV1-E-E13-009,Room E13-009
TB1-E-E13-009-3,TBCV1-E-E13-009,Room E13-009
TB1-E-E13-009-4,TBCV1-E-E13-009,Room E13-009
TB1-E-E13-009-5,TBCV1-E-E13-009,Room E13-009
TB1-E-E13-010-1,TBCV1-E-E13-010,Room E13-010
TB1-E-E13-010-2,TBCV1-E-E13-010,Room E13-010
TB1-E-E13-010-3,TBCV1-E-E13-010,Room E13-010
TB1-E-E13-010-4,TBCV1-E-E13-010,Room E13-010
TB1-E-E13-010-5,TBCV1-E-E13-010,Room E13-010
TB1-E-E13-011-1,TBCV1-E-E13-011,Room E13-011
TB1-E-E13-011-2,TBCV1-E-E13-011,Room E13-011
TB1-E-E13-011-3,TBCV1-E-E13-011,Room E13-011
TB1-E-E13-011-4,TBCV1-E-E13-011,Room E13-011
TB1-E-E13-011-5,TBCV1-E-E13-011,Room E13-011
TB1-E-E13-012-1,TBCV1-E-E13-012,Room E13-012
TB1-E-E13-012-2,TBCV1-E-E13-012,Room E13-012
TB1-E-E13-012-3,TBCV1-E-E13-012,Room E13-012
TB1-E-E13-012-4,TBCV1-E-E13-012,Room E13-012
TB1-E-E13-012-5,TBCV1-E-E13-012,Room E13-012
TB1-E-E13-101-1,TBCV1-E-E13-101,Room E13-101
TB1-E-E13-101-2,TBCV1-E-E13-101,Room E13-101
TB1-E-E13-101-3,TBCV1-E-E13-101,Room E13-101
TB1-E-E13-101-4,TBCV1-E-E13-101,Room E13-101
TB1-E-E13-102-1,TBCV1-E-E13-102,Room E13-102
TB1-E-E13-102-2,TBCV1-E-E13-102,Room E13-102
TB1-E-E13-102-3,TBCV1-E-E13-102,Room E13-102
TB1-E-E13-102-4,TBCV1-E-E13-102,Room E13-102
TB1-E-E13-103-1,TBCV1-E-E13-103,Room E13-103
TB1-E-E13-103-2,TBCV1-E-E13-103,Room E13-103
TB1-E-E13-103-3,TBCV1-E-E13-103,Room E13-103
TB1-E-E13-103-4,TBCV1-E-E13-103,Room E13-103
TB1-E-E13-104-1,TBCV1-E-E13-104,Room E13-104
TB1-E-E13-104-2,TBCV1-E-E13-104,Room E13-104
TB1-E-E13-104-3,TBCV1-E-E13-104,Room E13-104
TB1-E-E13-104-4,TBCV1-E-E13-104,Room E13-104
TB1-E-E13-105-1,TBCV1-E-E13-105,Room E13-105
TB1-E-E13-105-2,TBCV1-E-E13-105,Room E13-105
TB1-E-E13-105-3,TBCV1-E-E13-105,Room E13-105
TB1-E-E13-105-4,TBCV1-E-E13-105,Room E13-105
TB1-E-E13-106-1,TBCV1-E-E13-106,Room E13-106
TB1-E-E13-106-2,TBCV1-E-E13-106,Room E13-106
TB1-E-E13-106-3,TBCV1-E-E13-106,Room E13-106
TB1-E-E13-106-4,TBCV1-E-E13-106,Room E13-106
TB1-E-E13-107-1,TBCV1-E-E13-107,Room E13-107
TB1-E-E13-107-2,TBCV1-E-E13-107,Room E13-107
TB1-E-E13-107-3,TBCV1-E-E13-107,Room E13-107
TB1-E-E13-107-4,TBCV1-E-E13-107,Room E13-107
TB1-E-E13-108-1,TBCV1-E-E13-108,Room E13-108
TB1-E-E13-108-2,TBCV1-E-E13-108,Room E13-108
TB1-E-E13-108-3,TBCV1-E-E13-108,Room E13-108
TB1-E-E13-108-4,TBCV1-E-E13-108,Room E13-108
TB1-E-E13-109-1,TBCV1-E-E13-109,Room E13-109
TB1-E-E13-109-2,TBCV1-E-E13-109,Room E13-109
TB1-E-E13-109-3,TBCV1-E-E13-109,Room E13-109
TB1-E-E13-109-4,TBCV1-E-E13-109,Room E13-109
TB1-E-E13-110-1,TBCV1-E-E13-110,Room E13-110
TB1-E-E13-110-2,TBCV1-E-E13-110,Room E13-110
TB1-E-E13-110-3,TBCV1-E-E13-110,Room E13-110
TB1-E-E13-110-4,TBCV1-E-E13-110,Room E13-110
TB1-E-E13-111-1,TBCV1-E-E13-111,Room E13-111
TB1-E-E13-111-2,TBCV1-E-E13-111,Room E13-111
TB1-E-E13-111-3,TBCV1-E-E13-111,Room E13-111
TB1-E-E13-111-4,TBCV1-E-E13-111,Room E13-111
TB1-E-E13-112-1,TBCV1-E-E13-112,Room E13-112
TB1-E-E13-112-2,TBCV1-E-E13-112,Room E13-112
TB1-E-E13-112-3,TBCV1-E-E13-112,Room E13-112
TB1-E-E13-112-4,TBCV1-E-E13-112,Room E13-112
TB1-E-E14-001-1,TBCV1-E-E14-001,Room E14-001
TB1-E-E14-001-2,TBCV1-E-E14-001,Room E14-001
TB1-E-E14-001-3,TBCV1-E-E14-001,Room E14-001
TB1-E-E14-001-4,TBCV1-E-E14-001,Room E14-001
TB1-E-E14-001-5,TBCV1-E-E14-001,Room E14-001
TB1-E-E14-002-1,TBCV1-E-E14-002,Room E14-002
TB1-E-E14-002-2,TBCV1-E-E14-002,Room E14-002
TB1-E-E14-002-3,TBCV1-E-E14-002,Room E14-002
TB1-E-E14-002-4,TBCV1-E-E14-002,Room E14-002
TB1-E-E14-002-5,TBCV1-E-E14-002,Room E14-002
TB1-E-E14-003-1,TBCV1-E-E14-003,Room E14-003
TB1-E-E14-003-2,TBCV1-E-E14-003,Room E14-003
TB1-E-E14-003-3,TBCV1-E-E14-003,Room E14-003
TB1-E-E14-003-4,TBCV1-E-E14-003,Room E14-003
TB1-E-E14-003-5,TBCV1-E-E14-003,Room E14-003
TB1-E-E14-004-1,TBCV1-E-E14-004,Room E14-004
TB1-E-E14-004-2,TBCV1-E-E14-004,Room E14-004
TB1-E-E14-004-3,TBCV1-E-E14-004,Room E14-004
TB1-E-E14-004-4,TBCV1-E-E14-004,Room E14-004
TB1-E-E14-004-5,TBCV1-E-E14-004,Room E14-004
TB1-E-E14-005-1,TBCV1-E-E14-005,Room E14-005
TB1-E-E14-005-2,TBCV1-E-E14-005,Room E14-005
TB1-E-E14-005-3,TBCV1-E-E14-005,Room E14-005
TB1-E-E14-005-4,TBCV1-E-E14-005,Room E14-005
TB1-E-E14-005-5,TBCV1-E-E14-005,Room E14-005
TB1-E-E14-006-1,TBCV1-E-E14-006,Room E14-006
TB1-E-E14-006-2,TBCV1-E-E14-006,Room E14-006
TB1-E-E14-006-3,TBCV1-E-E14-006,Room E14-006
TB1-E-E14-006-4,TBCV1-E-E14-006,Room E14-006
TB1-E-E14-006-5,TBCV1-E-E14-006,Room E14-006
TB1-E-E14-007-1,TBCV1-E-E14-007,Room E14-007
TB1-E-E14-007-2,TBCV1-E-E14-007,Room E14-007
TB1-E-E14-007-3,TBCV1-E-E14-007,Room E14-007
TB1-E-E14-007-4,TBCV1-E-E14-007,Room E14-007
TB1-E-E14-007-5,TBCV1-E-E14-007,Room E14-007
TB1-E-E14-008-1,TBCV1-E-E14-008,Room E14-008
TB1-E-E14-008-2,TBCV1-E-E14-008,Room E14-008
TB1-E-E14-008-3,TBCV1-E-E14-008,Room E14-008
TB1-E-E14-008-4,TBCV1-E-E14-008,Room E14-008
TB1-E-E14-008-5,TBCV1-E-E14-008,Room E14-008
TB1-E-E14-009-1,TBCV1-E-E14-009,Room E14-009
TB1-E-E14-009-2,TBCV1-E-E14-009,Room E14-009
TB1-E-E14-009-3,TBCV1-E-E14-009,Room E14-009
TB1-E-E14-009-4,TBCV1-E-E14-009,Room E14-009
TB1-E-E14-009-5,TBCV1-E-E14-009,Room E14-009
TB1-E-E14-010-1,TBCV1-E-E14-010,Room E14-010
TB1-E-E14-010-2,TBCV1-E-E14-010,Room E14-010
TB1-E-E14-010-3,TBCV1-E-E14-010,Room E14-010
TB1-E-E14-010-4,TBCV1-E-E14-010,Room E14-010
TB1-E-E14-010-5,TBCV1-E-E14-010,Room E14-010
TB1-E-E14-011-1,TBCV1-E-E14-011,Room E14-011
TB1-E-E14-011-2,TBCV1-E-E14-011,Room E14-011
TB1-E-E14-011-3,TBCV1-E-E14-011,Room E14-011
TB1-E-E14-011-4,TBCV1-E-E14-011,Room E14-011
TB1-E-E14-011-5,TBCV1-E-E14-011,Room E14-011
TB1-E-E14-012-1,TBCV1-E-E14-012,Room E14-012
TB1-E-E14-012-2,TBCV1-E-E14-012,Room E14-012
TB1-E-E14-012-3,TBCV1-E-E14-012,Room E14-012
TB1-E-E14-012-4,TBCV1-E-E14-012,Room E14-012
TB1-E-E14-012-5,TBCV1-E-E14-012,Room E14-012
TB1-E-E14-101-1,TBCV1-E-E14-101,Room E14-101
TB1-E-E14-101-2,TBCV1-E-E14-101,Room E14-101
TB1-E-E14-101-3,TBCV1-E-E14-101,Room E14-101
TB1-E-E14-101-4,TBCV1-E-E14-101,Room E14-101
TB1-E-E14-102-1,TBCV1-E-E14-102,Room E14-102
TB1-E-E14-102-2,TBCV1-E-E14-102,Room E14-102
TB1-E-E14-102-3,TBCV1-E-E14-102,Room E14-102
TB1-E-E14-102-4,TBCV1-E-E14-102,Room E14-102
TB1-E-E14-103-1,TBCV1-E-E14-103,Room E14-103
TB1-E-E14-103-2,TBCV1-E-E14-103,Room E14-103
TB1-E-E14-103-3,TBCV1-E-E14-103,Room E14-103
TB1-E-E14-103-4,TBCV1-E-E14-103,Room E14-103
TB1-E-E14-104-1,TBCV1-E-E14-104,Room E14-104
TB1-E-E14-104-2,TBCV1-E-E14-104,Room E14-104
TB1-E-E14-104-3,TBCV1-E-E14-104,Room E14-104
TB1-E-E14-104-4,TBCV1-E-E14-104,Room E14-104
TB1-E-E14-105-1,TBCV1-E-E14-105,Room E14-105
TB1-E-E14-105-2,TBCV1-E-E14-105,Room E14-105
TB1-E-E14-105-3,TBCV1-E-E14-105,Room E14-105
TB1-E-E14-105-4,TBCV1-E-E14-105,Room E14-105
TB1-E-E14-106-1,TBCV1-E-E14-106,Room E14-106
TB1-E-E14-106-2,TBCV1-E-E14-106,Room E14-106
TB1-E-E14-106-3,TBCV1-E-E14-106,Room E14-106
TB1-E-E14-106-4,TBCV1-E-E14-106,Room E14-106
TB1-E-E14-107-1,TBCV1-E-E14-107,Room E14-107
TB1-E-E14-107-2,TBCV1-E-E14-107,Room E14-107
TB1-E-E14-107-3,TBCV1-E-E14-107,Room E14-107
TB1-E-E14-107-4,TBCV1-E-E14-107,Room E14-107
TB1-E-E14-108-1,TBCV1-E-E14-108,Room E14-108
TB1-E-E14-108-2,TBCV1-E-E14-108,Room E14-108
TB1-E-E14-108-3,TBCV1-E-E14-108,Room E14-108
TB1-E-E14-108-4,TBCV1-E-E14-108,Room E14-108
TB1-E-E14-109-1,TBCV1-E-E14-109,Room E14-109
TB1-E-E14-109-2,TBCV1-E-E14-109,Room E14-109
TB1-E-E14-109-3,TBCV1-E-E14-109,Room E14-109
TB1-E-E14-109-4,TBCV1-E-E14-109,Room E14-109
TB1-E-E14-110-1,TBCV1-E-E14-110,Room E14-110
TB1-E-E14-110-2,TBCV1-E-E14-110,Room E14-110
TB1-E-E14-110-3,TBCV1-E-E14-110,Room E14-110
TB1-E-E14-110-4,TBCV1-E-E14-110,Room E14-110
TB1-E-E14-111-1,TBCV1-E-E14-111,Room E14-111
TB1-E-E14-111-2,TBCV1-E-E14-111,Room E14-111
TB1-E-E14-111-3,TBCV1-E-E14-111,Room E14-111
TB1-E-E14-111-4,TBCV1-E-E14-111,Room E14-111
TB1-E-E14-112-1,TBCV1-E-E14-112,Room E14-112
TB1-E-E14-112-2,TBCV1-E-E14-112,Room E14-112
TB1-E-E14-112-3,TBCV1-E-E14-112,Room E14-112
TB1-E-E14-112-4,TBCV1-E-E14-112,Room E14-112
TB1-E-E15-001-1,TBCV1-E-E15-001,Room E15-001
TB1-E-E15-001-2,TBCV1-E-E15-001,Room E15-001
TB1-E-E15-001-3,TBCV1-E-E15-001,Room E15-001
TB1-E-E15-001-4,TBCV1-E-E15-001,Room E15-001
TB1-E-E15-001-5,TBCV1-E-E15-001,Room E15-001
TB1-E-E15-002-1,TBCV1-E-E15-002,Room E15-002
TB1-E-E15-002-2,TBCV1-E-E15-002,Room E15-002
TB1-E-E15-002-3,TBCV1-E-E15-002,Room E15-002
TB1-E-E15-002-4,TBCV1-E-E15-002,Room E15-002
TB1-E-E15-002-5,TBCV1-E-E15-002,Room E15-002
TB1-E-E15-003-1,TBCV1-E-E15-003,Room E15-003
TB1-E-E15-003-2,TBCV1-E-E15-003,Room E15-003
TB1-E-E15-003-3,TBCV1-E-E15-003,Room E15-003
TB1-E-E15-003-4,TBCV1-E-E15-003,Room E15-003
TB1-E-E15-003-5,TBCV1-E-E15-003,Room E15-003
TB1-E-E15-004-1,TBCV1-E-E15-004,Room E15-004
TB1-E-E15-004-2,TBCV1-E-E15-004,Room E15-004
TB1-E-E15-004-3,TBCV1-E-E15-004,Room E15-004
TB1-E-E15-004-4,TBCV1-E-E15-004,Room E15-004
TB1-E-E15-004-5,TBCV1-E-E15-004,Room E15-004
TB1-E-E15-005-1,TBCV1-E-E15-005,Room E15-005
TB1-E-E15-005-2,TBCV1-E-E15-005,Room E15-005
TB1-E-E15-005-3,TBCV1-E-E15-005,Room E15-005
TB1-E-E15-005-4,TBCV1-E-E15-005,Room E15-005
TB1-E-E15-005-5,TBCV1-E-E15-005,Room E15-005
TB1-E-E15-006-1,TBCV1-E-E15-006,Room E15-006
TB1-E-E15-006-2,TBCV1-E-E15-006,Room E15-006
TB1-E-E15-006-3,TBCV1-E-E15-006,Room E15-006
TB1-E-E15-006-4,TBCV1-E-E15-006,Room E15-006
TB1-E-E15-006-5,TBCV1-E-E15-006,Room E15-006
TB1-E-E15-007-1,TBCV1-E-E15-007,Room E15-007
TB1-E-E15-007-2,TBCV1-E-E15-007,Room E15-007
TB1-E-E15-007-3,TBCV1-E-E15-007,Room E15-007
TB1-E-E15-007-4,TBCV1-E-E15-007,Room E15-007
TB1-E-E15-007-5,TBCV1-E-E15-007,Room E15-007
TB1-E-E15-008-1,TBCV1-E-E15-008,Room E15-008
TB1-E-E15-008-2,TBCV1-E-E15-008,Room E15-008
TB1-E-E15-008-3,TBCV1-E-E15-008,Room E15-008
TB1-E-E15-008-4,TBCV1-E-E15-008,Room E15-008
TB1-E-E15-008-5,TBCV1-E-E15-008,Room E15-008
TB1-E-E15-009-1,TBCV1-E-E15-009,Room E15-009
TB1-E-E15-009-2,TBCV1-E-E15-009,Room E15-009
TB1-E-E15-009-3,TBCV1-E-E15-009,Room E15-009
TB1-E-E15-009-4,TBCV1-E-E15-009,Room E15-009
TB1-E-E15-009-5,TBCV1-E-E15-009,Room E15-009
TB1-E-E15-010-1,TBCV1-E-E15-010,Room E15-010
TB1-E-E15-010-2,TBCV1-E-E15-010,Room E15-010
TB1-E-E15-010-3,TBCV1-E-E15-010,Room E15-010
TB1-E-E15-010-4,TBCV1-E-E15-010,Room E15-010
TB1-E-E15-010-5,TBCV1-E-E15-010,Room E15-010
TB1-E-E15-011-1,TBCV1-E-E15-011,Room E15-011
TB1-E-E15-011-2,TBCV1-E-E15-011,Room E15-011
TB1-E-E15-011-3,TBCV1-E-E15-011,Room E15-011
TB1-E-E15-011-4,TBCV1-E-E15-011,Room E15-011
TB1-E-E15-011-5,TBCV1-E-E15-011,Room E15-011
TB1-E-E15-012-1,TBCV1-E-E15-012,Room E15-012
TB1-E-E15-012-2,TBCV1-E-E15-012,Room E15-012
TB1-E-E15-012-3,TBCV1-E-E15-012,Room E15-012
TB1-E-E15-012-4,TBCV1-E-E15-012,Room E15-012
TB1-E-E15-012-5,TBCV1-E-E15-012,Room E15-012
TB1-E-E15-101-1,TBCV1-E-E15-101,Room E15-101
TB1-E-E15-101-2,TBCV1-E-E15-101,Room E15-101
TB1-E-E15-101-3,TBCV1-E-E15-101,Room E15-101
TB1-E-E15-101-4,TBCV1-E-E15-101,Room E15-101
TB1-E-E15-102-1,TBCV1-E-E15-102,Room E15-102
TB1-E-E15-102-2,TBCV1-E-E15-102,Room E15-102
TB1-E-E15-102-3,TBCV1-E-E15-102,Room E15-102
TB1-E-E15-102-4,TBCV1-E-E15-102,Room E15-102
TB1-E-E15-103-1,TBCV1-E-E15-103,Room E15-103
TB1-E-E15-103-2,TBCV1-E-E15-103,Room E15-103
TB1-E-E15-103-3,TBCV1-E-E15-103,Room E15-103
TB1-E-E15-103-4,TBCV1-E-E15-103,Room E15-103
TB1-E-E15-104-1,TBCV1-E-E15-104,Room E15-104
TB1-E-E15-104-2,TBCV1-E-E15-104,Room E15-104
TB1-E-E15-104-3,TBCV1-E-E15-104,Room E15-104
TB1-E-E15-104-4,TBCV1-E-E15-104,Room E15-104
TB1-E-E15-105-1,TBCV1-E-E15-105,Room E15-105
TB1-E-E15-105-2,TBCV1-E-E15-105,Room E15-105
TB1-E-E15-105-3,TBCV1-E-E15-105,Room E15-105
TB1-E-E15-105-4,TBCV1-E-E15-105,Room E15-105
TB1-E-E15-106-1,TBCV1-E-E15-106,Room E15-106
TB1-E-E15-106-2,TBCV1-E-E15-106,Room E15-106
TB1-E-E15-106-3,TBCV1-E-E15-106,Room E15-106
TB1-E-E15-106-4,TBCV1-E-E15-106,Room E15-106
TB1-E-E15-107-1,TBCV1-E-E15-107,Room E15-107
TB1-E-E15-107-2,TBCV1-E-E15-107,Room E15-107
TB1-E-E15-107-3,TBCV1-E-E15-107,Room E15-107
TB1-E-E15-107-4,TBCV1-E-E15-107,Room E15-107
TB1-E-E15-108-1,TBCV1-E-E15-108,Room E15-108
TB1-E-E15-108-2,TBCV1-E-E15-108,Room E15-108
TB1-E-E15-108-3,TBCV1-E-E15-108,Room E15-108
TB1-E-E15-108-4,TBCV1-E-E15-108,Room E15-108
TB1-E-E15-109-1,TBCV1-E-E15-109,Room E15-109
TB1-E-E15-109-2,TBCV1-E-E15-109,Room E15-109
TB1-E-E15-109-3,TBCV1-E-E15-109,Room E15-109
TB1-E-E15-109-4,TBCV1-E-E15-109,Room E15-109
TB1-E-E15-110-1,TBCV1-E-E15-110,Room E15-110
TB1-E-E15-110-2,TBCV1-E-E15-110,Room E15-110
TB1-E-E15-110-3,TBCV1-E-E15-110,Room E15-110
TB1-E-E15-110-4,TBCV1-E-E15-110,Room E15-110
TB1-E-E15-111-1,TBCV1-E-E15-111,Room E15-111
TB1-E-E15-111-2,TBCV1-E-E15-111,Room E15-111
TB1-E-E15-111-3,TBCV1-E-E15-111,Room E15-111
TB1-E-E15-111-4,TBCV1-E-E15-111,Room E15-111
TB1-E-E15-112-1,TBCV1-E-E15-112,Room E15-112
TB1-E-E15-112-2,TBCV1-E-E15-112,Room E15-112
TB1-E-E15-112-3,TBCV1-E-E15-112,Room E15-112
TB1-E-E15-112-4,TBCV1-E-E15-112,Room E15-112
TB1-E-E16-001-1,TBCV1-E-E16-001,Room E16-001
TB1-E-E16-001-2,TBCV1-E-E16-001,Room E16-001
TB1-E-E16-001-3,TBCV1-E-E16-001,Room E16-001
TB1-E-E16-001-4,TBCV1-E-E16-001,Room E16-001
TB1-E-E16-001-5,TBCV1-E-E16-001,Room E16-001
TB1-E-E16-002-1,TBCV1-E-E16-002,Room E16-002
TB1-E-E16-002-2,TBCV1-E-E16-002,Room E16-002
TB1-E-E16-002-3,TBCV1-E-E16-002,Room E16-002
TB1-E-E16-002-4,TBCV1-E-E16-002,Room E16-002
TB1-E-E16-002-5,TBCV1-E-E16-002,Room E16-002
TB1-E-E16-003-1,TBCV1-E-E16-003,Room E16-003
TB1-E-E16-003-2,TBCV1-E-E16-003,Room E16-003
TB1-E-E16-003-3,TBCV1-E-E16-003,Room E16-003
TB1-E-E16-003-4,TBCV1-E-E16-003,Room E16-003
TB1-E-E16-003-5,TBCV1-E-E16-003,Room E16-003
TB1-E-E16-004-1,TBCV1-E-E16-004,Room E16-004
TB1-E-E16-004-2,TBCV1-E-E16-004,Room E16-004
TB1-E-E16-004-3,TBCV1-E-E16-004,Room E16-004
TB1-E-E16-004-4,TBCV1-E-E16-004,Room E16-004
TB1-E-E16-004-5,TBCV1-E-E16-004,Room E16-004
TB1-E-E16-005-1,TBCV1-E-E16-005,Room E16-005
TB1-E-E16-005-2,TBCV1-E-E16-005,Room E16-005
TB1-E-E16-005-3,TBCV1-E-E16-005,Room E16-005
TB1-E-E16-005-4,TBCV1-E-E16-005,Room E16-005
TB1-E-E16-005-5,TBCV1-E-E16-005,Room E16-005
TB1-E-E16-006-1,TBCV1-E-E16-006,Room E16-006
TB1-E-E16-006-2,TBCV1-E-E16-006,Room E16-006
TB1-E-E16-006-3,TBCV1-E-E16-006,Room E16-006
TB1-E-E16-006-4,TBCV1-E-E16-006,Room E16-006
TB1-E-E16-006-5,TBCV1-E-E16-006,Room E16-006
TB1-E-E16-007-1,TBCV1-E-E16-007,Room E16-007
TB1-E-E16-007-2,TBCV1-E-E16-007,Room E16-007
TB1-E-E16-007-3,TBCV1-E-E16-007,Room E16-007
TB1-E-E16-007-4,TBCV1-E-E16-007,Room E16-007
TB1-E-E16-007-5,TBCV1-E-E16-007,Room E16-007
TB1-E-E16-008-1,TBCV1-E-E16-008,Room E16-008
TB1-E-E16-008-2,TBCV1-E-E16-008,Room E16-008
TB1-E-E16-008-3,TBCV1-E-E16-008,Room E16-008
TB1-E-E16-008-4,TBCV1-E-E16-008,Room E16-008
TB1-E-E16-008-5,TBCV1-E-E16-008,Room E16-008
TB1-E-E16-009-1,TBCV1-E-E16-009,Room E16-009
TB1-E-E16-009-2,TBCV1-E-E16-009,Room E16-009
TB1-E-E16-009-3,TBCV1-E-E16-009,Room E16-009
TB1-E-E16-009-4,TBCV1-E-E16-009,Room E16-009
TB1-E-E16-009-5,TBCV1-E-E16-009,Room E16-009
TB1-E-E16-010-1,TBCV1-E-E16-010,Room E16-010
TB1-E-E16-010-2,TBCV1-E-E16-010,Room E16-010
TB1-E-E16-010-3,TBCV1-E-E16-010,Room E16-010
TB1-E-E16-010-4,TBCV1-E-E16-010,Room E16-010
TB1-E-E16-010-5,TBCV1-E-E16-010,Room E16-010
TB1-E-E16-011-1,TBCV1-E-E16-011,Room E16-011
TB1-E-E16-011-2,TBCV1-E-E16-011,Room E16-011
TB1-E-E16-011-3,TBCV1-E-E16-011,Room E16-011
TB1-E-E16-011-4,TBCV1-E-E16-011,Room E16-011
TB1-E-E16-011-5,TBCV1-E-E16-011,Room E16-011
TB1-E-E16-012-1,TBCV1-E-E16-012,Room E16-012
TB1-E-E16-012-2,TBCV1-E-E16-012,Room E16-012
TB1-E-E16-012-3,TBCV1-E-E16-012,Room E16-012
TB1-E-E16-012-4,TBCV1-E-E16-012,Room E16-012
TB1-E-E16-012-5,TBCV1-E-E16-012,Room E16-012
TB1-E-E16-101-1,TBCV1-E-E16-101,Room E16-101
TB1-E-E16-101-2,TBCV1-E-E16-101,Room E16-101
TB1-E-E16-101-3,TBCV1-E-E16-101,Room E16-101
TB1-E-E16-101-4,TBCV1-E-E16-101,Room E16-101
TB1-E-E16-102-1,TBCV1-E-E16-102,Room E16-102
TB1-E-E16-102-2,TBCV1-E-E16-102,Room E16-102
TB1-E-E16-102-3,TBCV1-E-E16-102,Room E16-102
TB1-E-E16-102-4,TBCV1-E-E16-102,Room E16-102
TB1-E-E16-103-1,TBCV1-E-E16-103,Room E16-103
TB1-E-E16-103-2,TBCV1-E-E16-103,Room E16-103
TB1-E-E16-103-3,TBCV1-E-E16-103,Room E16-103
TB1-E-E16-103-4,TBCV1-E-E16-103,Room E16-103
TB1-E-E16-104-1,TBCV1-E-E16-104,Room E16-104
TB1-E-E16-104-2,TBCV1-E-E16-104,Room E16-104
TB1-E-E16-104-3,TBCV1-E-E16-104,Room E16-104
TB1-E-E16-104-4,TBCV1-E-E16-104,Room E16-104
TB1-E-E16-105-1,TBCV1-E-E16-105,Room E16-105
TB1-E-E16-105-2,TBCV1-E-E16-105,Room E16-105
TB1-E-E16-105-3,TBCV1-E-E16-105,Room E16-105
TB1-E-E16-105-4,TBCV1-E-E16-105,Room E16-105
TB1-E-E16-106-1,TBCV1-E-E16-106,Room E16-106
TB1-E-E16-106-2,TBCV1-E-E16-106,Room E16-106
TB1-E-E16-106-3,TBCV1-E-E16-106,Room E16-106
TB1-E-E16-106-4,TBCV1-E-E16-106,Room E16-106
TB1-E-E16-107-1,TBCV1-E-E16-107,Room E16-107
TB1-E-E16-107-2,TBCV1-E-E16-107,Room E16-107
TB1-E-E16-107-3,TBCV1-E-E16-107,Room E16-107
TB1-E-E16-107-4,TBCV1-E-E16-107,Room E16-107
TB1-E-E16-108-1,TBCV1-E-E16-108,Room E16-108
TB1-E-E16-108-2,TBCV1-E-E16-108,Room E16-108
TB1-E-E16-108-3,TBCV1-E-E16-108,Room E16-108
TB1-E-E16-108-4,TBCV1-E-E16-108,Room E16-108
TB1-E-E16-109-1,TBCV1-E-E16-109,Room E16-109
TB1-E-E16-109-2,TBCV1-E-E16-109,Room E16-109
TB1-E-E16-109-3,TBCV1-E-E16-109,Room E16-109
TB1-E-E16-109-4,TBCV1-E-E16-109,Room E16-109
TB1-E-E16-110-1,TBCV1-E-E16-110,Room E16-110
TB1-E-E16-110-2,TBCV1-E-E16-110,Room E16-110
TB1-E-E16-110-3,TBCV1-E-E16-110,Room E16-110
TB1-E-E16-110-4,TBCV1-E-E16-110,Room E16-110
TB1-E-E16-111-1,TBCV1-E-E16-111,Room E16-111
TB1-E-E16-111-2,TBCV1-E-E16-111,Room E16-111
TB1-E-E16-111-3,TBCV1-E-E16-111,Room E16-111
TB1-E-E16-111-4,TBCV1-E-E16-111,Room E16-111
TB1-E-E16-112-1,TBCV1-E-E16-112,Room E16-112
TB1-E-E16-112-2,TBCV1-E-E16-112,Room E16-112
TB1-E-E16-112-3,TBCV1-E-E16-112,Room E16-112
TB1-E-E16-112-4,TBCV1-E-E16-112,Room E16-112
TB1-G-G01-001-1,TBCV1-G-G01-001,Room G01-001
TB1-G-G01-001-2,TBCV1-G-G01-001,Room G01-001
TB1-G-G01-001-3,TBCV1-G-G01-001,Room G01-001
TB1-G-G01-001-4,TBCV1-G-G01-001,Room G01-001
TB1-G-G01-001-5,TBCV1-G-G01-001,Room G01-001
TB1-G-G01-002-1,TBCV1-G-G01-002,Room G01-002
TB1-G-G01-002-2,TBCV1-G-G01-002,Room G01-002
TB1-G-G01-002-3,TBCV1-G-G01-002,Room G01-002
TB1-G-G01-002-4,TBCV1-G-G01-002,Room G01-002
TB1-G-G01-002-5,TBCV1-G-G01-002,Room G01-002
TB1-G-G01-003-1,TBCV1-G-G01-003,Room G01-003
TB1-G-G01-003-2,TBCV1-G-G01-003,Room G01-003
TB1-G-G01-003-3,TBCV1-G-G01-003,Room G01-003
TB1-G-G01-003-4,TBCV1-G-G01-003,Room G01-003
TB1-G-G01-003-5,TBCV1-G-G01-003,Room G01-003
TB1-G-G01-004-1,TBCV1-G-G01-004,Room G01-004
TB1-G-G01-004-2,TBCV1-G-G01-004,Room G01-004
TB1-G-G01-004-3,TBCV1-G-G01-004,Room G01-004
TB1-G-G01-004-4,TBCV1-G-G01-004,Room G01-004
TB1-G-G01-004-5,TBCV1-G-G01-004,Room G01-004
TB1-G-G01-005-1,TBCV1-G-G01-005,Room G01-005
TB1-G-G01-005-2,TBCV1-G-G01-005,Room G01-005
TB1-G-G01-005-3,TBCV1-G-G01-005,Room G01-005
TB1-G-G01-005-4,TBCV1-G-G01-005,Room G01-005
TB1-G-G01-005-5,TBCV1-G-G01-005,Room G01-005
TB1-G-G01-006-1,TBCV1-G-G01-006,Room G01-006
TB1-G-G01-006-2,TBCV1-G-G01-006,Room G01-006
TB1-G-G01-006-3,TBCV1-G-G01-006,Room G01-006
TB1-G-G01-006-4,TBCV1-G-G01-006,Room G01-006
TB1-G-G01-006-5,TBCV1-G-G01-006,Room G01-006
TB1-G-G01-007-1,TBCV1-G-G01-007,Room G01-007
TB1-G-G01-007-2,TBCV1-G-G01-007,Room G01-007
TB1-G-G01-007-3,TBCV1-G-G01-007,Room G01-007
TB1-G-G01-007-4,TBCV1-G-G01-007,Room G01-007
TB1-G-G01-007-5,TBCV1-G-G01-007,Room G01-007
TB1-G-G01-008-1,TBCV1-G-G01-008,Room G01-008
TB1-G-G01-008-2,TBCV1-G-G01-008,Room G01-008
TB1-G-G01-008-3,TBCV1-G-G01-008,Room G01-008
TB1-G-G01-008-4,TBCV1-G-G01-008,Room G01-008
TB1-G-G01-008-5,TBCV1-G-G01-008,Room G01-008
TB1-G-G01-009-1,TBCV1-G-G01-009,Room G01-009
TB1-G-G01-009-2,TBCV1-G-G01-009,Room G01-009
TB1-G-G01-009-3,TBCV1-G-G01-009,Room G01-009
TB1-G-G01-009-4,TBCV1-G-G01-009,Room G01-009
TB1-G-G01-009-5,TBCV1-G-G01-009,Room G01-009
TB1-G-G01-010-1,TBCV1-G-G01-010,Room G01-010
TB1-G-G01-010-2,TBCV1-G-G01-010,Room G01-010
TB1-G-G01-010-3,TBCV1-G-G01-010,Room G01-010
TB1-G-G01-010-4,TBCV1-G-G01-010,Room G01-010
TB1-G-G01-010-5,TBCV1-G-G01-010,Room G01-010
TB1-G-G01-011-1,TBCV1-G-G01-011,Room G01-011
TB1-G-G01-011-2,TBCV1-G-G01-011,Room G01-011
TB1-G-G01-011-3,TBCV1-G-G01-011,Room G01-011
TB1-G-G01-011-4,TBCV1-G-G01-011,Room G01-011
TB1-G-G01-011-5,TBCV1-G-G01-011,Room G01-011
TB1-G-G01-012-1,TBCV1-G-G01-012,Room G01-012
TB1-G-G01-012-2,TBCV1-G-G01-012,Room G01-012
TB1-G-G01-012-3,TBCV1-G-G01-012,Room G01-012
TB1-G-G01-012-4,TBCV1-G-G01-012,Room G01-012
TB1-G-G01-012-5,TBCV1-G-G01-012,Room G01-012
TB1-G-G01-101-1,TBCV1-G-G01-101,Room G01-101
TB1-G-G01-101-2,TBCV1-G-G01-101,Room G01-101
TB1-G-G01-101-3,TBCV1-G-G01-101,Room G01-101
TB1-G-G01-101-4,TBCV1-G-G01-101,Room G01-101
TB1-G-G01-102-1,TBCV1-G-G01-102,Room G01-102
TB1-G-G01-102-2,TBCV1-G-G01-102,Room G01-102
TB1-G-G01-102-3,TBCV1-G-G01-102,Room G01-102
TB1-G-G01-102-4,TBCV1-G-G01-102,Room G01-102
TB1-G-G01-103-1,TBCV1-G-G01-103,Room G01-103
TB1-G-G01-103-2,TBCV1-G-G01-103,Room G01-103
TB1-G-G01-103-3,TBCV1-G-G01-103,Room G01-103
TB1-G-G01-103-4,TBCV1-G-G01-103,Room G01-103
TB1-G-G01-104-1,TBCV1-G-G01-104,Room G01-104
TB1-G-G01-104-2,TBCV1-G-G01-104,Room G01-104
TB1-G-G01-104-3,TBCV1-G-G01-104,Room G01-104
TB1-G-G01-104-4,TBCV1-G-G01-104,Room G01-104
TB1-G-G01-105-1,TBCV1-G-G01-105,Room G01-105
TB1-G-G01-105-2,TBCV1-G-G01-105,Room G01-105
TB1-G-G01-105-3,TBCV1-G-G01-105,Room G01-105
TB1-G-G01-105-4,TBCV1-G-G01-105,Room G01-105
TB1-G-G01-106-1,TBCV1-G-G01-106,Room G01-106
TB1-G-G01-106-2,TBCV1-G-G01-106,Room G01-106
TB1-G-G01-106-3,TBCV1-G-G01-106,Room G01-106
TB1-G-G01-106-4,TBCV1-G-G01-106,Room G01-106
TB1-G-G01-107-1,TBCV1-G-G01-107,Room G01-107
TB1-G-G01-107-2,TBCV1-G-G01-107,Room G01-107
TB1-G-G01-107-3,TBCV1-G-G01-107,Room G01-107
TB1-G-G01-107-4,TBCV1-G-G01-107,Room G01-107
TB1-G-G01-108-1,TBCV1-G-G01-108,Room G01-108
TB1-G-G01-108-2,TBCV1-G-G01-108,Room G01-108
TB1-G-G01-108-3,TBCV1-G-G01-108,Room G01-108
TB1-G-G01-108-4,TBCV1-G-G01-108,Room G01-108
TB1-G-G01-109-1,TBCV1-G-G01-109,Room G01-109
TB1-G-G01-109-2,TBCV1-G-G01-109,Room G01-109
TB1-G-G01-109-3,TBCV1-G-G01-109,Room G01-109
TB1-G-G01-109-4,TBCV1-G-G01-109,Room G01-109
TB1-G-G01-110-1,TBCV1-G-G01-110,Room G01-110
TB1-G-G01-110-2,TBCV1-G-G01-110,Room G01-110
TB1-G-G01-110-3,TBCV1-G-G01-110,Room G01-110
TB1-G-G01-110-4,TBCV1-G-G01-110,Room G01-110
TB1-G-G01-111-1,TBCV1-G-G01-111,Room G01-111
TB1-G-G01-111-2,TBCV1-G-G01-111,Room G01-111
TB1-G-G01-111-3,TBCV1-G-G01-111,Room G01-111
TB1-G-G01-111-4,TBCV1-G-G01-111,Room G01-111
TB1-G-G01-112-1,TBCV1-G-G01-112,Room G01-112
TB1-G-G01-112-2,TBCV1-G-G01-112,Room G01-112
TB1-G-G01-112-3,TBCV1-G-G01-112,Room G01-112
TB1-G-G01-112-4,TBCV1-G-G01-112,Room G01-112
TB1-G-G02-001-1,TBCV1-G-G02-001,Room G02-001
TB1-G-G02-001-2,TBCV1-G-G02-001,Room G02-001
TB1-G-G02-001-3,TBCV1-G-G02-001,Room G02-001
TB1-G-G02-001-4,TBCV1-G-G02-001,Room G02-001
TB1-G-G02-001-5,TBCV1-G-G02-001,Room G02-001
TB1-G-G02-002-1,TBCV1-G-G02-002,Room G02-002
TB1-G-G02-002-2,TBCV1-G-G02-002,Room G02-002
TB1-G-G02-002-3,TBCV1-G-G02-002,Room G02-002
TB1-G-G02-002-4,TBCV1-G-G02-002,Room G02-002
TB1-G-G02-002-5,TBCV1-G-G02-002,Room G02-002
TB1-G-G02-003-1,TBCV1-G-G02-003,Room G02-003
TB1-G-G02-003-2,TBCV1-G-G02-003,Room G02-003
TB1-G-G02-003-3,TBCV1-G-G02-003,Room G02-003
TB1-G-G02-003-4,TBCV1-G-G02-003,Room G02-003
TB1-G-G02-003-5,TBCV1-G-G02-003,Room G02-003
TB1-G-G02-004-1,TBCV1-G-G02-004,Room G02-004
TB1-G-G02-004-2,TBCV1-G-G02-004,Room G02-004
TB1-G-G02-004-3,TBCV1-G-G02-004,Room G02-004
TB1-G-G02-004-4,TBCV1-G-G02-004,Room G02-004
TB1-G-G02-004-5,TBCV1-G-G02-004,Room G02-004
TB1-G-G02-005-1,TBCV1-G-G02-005,Room G02-005
TB1-G-G02-005-2,TBCV1-G-G02-005,Room G02-005
TB1-G-G02-005-3,TBCV1-G-G02-005,Room G02-005
TB1-G-G02-005-4,TBCV1-G-G02-005,Room G02-005
TB1-G-G02-005-5,TBCV1-G-G02-005,Room G02-005
TB1-G-G02-006-1,TBCV1-G-G02-006,Room G02-006
TB1-G-G02-006-2,TBCV1-G-G02-006,Room G02-006
TB1-G-G02-006-3,TBCV1-G-G02-006,Room G02-006
TB1-G-G02-006-4,TBCV1-G-G02-006,Room G02-006
TB1-G-G02-006-5,TBCV1-G-G02-006,Room G02-006
TB1-G-G02-007-1,TBCV1-G-G02-007,Room G02-007
TB1-G-G02-007-2,TBCV1-G-G02-007,Room G02-007
TB1-G-G02-007-3,TBCV1-G-G02-007,Room G02-007
TB1-G-G02-007-4,TBCV1-G-G02-007,Room G02-007
TB1-G-G02-007-5,TBCV1-G-G02-007,Room G02-007
TB1-G-G02-008-1,TBCV1-G-G02-008,Room G02-008
TB1-G-G02-008-2,TBCV1-G-G02-008,Room G02-008
TB1-G-G02-008-3,TBCV1-G-G02-008,Room G02-008
TB1-G-G02-008-4,TBCV1-G-G02-008,Room G02-008
TB1-G-G02-008-5,TBCV1-G-G02-008,Room G02-008
TB1-G-G02-009-1,TBCV1-G-G02-009,Room G02-009
TB1-G-G02-009-2,TBCV1-G-G02-009,Room G02-009
TB1-G-G02-009-3,TBCV1-G-G02-009,Room G02-009
TB1-G-G02-009-4,TBCV1-G-G02-009,Room G02-009
TB1-G-G02-009-5,TBCV1-G-G02-009,Room G02-009
TB1-G-G02-010-1,TBCV1-G-G02-010,Room G02-010
TB1-G-G02-010-2,TBCV1-G-G02-010,Room G02-010
TB1-G-G02-010-3,TBCV1-G-G02-010,Room G02-010
TB1-G-G02-010-4,TBCV1-G-G02-010,Room G02-010
TB1-G-G02-010-5,TBCV1-G-G02-010,Room G02-010
TB1-G-G02-011-1,TBCV1-G-G02-011,Room G02-011
TB1-G-G02-011-2,TBCV1-G-G02-011,Room G02-011
TB1-G-G02-011-3,TBCV1-G-G02-011,Room G02-011
TB1-G-G02-011-4,TBCV1-G-G02-011,Room G02-011
TB1-G-G02-011-5,TBCV1-G-G02-011,Room G02-011
TB1-G-G02-012-1,TBCV1-G-G02-012,Room G02-012
TB1-G-G02-012-2,TBCV1-G-G02-012,Room G02-012
TB1-G-G02-012-3,TBCV1-G-G02-012,Room G02-012
TB1-G-G02-012-4,TBCV1-G-G02-012,Room G02-012
TB1-G-G02-012-5,TBCV1-G-G02-012,Room G02-012
TB1-G-G02-101-1,TBCV1-G-G02-101,Room G02-101
TB1-G-G02-101-2,TBCV1-G-G02-101,Room G02-101
TB1-G-G02-101-3,TBCV1-G-G02-101,Room G02-101
TB1-G-G02-101-4,TBCV1-G-G02-101,Room G02-101
TB1-G-G02-102-1,TBCV1-G-G02-102,Room G02-102
TB1-G-G02-102-2,TBCV1-G-G02-102,Room G02-102
TB1-G-G02-102-3,TBCV1-G-G02-102,Room G02-102
TB1-G-G02-102-4,TBCV1-G-G02-102,Room G02-102
TB1-G-G02-103-1,TBCV1-G-G02-103,Room G02-103
TB1-G-G02-103-2,TBCV1-G-G02-103,Room G02-103
TB1-G-G02-103-3,TBCV1-G-G02-103,Room G02-103
TB1-G-G02-103-4,TBCV1-G-G02-103,Room G02-103
TB1-G-G02-104-1,TBCV1-G-G02-104,Room G02-104
TB1-G-G02-104-2,TBCV1-G-G02-104,Room G02-104
TB1-G-G02-104-3,TBCV1-G-G02-104,Room G02-104
TB1-G-G02-104-4,TBCV1-G-G02-104,Room G02-104
TB1-G-G02-105-1,TBCV1-G-G02-105,Room G02-105
TB1-G-G02-105-2,TBCV1-G-G02-105,Room G02-105
TB1-G-G02-105-3,TBCV1-G-G02-105,Room G02-105
TB1-G-G02-105-4,TBCV1-G-G02-105,Room G02-105
TB1-G-G02-106-1,TBCV1-G-G02-106,Room G02-106
TB1-G-G02-106-2,TBCV1-G-G02-106,Room G02-106
TB1-G-G02-106-3,TBCV1-G-G02-106,Room G02-106
TB1-G-G02-106-4,TBCV1-G-G02-106,Room G02-106
TB1-G-G02-107-1,TBCV1-G-G02-107,Room G02-107
TB1-G-G02-107-2,TBCV1-G-G02-107,Room G02-107
TB1-G-G02-107-3,TBCV1-G-G02-107,Room G02-107
TB1-G-G02-107-4,TBCV1-G-G02-107,Room G02-107
TB1-G-G02-108-1,TBCV1-G-G02-108,Room G02-108
TB1-G-G02-108-2,TBCV1-G-G02-108,Room G02-108
TB1-G-G02-108-3,TBCV1-G-G02-108,Room G02-108
TB1-G-G02-108-4,TBCV1-G-G02-108,Room G02-108
TB1-G-G02-109-1,TBCV1-G-G02-109,Room G02-109
TB1-G-G02-109-2,TBCV1-G-G02-109,Room G02-109
TB1-G-G02-109-3,TBCV1-G-G02-109,Room G02-109
TB1-G-G02-109-4,TBCV1-G-G02-109,Room G02-109
TB1-G-G02-110-1,TBCV1-G-G02-110,Room G02-110
TB1-G-G02-110-2,TBCV1-G-G02-110,Room G02-110
TB1-G-G02-110-3,TBCV1-G-G02-110,Room G02-110
TB1-G-G02-110-4,TBCV1-G-G02-110,Room G02-110
TB1-G-G02-111-1,TBCV1-G-G02-111,Room G02-111
TB1-G-G02-111-2,TBCV1-G-G02-111,Room G02-111
TB1-G-G02-111-3,TBCV1-G-G02-111,Room G02-111
TB1-G-G02-111-4,TBCV1-G-G02-111,Room G02-111
TB1-G-G02-112-1,TBCV1-G-G02-112,Room G02-112
TB1-G-G02-112-2,TBCV1-G-G02-112,Room G02-112
TB1-G-G02-112-3,TBCV1-G-G02-112,Room G02-112
TB1-G-G02-112-4,TBCV1-G-G02-112,Room G02-112
TB1-G-G03-001-1,TBCV1-G-G03-001,Room G03-001
TB1-G-G03-001-2,TBCV1-G-G03-001,Room G03-001
TB1-G-G03-001-3,TBCV1-G-G03-001,Room G03-001
TB1-G-G03-001-4,TBCV1-G-G03-001,Room G03-001
TB1-G-G03-001-5,TBCV1-G-G03-001,Room G03-001
TB1-G-G03-002-1,TBCV1-G-G03-002,Room G03-002
TB1-G-G03-002-2,TBCV1-G-G03-002,Room G03-002
TB1-G-G03-002-3,TBCV1-G-G03-002,Room G03-002
TB1-G-G03-002-4,TBCV1-G-G03-002,Room G03-002
TB1-G-G03-002-5,TBCV1-G-G03-002,Room G03-002
TB1-G-G03-003-1,TBCV1-G-G03-003,Room G03-003
TB1-G-G03-003-2,TBCV1-G-G03-003,Room G03-003
TB1-G-G03-003-3,TBCV1-G-G03-003,Room G03-003
TB1-G-G03-003-4,TBCV1-G-G03-003,Room G03-003
TB1-G-G03-003-5,TBCV1-G-G03-003,Room G03-003
TB1-G-G03-004-1,TBCV1-G-G03-004,Room G03-004
TB1-G-G03-004-2,TBCV1-G-G03-004,Room G03-004
TB1-G-G03-004-3,TBCV1-G-G03-004,Room G03-004
TB1-G-G03-004-4,TBCV1-G-G03-004,Room G03-004
TB1-G-G03-004-5,TBCV1-G-G03-004,Room G03-004
TB1-G-G03-005-1,TBCV1-G-G03-005,Room G03-005
TB1-G-G03-005-2,TBCV1-G-G03-005,Room G03-005
TB1-G-G03-005-3,TBCV1-G-G03-005,Room G03-005
TB1-G-G03-005-4,TBCV1-G-G03-005,Room G03-005
TB1-G-G03-005-5,TBCV1-G-G03-005,Room G03-005
TB1-G-G03-006-1,TBCV1-G-G03-006,Room G03-006
TB1-G-G03-006-2,TBCV1-G-G03-006,Room G03-006
TB1-G-G03-006-3,TBCV1-G-G03-006,Room G03-006
TB1-G-G03-006-4,TBCV1-G-G03-006,Room G03-006
TB1-G-G03-006-5,TBCV1-G-G03-006,Room G03-006
TB1-G-G03-007-1,TBCV1-G-G03-007,Room G03-007
TB1-G-G03-007-2,TBCV1-G-G03-007,Room G03-007
TB1-G-G03-007-3,TBCV1-G-G03-007,Room G03-007
TB1-G-G03-007-4,TBCV1-G-G03-007,Room G03-007
TB1-G-G03-007-5,TBCV1-G-G03-007,Room G03-007
TB1-G-G03-008-1,TBCV1-G-G03-008,Room G03-008
TB1-G-G03-008-2,TBCV1-G-G03-008,Room G03-008
TB1-G-G03-008-3,TBCV1-G-G03-008,Room G03-008
TB1-G-G03-008-4,TBCV1-G-G03-008,Room G03-008
TB1-G-G03-008-5,TBCV1-G-G03-008,Room G03-008
TB1-G-G03-009-1,TBCV1-G-G03-009,Room G03-009
TB1-G-G03-009-2,TBCV1-G-G03-009,Room G03-009
TB1-G-G03-009-3,TBCV1-G-G03-009,Room G03-009
TB1-G-G03-009-4,TBCV1-G-G03-009,Room G03-009
TB1-G-G03-009-5,TBCV1-G-G03-009,Room G03-009
TB1-G-G03-010-1,TBCV1-G-G03-010,Room G03-010
TB1-G-G03-010-2,TBCV1-G-G03-010,Room G03-010
TB1-G-G03-010-3,TBCV1-G-G03-010,Room G03-010
TB1-G-G03-010-4,TBCV1-G-G03-010,Room G03-010
TB1-G-G03-010-5,TBCV1-G-G03-010,Room G03-010
TB1-G-G03-011-1,TBCV1-G-G03-011,Room G03-011
TB1-G-G03-011-2,TBCV1-G-G03-011,Room G03-011
TB1-G-G03-011-3,TBCV1-G-G03-011,Room G03-011
TB1-G-G03-011-4,TBCV1-G-G03-011,Room G03-011
TB1-G-G03-011-5,TBCV1-G-G03-011,Room G03-011
TB1-G-G03-012-1,TBCV1-G-G03-012,Room G03-012
TB1-G-G03-012-2,TBCV1-G-G03-012,Room G03-012
TB1-G-G03-012-3,TBCV1-G-G03-012,Room G03-012
TB1-G-G03-012-4,TBCV1-G-G03-012,Room G03-012
TB1-G-G03-012-5,TBCV1-G-G03-012,Room G03-012
TB1-G-G03-101-1,TBCV1-G-G03-101,Room G03-101
TB1-G-G03-101-2,TBCV1-G-G03-101,Room G03-101
TB1-G-G03-101-3,TBCV1-G-G03-101,Room G03-101
TB1-G-G03-101-4,TBCV1-G-G03-101,Room G03-101
TB1-G-G03-102-1,TBCV1-G-G03-102,Room G03-102
TB1-G-G03-102-2,TBCV1-G-G03-102,Room G03-102
TB1-G-G03-102-3,TBCV1-G-G03-102,Room G03-102
TB1-G-G03-102-4,TBCV1-G-G03-102,Room G03-102
TB1-G-G03-103-1,TBCV1-G-G03-103,Room G03-103
TB1-G-G03-103-2,TBCV1-G-G03-103,Room G03-103
TB1-G-G03-103-3,TBCV1-G-G03-103,Room G03-103
TB1-G-G03-103-4,TBCV1-G-G03-103,Room G03-103
TB1-G-G03-104-1,TBCV1-G-G03-104,Room G03-104
TB1-G-G03-104-2,TBCV1-G-G03-104,Room G03-104
TB1-G-G03-104-3,TBCV1-G-G03-104,Room G03-104
TB1-G-G03-104-4,TBCV1-G-G03-104,Room G03-104
TB1-G-G03-105-1,TBCV1-G-G03-105,Room G03-105
TB1-G-G03-105-2,TBCV1-G-G03-105,Room G03-105
TB1-G-G03-105-3,TBCV1-G-G03-105,Room G03-105
TB1-G-G03-105-4,TBCV1-G-G03-105,Room G03-105
TB1-G-G03-106-1,TBCV1-G-G03-106,Room G03-106
TB1-G-G03-106-2,TBCV1-G-G03-106,Room G03-106
TB1-G-G03-106-3,TBCV1-G-G03-106,Room G03-106
TB1-G-G03-106-4,TBCV1-G-G03-106,Room G03-106
TB1-G-G03-107-1,TBCV1-G-G03-107,Room G03-107
TB1-G-G03-107-2,TBCV1-G-G03-107,Room G03-107
TB1-G-G03-107-3,TBCV1-G-G03-107,Room G03-107
TB1-G-G03-107-4,TBCV1-G-G03-107,Room G03-107
TB1-G-G03-108-1,TBCV1-G-G03-108,Room G03-108
TB1-G-G03-108-2,TBCV1-G-G03-108,Room G03-108
TB1-G-G03-108-3,TBCV1-G-G03-108,Room G03-108
TB1-G-G03-108-4,TBCV1-G-G03-108,Room G03-108
TB1-G-G03-109-1,TBCV1-G-G03-109,Room G03-109
TB1-G-G03-109-2,TBCV1-G-G03-109,Room G03-109
TB1-G-G03-109-3,TBCV1-G-G03-109,Room G03-109
TB1-G-G03-109-4,TBCV1-G-G03-109,Room G03-109
TB1-G-G03-110-1,TBCV1-G-G03-110,Room G03-110
TB1-G-G03-110-2,TBCV1-G-G03-110,Room G03-110
TB1-G-G03-110-3,TBCV1-G-G03-110,Room G03-110
TB1-G-G03-110-4,TBCV1-G-G03-110,Room G03-110
TB1-G-G03-111-1,TBCV1-G-G03-111,Room G03-111
TB1-G-G03-111-2,TBCV1-G-G03-111,Room G03-111
TB1-G-G03-111-3,TBCV1-G-G03-111,Room G03-111
TB1-G-G03-111-4,TBCV1-G-G03-111,Room G03-111
TB1-G-G03-112-1,TBCV1-G-G03-112,Room G03-112
TB1-G-G03-112-2,TBCV1-G-G03-112,Room G03-112
TB1-G-G03-112-3,TBCV1-G-G03-112,Room G03-112
TB1-G-G03-112-4,TBCV1-G-G03-112,Room G03-112
TB1-G-G04-001-1,TBCV1-G-G04-001,Room G04-001
TB1-G-G04-001-2,TBCV1-G-G04-001,Room G04-001
TB1-G-G04-001-3,TBCV1-G-G04-001,Room G04-001
TB1-G-G04-001-4,TBCV1-G-G04-001,Room G04-001
TB1-G-G04-001-5,TBCV1-G-G04-001,Room G04-001
TB1-G-G04-002-1,TBCV1-G-G04-002,Room G04-002
TB1-G-G04-002-2,TBCV1-G-G04-002,Room G04-002
TB1-G-G04-002-3,TBCV1-G-G04-002,Room G04-002
TB1-G-G04-002-4,TBCV1-G-G04-002,Room G04-002
TB1-G-G04-002-5,TBCV1-G-G04-002,Room G04-002
TB1-G-G04-003-1,TBCV1-G-G04-003,Room G04-003
TB1-G-G04-003-2,TBCV1-G-G04-003,Room G04-003
TB1-G-G04-003-3,TBCV1-G-G04-003,Room G04-003
TB1-G-G04-003-4,TBCV1-G-G04-003,Room G04-003
TB1-G-G04-003-5,TBCV1-G-G04-003,Room G04-003
TB1-G-G04-004-1,TBCV1-G-G04-004,Room G04-004
TB1-G-G04-004-2,TBCV1-G-G04-004,Room G04-004
TB1-G-G04-004-3,TBCV1-G-G04-004,Room G04-004
TB1-G-G04-004-4,TBCV1-G-G04-004,Room G04-004
TB1-G-G04-004-5,TBCV1-G-G04-004,Room G04-004
TB1-G-G04-005-1,TBCV1-G-G04-005,Room G04-005
TB1-G-G04-005-2,TBCV1-G-G04-005,Room G04-005
TB1-G-G04-005-3,TBCV1-G-G04-005,Room G04-005
TB1-G-G04-005-4,TBCV1-G-G04-005,Room G04-005
TB1-G-G04-005-5,TBCV1-G-G04-005,Room G04-005
TB1-G-G04-006-1,TBCV1-G-G04-006,Room G04-006
TB1-G-G04-006-2,TBCV1-G-G04-006,Room G04-006
TB1-G-G04-006-3,TBCV1-G-G04-006,Room G04-006
TB1-G-G04-006-4,TBCV1-G-G04-006,Room G04-006
TB1-G-G04-006-5,TBCV1-G-G04-006,Room G04-006
TB1-G-G04-007-1,TBCV1-G-G04-007,Room G04-007
TB1-G-G04-007-2,TBCV1-G-G04-007,Room G04-007
TB1-G-G04-007-3,TBCV1-G-G04-007,Room G04-007
TB1-G-G04-007-4,TBCV1-G-G04-007,Room G04-007
TB1-G-G04-007-5,TBCV1-G-G04-007,Room G04-007
TB1-G-G04-008-1,TBCV1-G-G04-008,Room G04-008
TB1-G-G04-008-2,TBCV1-G-G04-008,Room G04-008
TB1-G-G04-008-3,TBCV1-G-G04-008,Room G04-008
TB1-G-G04-008-4,TBCV1-G-G04-008,Room G04-008
TB1-G-G04-008-5,TBCV1-G-G04-008,Room G04-008
TB1-G-G04-009-1,TBCV1-G-G04-009,Room G04-009
TB1-G-G04-009-2,TBCV1-G-G04-009,Room G04-009
TB1-G-G04-009-3,TBCV1-G-G04-009,Room G04-009
TB1-G-G04-009-4,TBCV1-G-G04-009,Room G04-009
TB1-G-G04-009-5,TBCV1-G-G04-009,Room G04-009
TB1-G-G04-010-1,TBCV1-G-G04-010,Room G04-010
TB1-G-G04-010-2,TBCV1-G-G04-010,Room G04-010
TB1-G-G04-010-3,TBCV1-G-G04-010,Room G04-010
TB1-G-G04-010-4,TBCV1-G-G04-010,Room G04-010
TB1-G-G04-010-5,TBCV1-G-G04-010,Room G04-010
TB1-G-G04-011-1,TBCV1-G-G04-011,Room G04-011
TB1-G-G04-011-2,TBCV1-G-G04-011,Room G04-011
TB1-G-G04-011-3,TBCV1-G-G04-011,Room G04-011
TB1-G-G04-011-4,TBCV1-G-G04-011,Room G04-011
TB1-G-G04-011-5,TBCV1-G-G04-011,Room G04-011
TB1-G-G04-012-1,TBCV1-G-G04-012,Room G04-012
TB1-G-G04-012-2,TBCV1-G-G04-012,Room G04-012
TB1-G-G04-012-3,TBCV1-G-G04-012,Room G04-012
TB1-G-G04-012-4,TBCV1-G-G04-012,Room G04-012
TB1-G-G04-012-5,TBCV1-G-G04-012,Room G04-012
TB1-G-G04-101-1,TBCV1-G-G04-101,Room G04-101
TB1-G-G04-101-2,TBCV1-G-G04-101,Room G04-101
TB1-G-G04-101-3,TBCV1-G-G04-101,Room G04-101
TB1-G-G04-101-4,TBCV1-G-G04-101,Room G04-101
TB1-G-G04-102-1,TBCV1-G-G04-102,Room G04-102
TB1-G-G04-102-2,TBCV1-G-G04-102,Room G04-102
TB1-G-G04-102-3,TBCV1-G-G04-102,Room G04-102
TB1-G-G04-102-4,TBCV1-G-G04-102,Room G04-102
TB1-G-G04-103-1,TBCV1-G-G04-103,Room G04-103
TB1-G-G04-103-2,TBCV1-G-G04-103,Room G04-103
TB1-G-G04-103-3,TBCV1-G-G04-103,Room G04-103
TB1-G-G04-103-4,TBCV1-G-G04-103,Room G04-103
TB1-G-G04-104-1,TBCV1-G-G04-104,Room G04-104
TB1-G-G04-104-2,TBCV1-G-G04-104,Room G04-104
TB1-G-G04-104-3,TBCV1-G-G04-104,Room G04-104
TB1-G-G04-104-4,TBCV1-G-G04-104,Room G04-104
TB1-G-G04-105-1,TBCV1-G-G04-105,Room G04-105
TB1-G-G04-105-2,TBCV1-G-G04-105,Room G04-105
TB1-G-G04-105-3,TBCV1-G-G04-105,Room G04-105
TB1-G-G04-105-4,TBCV1-G-G04-105,Room G04-105
TB1-G-G04-106-1,TBCV1-G-G04-106,Room G04-106
TB1-G-G04-106-2,TBCV1-G-G04-106,Room G04-106
TB1-G-G04-106-3,TBCV1-G-G04-106,Room G04-106
TB1-G-G04-106-4,TBCV1-G-G04-106,Room G04-106
TB1-G-G04-107-1,TBCV1-G-G04-107,Room G04-107
TB1-G-G04-107-2,TBCV1-G-G04-107,Room G04-107
TB1-G-G04-107-3,TBCV1-G-G04-107,Room G04-107
TB1-G-G04-107-4,TBCV1-G-G04-107,Room G04-107
TB1-G-G04-108-1,TBCV1-G-G04-108,Room G04-108
TB1-G-G04-108-2,TBCV1-G-G04-108,Room G04-108
TB1-G-G04-108-3,TBCV1-G-G04-108,Room G04-108
TB1-G-G04-108-4,TBCV1-G-G04-108,Room G04-108
TB1-G-G04-109-1,TBCV1-G-G04-109,Room G04-109
TB1-G-G04-109-2,TBCV1-G-G04-109,Room G04-109
TB1-G-G04-109-3,TBCV1-G-G04-109,Room G04-109
TB1-G-G04-109-4,TBCV1-G-G04-109,Room G04-109
TB1-G-G04-110-1,TBCV1-G-G04-110,Room G04-110
TB1-G-G04-110-2,TBCV1-G-G04-110,Room G04-110
TB1-G-G04-110-3,TBCV1-G-G04-110,Room G04-110
TB1-G-G04-110-4,TBCV1-G-G04-110,Room G04-110
TB1-G-G04-111-1,TBCV1-G-G04-111,Room G04-111
TB1-G-G04-111-2,TBCV1-G-G04-111,Room G04-111
TB1-G-G04-111-3,TBCV1-G-G04-111,Room G04-111
TB1-G-G04-111-4,TBCV1-G-G04-111,Room G04-111
TB1-G-G04-112-1,TBCV1-G-G04-112,Room G04-112
TB1-G-G04-112-2,TBCV1-G-G04-112,Room G04-112
TB1-G-G04-112-3,TBCV1-G-G04-112,Room G04-112
TB1-G-G04-112-4,TBCV1-G-G04-112,Room G04-112
TB1-G-G05-001-1,TBCV1-G-G05-001,Room G05-001
TB1-G-G05-001-2,TBCV1-G-G05-001,Room G05-001
TB1-G-G05-001-3,TBCV1-G-G05-001,Room G05-001
TB1-G-G05-001-4,TBCV1-G-G05-001,Room G05-001
TB1-G-G05-001-5,TBCV1-G-G05-001,Room G05-001
TB1-G-G05-002-1,TBCV1-G-G05-002,Room G05-002
TB1-G-G05-002-2,TBCV1-G-G05-002,Room G05-002
TB1-G-G05-002-3,TBCV1-G-G05-002,Room G05-002
TB1-G-G05-002-4,TBCV1-G-G05-002,Room G05-002
TB1-G-G05-002-5,TBCV1-G-G05-002,Room G05-002
TB1-G-G05-003-1,TBCV1-G-G05-003,Room G05-003
TB1-G-G05-003-2,TBCV1-G-G05-003,Room G05-003
TB1-G-G05-003-3,TBCV1-G-G05-003,Room G05-003
TB1-G-G05-003-4,TBCV1-G-G05-003,Room G05-003
TB1-G-G05-003-5,TBCV1-G-G05-003,Room G05-003
TB1-G-G05-004-1,TBCV1-G-G05-004,Room G05-004
TB1-G-G05-004-2,TBCV1-G-G05-004,Room G05-004
TB1-G-G05-004-3,TBCV1-G-G05-004,Room G05-004
TB1-G-G05-004-4,TBCV1-G-G05-004,Room G05-004
TB1-G-G05-004-5,TBCV1-G-G05-004,Room G05-004
TB1-G-G05-005-1,TBCV1-G-G05-005,Room G05-005
TB1-G-G05-005-2,TBCV1-G-G05-005,Room G05-005
TB1-G-G05-005-3,TBCV1-G-G05-005,Room G05-005
TB1-G-G05-005-4,TBCV1-G-G05-005,Room G05-005
TB1-G-G05-005-5,TBCV1-G-G05-005,Room G05-005
TB1-G-G05-006-1,TBCV1-G-G05-006,Room G05-006
TB1-G-G05-006-2,TBCV1-G-G05-006,Room G05-006
TB1-G-G05-006-3,TBCV1-G-G05-006,Room G05-006
TB1-G-G05-006-4,TBCV1-G-G05-006,Room G05-006
TB1-G-G05-006-5,TBCV1-G-G05-006,Room G05-006
TB1-G-G05-007-1,TBCV1-G-G05-007,Room G05-007
TB1-G-G05-007-2,TBCV1-G-G05-007,Room G05-007
TB1-G-G05-007-3,TBCV1-G-G05-007,Room G05-007
TB1-G-G05-007-4,TBCV1-G-G05-007,Room G05-007
TB1-G-G05-007-5,TBCV1-G-G05-007,Room G05-007
TB1-G-G05-008-1,TBCV1-G-G05-008,Room G05-008
TB1-G-G05-008-2,TBCV1-G-G05-008,Room G05-008
TB1-G-G05-008-3,TBCV1-G-G05-008,Room G05-008
TB1-G-G05-008-4,TBCV1-G-G05-008,Room G05-008
TB1-G-G05-008-5,TBCV1-G-G05-008,Room G05-008
TB1-G-G05-009-1,TBCV1-G-G05-009,Room G05-009
TB1-G-G05-009-2,TBCV1-G-G05-009,Room G05-009
TB1-G-G05-009-3,TBCV1-G-G05-009,Room G05-009
TB1-G-G05-009-4,TBCV1-G-G05-009,Room G05-009
TB1-G-G05-009-5,TBCV1-G-G05-009,Room G05-009
TB1-G-G05-010-1,TBCV1-G-G05-010,Room G05-010
TB1-G-G05-010-2,TBCV1-G-G05-010,Room G05-010
TB1-G-G05-010-3,TBCV1-G-G05-010,Room G05-010
TB1-G-G05-010-4,TBCV1-G-G05-010,Room G05-010
TB1-G-G05-010-5,TBCV1-G-G05-010,Room G05-010
TB1-G-G05-011-1,TBCV1-G-G05-011,Room G05-011
TB1-G-G05-011-2,TBCV1-G-G05-011,Room G05-011
TB1-G-G05-011-3,TBCV1-G-G05-011,Room G05-011
TB1-G-G05-011-4,TBCV1-G-G05-011,Room G05-011
TB1-G-G05-011-5,TBCV1-G-G05-011,Room G05-011
TB1-G-G05-012-1,TBCV1-G-G05-012,Room G05-012
TB1-G-G05-012-2,TBCV1-G-G05-012,Room G05-012
TB1-G-G05-012-3,TBCV1-G-G05-012,Room G05-012
TB1-G-G05-012-4,TBCV1-G-G05-012,Room G05-012
TB1-G-G05-012-5,TBCV1-G-G05-012,Room G05-012
TB1-G-G05-101-1,TBCV1-G-G05-101,Room G05-101
TB1-G-G05-101-2,TBCV1-G-G05-101,Room G05-101
TB1-G-G05-101-3,TBCV1-G-G05-101,Room G05-101
TB1-G-G05-101-4,TBCV1-G-G05-101,Room G05-101
TB1-G-G05-102-1,TBCV1-G-G05-102,Room G05-102
TB1-G-G05-102-2,TBCV1-G-G05-102,Room G05-102
TB1-G-G05-102-3,TBCV1-G-G05-102,Room G05-102
TB1-G-G05-102-4,TBCV1-G-G05-102,Room G05-102
TB1-G-G05-103-1,TBCV1-G-G05-103,Room G05-103
TB1-G-G05-103-2,TBCV1-G-G05-103,Room G05-103
TB1-G-G05-103-3,TBCV1-G-G05-103,Room G05-103
TB1-G-G05-103-4,TBCV1-G-G05-103,Room G05-103
TB1-G-G05-104-1,TBCV1-G-G05-104,Room G05-104
TB1-G-G05-104-2,TBCV1-G-G05-104,Room G05-104
TB1-G-G05-104-3,TBCV1-G-G05-104,Room G05-104
TB1-G-G05-104-4,TBCV1-G-G05-104,Room G05-104
TB1-G-G05-105-1,TBCV1-G-G05-105,Room G05-105
TB1-G-G05-105-2,TBCV1-G-G05-105,Room G05-105
TB1-G-G05-105-3,TBCV1-G-G05-105,Room G05-105
TB1-G-G05-105-4,TBCV1-G-G05-105,Room G05-105
TB1-G-G05-106-1,TBCV1-G-G05-106,Room G05-106
TB1-G-G05-106-2,TBCV1-G-G05-106,Room G05-106
TB1-G-G05-106-3,TBCV1-G-G05-106,Room G05-106
TB1-G-G05-106-4,TBCV1-G-G05-106,Room G05-106
TB1-G-G05-107-1,TBCV1-G-G05-107,Room G05-107
TB1-G-G05-107-2,TBCV1-G-G05-107,Room G05-107
TB1-G-G05-107-3,TBCV1-G-G05-107,Room G05-107
TB1-G-G05-107-4,TBCV1-G-G05-107,Room G05-107
TB1-G-G05-108-1,TBCV1-G-G05-108,Room G05-108
TB1-G-G05-108-2,TBCV1-G-G05-108,Room G05-108
TB1-G-G05-108-3,TBCV1-G-G05-108,Room G05-108
TB1-G-G05-108-4,TBCV1-G-G05-108,Room G05-108
TB1-G-G05-109-1,TBCV1-G-G05-109,Room G05-109
TB1-G-G05-109-2,TBCV1-G-G05-109,Room G05-109
TB1-G-G05-109-3,TBCV1-G-G05-109,Room G05-109
TB1-G-G05-109-4,TBCV1-G-G05-109,Room G05-109
TB1-G-G05-110-1,TBCV1-G-G05-110,Room G05-110
TB1-G-G05-110-2,TBCV1-G-G05-110,Room G05-110
TB1-G-G05-110-3,TBCV1-G-G05-110,Room G05-110
TB1-G-G05-110-4,TBCV1-G-G05-110,Room G05-110
TB1-G-G05-111-1,TBCV1-G-G05-111,Room G05-111
TB1-G-G05-111-2,TBCV1-G-G05-111,Room G05-111
TB1-G-G05-111-3,TBCV1-G-G05-111,Room G05-111
TB1-G-G05-111-4,TBCV1-G-G05-111,Room G05-111
TB1-G-G05-112-1,TBCV1-G-G05-112,Room G05-112
TB1-G-G05-112-2,TBCV1-G-G05-112,Room G05-112
TB1-G-G05-112-3,TBCV1-G-G05-112,Room G05-112
TB1-G-G05-112-4,TBCV1-G-G05-112,Room G05-112
TB1-G-G06-001-1,TBCV1-G-G06-001,Room G06-001
TB1-G-G06-001-2,TBCV1-G-G06-001,Room G06-001
TB1-G-G06-001-3,TBCV1-G-G06-001,Room G06-001
TB1-G-G06-001-4,TBCV1-G-G06-001,Room G06-001
TB1-G-G06-001-5,TBCV1-G-G06-001,Room G06-001
TB1-G-G06-002-1,TBCV1-G-G06-002,Room G06-002
TB1-G-G06-002-2,TBCV1-G-G06-002,Room G06-002
TB1-G-G06-002-3,TBCV1-G-G06-002,Room G06-002
TB1-G-G06-002-4,TBCV1-G-G06-002,Room G06-002
TB1-G-G06-002-5,TBCV1-G-G06-002,Room G06-002
TB1-G-G06-003-1,TBCV1-G-G06-003,Room G06-003
TB1-G-G06-003-2,TBCV1-G-G06-003,Room G06-003
TB1-G-G06-003-3,TBCV1-G-G06-003,Room G06-003
TB1-G-G06-003-4,TBCV1-G-G06-003,Room G06-003
TB1-G-G06-003-5,TBCV1-G-G06-003,Room G06-003
TB1-G-G06-004-1,TBCV1-G-G06-004,Room G06-004
TB1-G-G06-004-2,TBCV1-G-G06-004,Room G06-004
TB1-G-G06-004-3,TBCV1-G-G06-004,Room G06-004
TB1-G-G06-004-4,TBCV1-G-G06-004,Room G06-004
TB1-G-G06-004-5,TBCV1-G-G06-004,Room G06-004
TB1-G-G06-005-1,TBCV1-G-G06-005,Room G06-005
TB1-G-G06-005-2,TBCV1-G-G06-005,Room G06-005
TB1-G-G06-005-3,TBCV1-G-G06-005,Room G06-005
TB1-G-G06-005-4,TBCV1-G-G06-005,Room G06-005
TB1-G-G06-005-5,TBCV1-G-G06-005,Room G06-005
TB1-G-G06-006-1,TBCV1-G-G06-006,Room G06-006
TB1-G-G06-006-2,TBCV1-G-G06-006,Room G06-006
TB1-G-G06-006-3,TBCV1-G-G06-006,Room G06-006
TB1-G-G06-006-4,TBCV1-G-G06-006,Room G06-006
TB1-G-G06-006-5,TBCV1-G-G06-006,Room G06-006
TB1-G-G06-007-1,TBCV1-G-G06-007,Room G06-007
TB1-G-G06-007-2,TBCV1-G-G06-007,Room G06-007
TB1-G-G06-007-3,TBCV1-G-G06-007,Room G06-007
TB1-G-G06-007-4,TBCV1-G-G06-007,Room G06-007
TB1-G-G06-007-5,TBCV1-G-G06-007,Room G06-007
TB1-G-G06-008-1,TBCV1-G-G06-008,Room G06-008
TB1-G-G06-008-2,TBCV1-G-G06-008,Room G06-008
TB1-G-G06-008-3,TBCV1-G-G06-008,Room G06-008
TB1-G-G06-008-4,TBCV1-G-G06-008,Room G06-008
TB1-G-G06-008-5,TBCV1-G-G06-008,Room G06-008
TB1-G-G06-009-1,TBCV1-G-G06-009,Room G06-009
TB1-G-G06-009-2,TBCV1-G-G06-009,Room G06-009
TB1-G-G06-009-3,TBCV1-G-G06-009,Room G06-009
TB1-G-G06-009-4,TBCV1-G-G06-009,Room G06-009
TB1-G-G06-009-5,TBCV1-G-G06-009,Room G06-009
TB1-G-G06-010-1,TBCV1-G-G06-010,Room G06-010
TB1-G-G06-010-2,TBCV1-G-G06-010,Room G06-010
TB1-G-G06-010-3,TBCV1-G-G06-010,Room G06-010
TB1-G-G06-010-4,TBCV1-G-G06-010,Room G06-010
TB1-G-G06-010-5,TBCV1-G-G06-010,Room G06-010
TB1-G-G06-011-1,TBCV1-G-G06-011,Room G06-011
TB1-G-G06-011-2,TBCV1-G-G06-011,Room G06-011
TB1-G-G06-011-3,TBCV1-G-G06-011,Room G06-011
TB1-G-G06-011-4,TBCV1-G-G06-011,Room G06-011
TB1-G-G06-011-5,TBCV1-G-G06-011,Room G06-011
TB1-G-G06-012-1,TBCV1-G-G06-012,Room G06-012
TB1-G-G06-012-2,TBCV1-G-G06-012,Room G06-012
TB1-G-G06-012-3,TBCV1-G-G06-012,Room G06-012
TB1-G-G06-012-4,TBCV1-G-G06-012,Room G06-012
TB1-G-G06-012-5,TBCV1-G-G06-012,Room G06-012
TB1-G-G06-101-1,TBCV1-G-G06-101,Room G06-101
TB1-G-G06-101-2,TBCV1-G-G06-101,Room G06-101
TB1-G-G06-101-3,TBCV1-G-G06-101,Room G06-101
TB1-G-G06-101-4,TBCV1-G-G06-101,Room G06-101
TB1-G-G06-102-1,TBCV1-G-G06-102,Room G06-102
TB1-G-G06-102-2,TBCV1-G-G06-102,Room G06-102
TB1-G-G06-102-3,TBCV1-G-G06-102,Room G06-102
TB1-G-G06-102-4,TBCV1-G-G06-102,Room G06-102
TB1-G-G06-103-1,TBCV1-G-G06-103,Room G06-103
TB1-G-G06-103-2,TBCV1-G-G06-103,Room G06-103
TB1-G-G06-103-3,TBCV1-G-G06-103,Room G06-103
TB1-G-G06-103-4,TBCV1-G-G06-103,Room G06-103
TB1-G-G06-104-1,TBCV1-G-G06-104,Room G06-104
TB1-G-G06-104-2,TBCV1-G-G06-104,Room G06-104
TB1-G-G06-104-3,TBCV1-G-G06-104,Room G06-104
TB1-G-G06-104-4,TBCV1-G-G06-104,Room G06-104
TB1-G-G06-105-1,TBCV1-G-G06-105,Room G06-105
TB1-G-G06-105-2,TBCV1-G-G06-105,Room G06-105
TB1-G-G06-105-3,TBCV1-G-G06-105,Room G06-105
TB1-G-G06-105-4,TBCV1-G-G06-105,Room G06-105
TB1-G-G06-106-1,TBCV1-G-G06-106,Room G06-106
TB1-G-G06-106-2,TBCV1-G-G06-106,Room G06-106
TB1-G-G06-106-3,TBCV1-G-G06-106,Room G06-106
TB1-G-G06-106-4,TBCV1-G-G06-106,Room G06-106
TB1-G-G06-107-1,TBCV1-G-G06-107,Room G06-107
TB1-G-G06-107-2,TBCV1-G-G06-107,Room G06-107
TB1-G-G06-107-3,TBCV1-G-G06-107,Room G06-107
TB1-G-G06-107-4,TBCV1-G-G06-107,Room G06-107
TB1-G-G06-108-1,TBCV1-G-G06-108,Room G06-108
TB1-G-G06-108-2,TBCV1-G-G06-108,Room G06-108
TB1-G-G06-108-3,TBCV1-G-G06-108,Room G06-108
TB1-G-G06-108-4,TBCV1-G-G06-108,Room G06-108
TB1-G-G06-109-1,TBCV1-G-G06-109,Room G06-109
TB1-G-G06-109-2,TBCV1-G-G06-109,Room G06-109
TB1-G-G06-109-3,TBCV1-G-G06-109,Room G06-109
TB1-G-G06-109-4,TBCV1-G-G06-109,Room G06-109
TB1-G-G06-110-1,TBCV1-G-G06-110,Room G06-110
TB1-G-G06-110-2,TBCV1-G-G06-110,Room G06-110
TB1-G-G06-110-3,TBCV1-G-G06-110,Room G06-110
TB1-G-G06-110-4,TBCV1-G-G06-110,Room G06-110
TB1-G-G06-111-1,TBCV1-G-G06-111,Room G06-111
TB1-G-G06-111-2,TBCV1-G-G06-111,Room G06-111
TB1-G-G06-111-3,TBCV1-G-G06-111,Room G06-111
TB1-G-G06-111-4,TBCV1-G-G06-111,Room G06-111
TB1-G-G06-112-1,TBCV1-G-G06-112,Room G06-112
TB1-G-G06-112-2,TBCV1-G-G06-112,Room G06-112
TB1-G-G06-112-3,TBCV1-G-G06-112,Room G06-112
TB1-G-G06-112-4,TBCV1-G-G06-112,Room G06-112
TB1-G-G07-001-1,TBCV1-G-G07-001,Room G07-001
TB1-G-G07-001-2,TBCV1-G-G07-001,Room G07-001
TB1-G-G07-001-3,TBCV1-G-G07-001,Room G07-001
TB1-G-G07-001-4,TBCV1-G-G07-001,Room G07-001
TB1-G-G07-001-5,TBCV1-G-G07-001,Room G07-001
TB1-G-G07-002-1,TBCV1-G-G07-002,Room G07-002
TB1-G-G07-002-2,TBCV1-G-G07-002,Room G07-002
TB1-G-G07-002-3,TBCV1-G-G07-002,Room G07-002
TB1-G-G07-002-4,TBCV1-G-G07-002,Room G07-002
TB1-G-G07-002-5,TBCV1-G-G07-002,Room G07-002
TB1-G-G07-003-1,TBCV1-G-G07-003,Room G07-003
TB1-G-G07-003-2,TBCV1-G-G07-003,Room G07-003
TB1-G-G07-003-3,TBCV1-G-G07-003,Room G07-003
TB1-G-G07-003-4,TBCV1-G-G07-003,Room G07-003
TB1-G-G07-003-5,TBCV1-G-G07-003,Room G07-003
TB1-G-G07-004-1,TBCV1-G-G07-004,Room G07-004
TB1-G-G07-004-2,TBCV1-G-G07-004,Room G07-004
TB1-G-G07-004-3,TBCV1-G-G07-004,Room G07-004
TB1-G-G07-004-4,TBCV1-G-G07-004,Room G07-004
TB1-G-G07-004-5,TBCV1-G-G07-004,Room G07-004
TB1-G-G07-005-1,TBCV1-G-G07-005,Room G07-005
TB1-G-G07-005-2,TBCV1-G-G07-005,Room G07-005
TB1-G-G07-005-3,TBCV1-G-G07-005,Room G07-005
TB1-G-G07-005-4,TBCV1-G-G07-005,Room G07-005
TB1-G-G07-005-5,TBCV1-G-G07-005,Room G07-005
TB1-G-G07-006-1,TBCV1-G-G07-006,Room G07-006
TB1-G-G07-006-2,TBCV1-G-G07-006,Room G07-006
TB1-G-G07-006-3,TBCV1-G-G07-006,Room G07-006
TB1-G-G07-006-4,TBCV1-G-G07-006,Room G07-006
TB1-G-G07-006-5,TBCV1-G-G07-006,Room G07-006
TB1-G-G07-007-1,TBCV1-G-G07-007,Room G07-007
TB1-G-G07-007-2,TBCV1-G-G07-007,Room G07-007
TB1-G-G07-007-3,TBCV1-G-G07-007,Room G07-007
TB1-G-G07-007-4,TBCV1-G-G07-007,Room G07-007
TB1-G-G07-007-5,TBCV1-G-G07-007,Room G07-007
TB1-G-G07-008-1,TBCV1-G-G07-008,Room G07-008
TB1-G-G07-008-2,TBCV1-G-G07-008,Room G07-008
TB1-G-G07-008-3,TBCV1-G-G07-008,Room G07-008
TB1-G-G07-008-4,TBCV1-G-G07-008,Room G07-008
TB1-G-G07-008-5,TBCV1-G-G07-008,Room G07-008
TB1-G-G07-009-1,TBCV1-G-G07-009,Room G07-009
TB1-G-G07-009-2,TBCV1-G-G07-009,Room G07-009
TB1-G-G07-009-3,TBCV1-G-G07-009,Room G07-009
TB1-G-G07-009-4,TBCV1-G-G07-009,Room G07-009
TB1-G-G07-009-5,TBCV1-G-G07-009,Room G07-009
TB1-G-G07-010-1,TBCV1-G-G07-010,Room G07-010
TB1-G-G07-010-2,TBCV1-G-G07-010,Room G07-010
TB1-G-G07-010-3,TBCV1-G-G07-010,Room G07-010
TB1-G-G07-010-4,TBCV1-G-G07-010,Room G07-010
TB1-G-G07-010-5,TBCV1-G-G07-010,Room G07-010
TB1-G-G07-011-1,TBCV1-G-G07-011,Room G07-011
TB1-G-G07-011-2,TBCV1-G-G07-011,Room G07-011
TB1-G-G07-011-3,TBCV1-G-G07-011,Room G07-011
TB1-G-G07-011-4,TBCV1-G-G07-011,Room G07-011
TB1-G-G07-011-5,TBCV1-G-G07-011,Room G07-011
TB1-G-G07-012-1,TBCV1-G-G07-012,Room G07-012
TB1-G-G07-012-2,TBCV1-G-G07-012,Room G07-012
TB1-G-G07-012-3,TBCV1-G-G07-012,Room G07-012
TB1-G-G07-012-4,TBCV1-G-G07-012,Room G07-012
TB1-G-G07-012-5,TBCV1-G-G07-012,Room G07-012
TB1-G-G07-101-1,TBCV1-G-G07-101,Room G07-101
TB1-G-G07-101-2,TBCV1-G-G07-101,Room G07-101
TB1-G-G07-101-3,TBCV1-G-G07-101,Room G07-101
TB1-G-G07-101-4,TBCV1-G-G07-101,Room G07-101
TB1-G-G07-102-1,TBCV1-G-G07-102,Room G07-102
TB1-G-G07-102-2,TBCV1-G-G07-102,Room G07-102
TB1-G-G07-102-3,TBCV1-G-G07-102,Room G07-102
TB1-G-G07-102-4,TBCV1-G-G07-102,Room G07-102
TB1-G-G07-103-1,TBCV1-G-G07-103,Room G07-103
TB1-G-G07-103-2,TBCV1-G-G07-103,Room G07-103
TB1-G-G07-103-3,TBCV1-G-G07-103,Room G07-103
TB1-G-G07-103-4,TBCV1-G-G07-103,Room G07-103
TB1-G-G07-104-1,TBCV1-G-G07-104,Room G07-104
TB1-G-G07-104-2,TBCV1-G-G07-104,Room G07-104
TB1-G-G07-104-3,TBCV1-G-G07-104,Room G07-104
TB1-G-G07-104-4,TBCV1-G-G07-104,Room G07-104
TB1-G-G07-105-1,TBCV1-G-G07-105,Room G07-105
TB1-G-G07-105-2,TBCV1-G-G07-105,Room G07-105
TB1-G-G07-105-3,TBCV1-G-G07-105,Room G07-105
TB1-G-G07-105-4,TBCV1-G-G07-105,Room G07-105
TB1-G-G07-106-1,TBCV1-G-G07-106,Room G07-106
TB1-G-G07-106-2,TBCV1-G-G07-106,Room G07-106
TB1-G-G07-106-3,TBCV1-G-G07-106,Room G07-106
TB1-G-G07-106-4,TBCV1-G-G07-106,Room G07-106
TB1-G-G07-107-1,TBCV1-G-G07-107,Room G07-107
TB1-G-G07-107-2,TBCV1-G-G07-107,Room G07-107
TB1-G-G07-107-3,TBCV1-G-G07-107,Room G07-107
TB1-G-G07-107-4,TBCV1-G-G07-107,Room G07-107
TB1-G-G07-108-1,TBCV1-G-G07-108,Room G07-108
TB1-G-G07-108-2,TBCV1-G-G07-108,Room G07-108
TB1-G-G07-108-3,TBCV1-G-G07-108,Room G07-108
TB1-G-G07-108-4,TBCV1-G-G07-108,Room G07-108
TB1-G-G07-109-1,TBCV1-G-G07-109,Room G07-109
TB1-G-G07-109-2,TBCV1-G-G07-109,Room G07-109
TB1-G-G07-109-3,TBCV1-G-G07-109,Room G07-109
TB1-G-G07-109-4,TBCV1-G-G07-109,Room G07-109
TB1-G-G07-110-1,TBCV1-G-G07-110,Room G07-110
TB1-G-G07-110-2,TBCV1-G-G07-110,Room G07-110
TB1-G-G07-110-3,TBCV1-G-G07-110,Room G07-110
TB1-G-G07-110-4,TBCV1-G-G07-110,Room G07-110
TB1-G-G07-111-1,TBCV1-G-G07-111,Room G07-111
TB1-G-G07-111-2,TBCV1-G-G07-111,Room G07-111
TB1-G-G07-111-3,TBCV1-G-G07-111,Room G07-111
TB1-G-G07-111-4,TBCV1-G-G07-111,Room G07-111
TB1-G-G07-112-1,TBCV1-G-G07-112,Room G07-112
TB1-G-G07-112-2,TBCV1-G-G07-112,Room G07-112
TB1-G-G07-112-3,TBCV1-G-G07-112,Room G07-112
TB1-G-G07-112-4,TBCV1-G-G07-112,Room G07-112
TB1-G-G08-001-1,TBCV1-G-G08-001,Room G08-001
TB1-G-G08-001-2,TBCV1-G-G08-001,Room G08-001
TB1-G-G08-001-3,TBCV1-G-G08-001,Room G08-001
TB1-G-G08-001-4,TBCV1-G-G08-001,Room G08-001
TB1-G-G08-001-5,TBCV1-G-G08-001,Room G08-001
TB1-G-G08-002-1,TBCV1-G-G08-002,Room G08-002
TB1-G-G08-002-2,TBCV1-G-G08-002,Room G08-002
TB1-G-G08-002-3,TBCV1-G-G08-002,Room G08-002
TB1-G-G08-002-4,TBCV1-G-G08-002,Room G08-002
TB1-G-G08-002-5,TBCV1-G-G08-002,Room G08-002
TB1-G-G08-003-1,TBCV1-G-G08-003,Room G08-003
TB1-G-G08-003-2,TBCV1-G-G08-003,Room G08-003
TB1-G-G08-003-3,TBCV1-G-G08-003,Room G08-003
TB1-G-G08-003-4,TBCV1-G-G08-003,Room G08-003
TB1-G-G08-003-5,TBCV1-G-G08-003,Room G08-003
TB1-G-G08-004-1,TBCV1-G-G08-004,Room G08-004
TB1-G-G08-004-2,TBCV1-G-G08-004,Room G08-004
TB1-G-G08-004-3,TBCV1-G-G08-004,Room G08-004
TB1-G-G08-004-4,TBCV1-G-G08-004,Room G08-004
TB1-G-G08-004-5,TBCV1-G-G08-004,Room G08-004
TB1-G-G08-005-1,TBCV1-G-G08-005,Room G08-005
TB1-G-G08-005-2,TBCV1-G-G08-005,Room G08-005
TB1-G-G08-005-3,TBCV1-G-G08-005,Room G08-005
TB1-G-G08-005-4,TBCV1-G-G08-005,Room G08-005
TB1-G-G08-005-5,TBCV1-G-G08-005,Room G08-005
TB1-G-G08-006-1,TBCV1-G-G08-006,Room G08-006
TB1-G-G08-006-2,TBCV1-G-G08-006,Room G08-006
TB1-G-G08-006-3,TBCV1-G-G08-006,Room G08-006
TB1-G-G08-006-4,TBCV1-G-G08-006,Room G08-006
TB1-G-G08-006-5,TBCV1-G-G08-006,Room G08-006
TB1-G-G08-007-1,TBCV1-G-G08-007,Room G08-007
TB1-G-G08-007-2,TBCV1-G-G08-007,Room G08-007
TB1-G-G08-007-3,TBCV1-G-G08-007,Room G08-007
TB1-G-G08-007-4,TBCV1-G-G08-007,Room G08-007
TB1-G-G08-007-5,TBCV1-G-G08-007,Room G08-007
TB1-G-G08-008-1,TBCV1-G-G08-008,Room G08-008
TB1-G-G08-008-2,TBCV1-G-G08-008,Room G08-008
TB1-G-G08-008-3,TBCV1-G-G08-008,Room G08-008
TB1-G-G08-008-4,TBCV1-G-G08-008,Room G08-008
TB1-G-G08-008-5,TBCV1-G-G08-008,Room G08-008
TB1-G-G08-009-1,TBCV1-G-G08-009,Room G08-009
TB1-G-G08-009-2,TBCV1-G-G08-009,Room G08-009
TB1-G-G08-009-3,TBCV1-G-G08-009,Room G08-009
TB1-G-G08-009-4,TBCV1-G-G08-009,Room G08-009
TB1-G-G08-009-5,TBCV1-G-G08-009,Room G08-009
TB1-G-G08-010-1,TBCV1-G-G08-010,Room G08-010
TB1-G-G08-010-2,TBCV1-G-G08-010,Room G08-010
TB1-G-G08-010-3,TBCV1-G-G08-010,Room G08-010
TB1-G-G08-010-4,TBCV1-G-G08-010,Room G08-010
TB1-G-G08-010-5,TBCV1-G-G08-010,Room G08-010
TB1-G-G08-011-1,TBCV1-G-G08-011,Room G08-011
TB1-G-G08-011-2,TBCV1-G-G08-011,Room G08-011
TB1-G-G08-011-3,TBCV1-G-G08-011,Room G08-011
TB1-G-G08-011-4,TBCV1-G-G08-011,Room G08-011
TB1-G-G08-011-5,TBCV1-G-G08-011,Room G08-011
TB1-G-G08-012-1,TBCV1-G-G08-012,Room G08-012
TB1-G-G08-012-2,TBCV1-G-G08-012,Room G08-012
TB1-G-G08-012-3,TBCV1-G-G08-012,Room G08-012
TB1-G-G08-012-4,TBCV1-G-G08-012,Room G08-012
TB1-G-G08-012-5,TBCV1-G-G08-012,Room G08-012
TB1-G-G08-101-1,TBCV1-G-G08-101,Room G08-101
TB1-G-G08-101-2,TBCV1-G-G08-101,Room G08-101
TB1-G-G08-101-3,TBCV1-G-G08-101,Room G08-101
TB1-G-G08-101-4,TBCV1-G-G08-101,Room G08-101
TB1-G-G08-102-1,TBCV1-G-G08-102,Room G08-102
TB1-G-G08-102-2,TBCV1-G-G08-102,Room G08-102
TB1-G-G08-102-3,TBCV1-G-G08-102,Room G08-102
TB1-G-G08-102-4,TBCV1-G-G08-102,Room G08-102
TB1-G-G08-103-1,TBCV1-G-G08-103,Room G08-103
TB1-G-G08-103-2,TBCV1-G-G08-103,Room G08-103
TB1-G-G08-103-3,TBCV1-G-G08-103,Room G08-103
TB1-G-G08-103-4,TBCV1-G-G08-103,Room G08-103
TB1-G-G08-104-1,TBCV1-G-G08-104,Room G08-104
TB1-G-G08-104-2,TBCV1-G-G08-104,Room G08-104
TB1-G-G08-104-3,TBCV1-G-G08-104,Room G08-104
TB1-G-G08-104-4,TBCV1-G-G08-104,Room G08-104
TB1-G-G08-105-1,TBCV1-G-G08-105,Room G08-105
TB1-G-G08-105-2,TBCV1-G-G08-105,Room G08-105
TB1-G-G08-105-3,TBCV1-G-G08-105,Room G08-105
TB1-G-G08-105-4,TBCV1-G-G08-105,Room G08-105
TB1-G-G08-106-1,TBCV1-G-G08-106,Room G08-106
TB1-G-G08-106-2,TBCV1-G-G08-106,Room G08-106
TB1-G-G08-106-3,TBCV1-G-G08-106,Room G08-106
TB1-G-G08-106-4,TBCV1-G-G08-106,Room G08-106
TB1-G-G08-107-1,TBCV1-G-G08-107,Room G08-107
TB1-G-G08-107-2,TBCV1-G-G08-107,Room G08-107
TB1-G-G08-107-3,TBCV1-G-G08-107,Room G08-107
TB1-G-G08-107-4,TBCV1-G-G08-107,Room G08-107
TB1-G-G08-108-1,TBCV1-G-G08-108,Room G08-108
TB1-G-G08-108-2,TBCV1-G-G08-108,Room G08-108
TB1-G-G08-108-3,TBCV1-G-G08-108,Room G08-108
TB1-G-G08-108-4,TBCV1-G-G08-108,Room G08-108
TB1-G-G08-109-1,TBCV1-G-G08-109,Room G08-109
TB1-G-G08-109-2,TBCV1-G-G08-109,Room G08-109
TB1-G-G08-109-3,TBCV1-G-G08-109,Room G08-109
TB1-G-G08-109-4,TBCV1-G-G08-109,Room G08-109
TB1-G-G08-110-1,TBCV1-G-G08-110,Room G08-110
TB1-G-G08-110-2,TBCV1-G-G08-110,Room G08-110
TB1-G-G08-110-3,TBCV1-G-G08-110,Room G08-110
TB1-G-G08-110-4,TBCV1-G-G08-110,Room G08-110
TB1-G-G08-111-1,TBCV1-G-G08-111,Room G08-111
TB1-G-G08-111-2,TBCV1-G-G08-111,Room G08-111
TB1-G-G08-111-3,TBCV1-G-G08-111,Room G08-111
TB1-G-G08-111-4,TBCV1-G-G08-111,Room G08-111
TB1-G-G08-112-1,TBCV1-G-G08-112,Room G08-112
TB1-G-G08-112-2,TBCV1-G-G08-112,Room G08-112
TB1-G-G08-112-3,TBCV1-G-G08-112,Room G08-112
TB1-G-G08-112-4,TBCV1-G-G08-112,Room G08-112
TB1-G-G09-001-1,TBCV1-G-G09-001,Room G09-001
TB1-G-G09-001-2,TBCV1-G-G09-001,Room G09-001
TB1-G-G09-001-3,TBCV1-G-G09-001,Room G09-001
TB1-G-G09-001-4,TBCV1-G-G09-001,Room G09-001
TB1-G-G09-001-5,TBCV1-G-G09-001,Room G09-001
TB1-G-G09-002-1,TBCV1-G-G09-002,Room G09-002
TB1-G-G09-002-2,TBCV1-G-G09-002,Room G09-002
TB1-G-G09-002-3,TBCV1-G-G09-002,Room G09-002
TB1-G-G09-002-4,TBCV1-G-G09-002,Room G09-002
TB1-G-G09-002-5,TBCV1-G-G09-002,Room G09-002
TB1-G-G09-003-1,TBCV1-G-G09-003,Room G09-003
TB1-G-G09-003-2,TBCV1-G-G09-003,Room G09-003
TB1-G-G09-003-3,TBCV1-G-G09-003,Room G09-003
TB1-G-G09-003-4,TBCV1-G-G09-003,Room G09-003
TB1-G-G09-003-5,TBCV1-G-G09-003,Room G09-003
TB1-G-G09-004-1,TBCV1-G-G09-004,Room G09-004
TB1-G-G09-004-2,TBCV1-G-G09-004,Room G09-004
TB1-G-G09-004-3,TBCV1-G-G09-004,Room G09-004
TB1-G-G09-004-4,TBCV1-G-G09-004,Room G09-004
TB1-G-G09-004-5,TBCV1-G-G09-004,Room G09-004
TB1-G-G09-005-1,TBCV1-G-G09-005,Room G09-005
TB1-G-G09-005-2,TBCV1-G-G09-005,Room G09-005
TB1-G-G09-005-3,TBCV1-G-G09-005,Room G09-005
TB1-G-G09-005-4,TBCV1-G-G09-005,Room G09-005
TB1-G-G09-005-5,TBCV1-G-G09-005,Room G09-005
TB1-G-G09-006-1,TBCV1-G-G09-006,Room G09-006
TB1-G-G09-006-2,TBCV1-G-G09-006,Room G09-006
TB1-G-G09-006-3,TBCV1-G-G09-006,Room G09-006
TB1-G-G09-006-4,TBCV1-G-G09-006,Room G09-006
TB1-G-G09-006-5,TBCV1-G-G09-006,Room G09-006
TB1-G-G09-007-1,TBCV1-G-G09-007,Room G09-007
TB1-G-G09-007-2,TBCV1-G-G09-007,Room G09-007
TB1-G-G09-007-3,TBCV1-G-G09-007,Room G09-007
TB1-G-G09-007-4,TBCV1-G-G09-007,Room G09-007
TB1-G-G09-007-5,TBCV1-G-G09-007,Room G09-007
TB1-G-G09-008-1,TBCV1-G-G09-008,Room G09-008
TB1-G-G09-008-2,TBCV1-G-G09-008,Room G09-008
TB1-G-G09-008-3,TBCV1-G-G09-008,Room G09-008
TB1-G-G09-008-4,TBCV1-G-G09-008,Room G09-008
TB1-G-G09-008-5,TBCV1-G-G09-008,Room G09-008
TB1-G-G09-009-1,TBCV1-G-G09-009,Room G09-009
TB1-G-G09-009-2,TBCV1-G-G09-009,Room G09-009
TB1-G-G09-009-3,TBCV1-G-G09-009,Room G09-009
TB1-G-G09-009-4,TBCV1-G-G09-009,Room G09-009
TB1-G-G09-009-5,TBCV1-G-G09-009,Room G09-009
TB1-G-G09-010-1,TBCV1-G-G09-010,Room G09-010
TB1-G-G09-010-2,TBCV1-G-G09-010,Room G09-010
TB1-G-G09-010-3,TBCV1-G-G09-010,Room G09-010
TB1-G-G09-010-4,TBCV1-G-G09-010,Room G09-010
TB1-G-G09-010-5,TBCV1-G-G09-010,Room G09-010
TB1-G-G09-011-1,TBCV1-G-G09-011,Room G09-011
TB1-G-G09-011-2,TBCV1-G-G09-011,Room G09-011
TB1-G-G09-011-3,TBCV1-G-G09-011,Room G09-011
TB1-G-G09-011-4,TBCV1-G-G09-011,Room G09-011
TB1-G-G09-011-5,TBCV1-G-G09-011,Room G09-011
TB1-G-G09-012-1,TBCV1-G-G09-012,Room G09-012
TB1-G-G09-012-2,TBCV1-G-G09-012,Room G09-012
TB1-G-G09-012-3,TBCV1-G-G09-012,Room G09-012
TB1-G-G09-012-4,TBCV1-G-G09-012,Room G09-012
TB1-G-G09-012-5,TBCV1-G-G09-012,Room G09-012
TB1-G-G09-101-1,TBCV1-G-G09-101,Room G09-101
TB1-G-G09-101-2,TBCV1-G-G09-101,Room G09-101
TB1-G-G09-101-3,TBCV1-G-G09-101,Room G09-101
TB1-G-G09-101-4,TBCV1-G-G09-101,Room G09-101
TB1-G-G09-102-1,TBCV1-G-G09-102,Room G09-102
TB1-G-G09-102-2,TBCV1-G-G09-102,Room G09-102
TB1-G-G09-102-3,TBCV1-G-G09-102,Room G09-102
TB1-G-G09-102-4,TBCV1-G-G09-102,Room G09-102
TB1-G-G09-103-1,TBCV1-G-G09-103,Room G09-103
TB1-G-G09-103-2,TBCV1-G-G09-103,Room G09-103
TB1-G-G09-103-3,TBCV1-G-G09-103,Room G09-103
TB1-G-G09-103-4,TBCV1-G-G09-103,Room G09-103
TB1-G-G09-104-1,TBCV1-G-G09-104,Room G09-104
TB1-G-G09-104-2,TBCV1-G-G09-104,Room G09-104
TB1-G-G09-104-3,TBCV1-G-G09-104,Room G09-104
TB1-G-G09-104-4,TBCV1-G-G09-104,Room G09-104
TB1-G-G09-105-1,TBCV1-G-G09-105,Room G09-105
TB1-G-G09-105-2,TBCV1-G-G09-105,Room G09-105
TB1-G-G09-105-3,TBCV1-G-G09-105,Room G09-105
TB1-G-G09-105-4,TBCV1-G-G09-105,Room G09-105
TB1-G-G09-106-1,TBCV1-G-G09-106,Room G09-106
TB1-G-G09-106-2,TBCV1-G-G09-106,Room G09-106
TB1-G-G09-106-3,TBCV1-G-G09-106,Room G09-106
TB1-G-G09-106-4,TBCV1-G-G09-106,Room G09-106
TB1-G-G09-107-1,TBCV1-G-G09-107,Room G09-107
TB1-G-G09-107-2,TBCV1-G-G09-107,Room G09-107
TB1-G-G09-107-3,TBCV1-G-G09-107,Room G09-107
TB1-G-G09-107-4,TBCV1-G-G09-107,Room G09-107
TB1-G-G09-108-1,TBCV1-G-G09-108,Room G09-108
TB1-G-G09-108-2,TBCV1-G-G09-108,Room G09-108
TB1-G-G09-108-3,TBCV1-G-G09-108,Room G09-108
TB1-G-G09-108-4,TBCV1-G-G09-108,Room G09-108
TB1-G-G09-109-1,TBCV1-G-G09-109,Room G09-109
TB1-G-G09-109-2,TBCV1-G-G09-109,Room G09-109
TB1-G-G09-109-3,TBCV1-G-G09-109,Room G09-109
TB1-G-G09-109-4,TBCV1-G-G09-109,Room G09-109
TB1-G-G09-110-1,TBCV1-G-G09-110,Room G09-110
TB1-G-G09-110-2,TBCV1-G-G09-110,Room G09-110
TB1-G-G09-110-3,TBCV1-G-G09-110,Room G09-110
TB1-G-G09-110-4,TBCV1-G-G09-110,Room G09-110
TB1-G-G09-111-1,TBCV1-G-G09-111,Room G09-111
TB1-G-G09-111-2,TBCV1-G-G09-111,Room G09-111
TB1-G-G09-111-3,TBCV1-G-G09-111,Room G09-111
TB1-G-G09-111-4,TBCV1-G-G09-111,Room G09-111
TB1-G-G09-112-1,TBCV1-G-G09-112,Room G09-112
TB1-G-G09-112-2,TBCV1-G-G09-112,Room G09-112
TB1-G-G09-112-3,TBCV1-G-G09-112,Room G09-112
TB1-G-G09-112-4,TBCV1-G-G09-112,Room G09-112
TB1-G-G10-001-1,TBCV1-G-G10-001,Room G10-001
TB1-G-G10-001-2,TBCV1-G-G10-001,Room G10-001
TB1-G-G10-001-3,TBCV1-G-G10-001,Room G10-001
TB1-G-G10-001-4,TBCV1-G-G10-001,Room G10-001
TB1-G-G10-001-5,TBCV1-G-G10-001,Room G10-001
TB1-G-G10-002-1,TBCV1-G-G10-002,Room G10-002
TB1-G-G10-002-2,TBCV1-G-G10-002,Room G10-002
TB1-G-G10-002-3,TBCV1-G-G10-002,Room G10-002
TB1-G-G10-002-4,TBCV1-G-G10-002,Room G10-002
TB1-G-G10-002-5,TBCV1-G-G10-002,Room G10-002
TB1-G-G10-003-1,TBCV1-G-G10-003,Room G10-003
TB1-G-G10-003-2,TBCV1-G-G10-003,Room G10-003
TB1-G-G10-003-3,TBCV1-G-G10-003,Room G10-003
TB1-G-G10-003-4,TBCV1-G-G10-003,Room G10-003
TB1-G-G10-003-5,TBCV1-G-G10-003,Room G10-003
TB1-G-G10-004-1,TBCV1-G-G10-004,Room G10-004
TB1-G-G10-004-2,TBCV1-G-G10-004,Room G10-004
TB1-G-G10-004-3,TBCV1-G-G10-004,Room G10-004
TB1-G-G10-004-4,TBCV1-G-G10-004,Room G10-004
TB1-G-G10-004-5,TBCV1-G-G10-004,Room G10-004
TB1-G-G10-005-1,TBCV1-G-G10-005,Room G10-005
TB1-G-G10-005-2,TBCV1-G-G10-005,Room G10-005
TB1-G-G10-005-3,TBCV1-G-G10-005,Room G10-005
TB1-G-G10-005-4,TBCV1-G-G10-005,Room G10-005
TB1-G-G10-005-5,TBCV1-G-G10-005,Room G10-005
TB1-G-G10-006-1,TBCV1-G-G10-006,Room G10-006
TB1-G-G10-006-2,TBCV1-G-G10-006,Room G10-006
TB1-G-G10-006-3,TBCV1-G-G10-006,Room G10-006
TB1-G-G10-006-4,TBCV1-G-G10-006,Room G10-006
TB1-G-G10-006-5,TBCV1-G-G10-006,Room G10-006
TB1-G-G10-007-1,TBCV1-G-G10-007,Room G10-007
TB1-G-G10-007-2,TBCV1-G-G10-007,Room G10-007
TB1-G-G10-007-3,TBCV1-G-G10-007,Room G10-007
TB1-G-G10-007-4,TBCV1-G-G10-007,Room G10-007
TB1-G-G10-007-5,TBCV1-G-G10-007,Room G10-007
TB1-G-G10-008-1,TBCV1-G-G10-008,Room G10-008
TB1-G-G10-008-2,TBCV1-G-G10-008,Room G10-008
TB1-G-G10-008-3,TBCV1-G-G10-008,Room G10-008
TB1-G-G10-008-4,TBCV1-G-G10-008,Room G10-008
TB1-G-G10-008-5,TBCV1-G-G10-008,Room G10-008
TB1-G-G10-009-1,TBCV1-G-G10-009,Room G10-009
TB1-G-G10-009-2,TBCV1-G-G10-009,Room G10-009
TB1-G-G10-009-3,TBCV1-G-G10-009,Room G10-009
TB1-G-G10-009-4,TBCV1-G-G10-009,Room G10-009
TB1-G-G10-009-5,TBCV1-G-G10-009,Room G10-009
TB1-G-G10-010-1,TBCV1-G-G10-010,Room G10-010
TB1-G-G10-010-2,TBCV1-G-G10-010,Room G10-010
TB1-G-G10-010-3,TBCV1-G-G10-010,Room G10-010
TB1-G-G10-010-4,TBCV1-G-G10-010,Room G10-010
TB1-G-G10-010-5,TBCV1-G-G10-010,Room G10-010
TB1-G-G10-011-1,TBCV1-G-G10-011,Room G10-011
TB1-G-G10-011-2,TBCV1-G-G10-011,Room G10-011
TB1-G-G10-011-3,TBCV1-G-G10-011,Room G10-011
TB1-G-G10-011-4,TBCV1-G-G10-011,Room G10-011
TB1-G-G10-011-5,TBCV1-G-G10-011,Room G10-011
TB1-G-G10-012-1,TBCV1-G-G10-012,Room G10-012
TB1-G-G10-012-2,TBCV1-G-G10-012,Room G10-012
TB1-G-G10-012-3,TBCV1-G-G10-012,Room G10-012
TB1-G-G10-012-4,TBCV1-G-G10-012,Room G10-012
TB1-G-G10-012-5,TBCV1-G-G10-012,Room G10-012
TB1-G-G10-101-1,TBCV1-G-G10-101,Room G10-101
TB1-G-G10-101-2,TBCV1-G-G10-101,Room G10-101
TB1-G-G10-101-3,TBCV1-G-G10-101,Room G10-101
TB1-G-G10-101-4,TBCV1-G-G10-101,Room G10-101
TB1-G-G10-102-1,TBCV1-G-G10-102,Room G10-102
TB1-G-G10-102-2,TBCV1-G-G10-102,Room G10-102
TB1-G-G10-102-3,TBCV1-G-G10-102,Room G10-102
TB1-G-G10-102-4,TBCV1-G-G10-102,Room G10-102
TB1-G-G10-103-1,TBCV1-G-G10-103,Room G10-103
TB1-G-G10-103-2,TBCV1-G-G10-103,Room G10-103
TB1-G-G10-103-3,TBCV1-G-G10-103,Room G10-103
TB1-G-G10-103-4,TBCV1-G-G10-103,Room G10-103
TB1-G-G10-104-1,TBCV1-G-G10-104,Room G10-104
TB1-G-G10-104-2,TBCV1-G-G10-104,Room G10-104
TB1-G-G10-104-3,TBCV1-G-G10-104,Room G10-104
TB1-G-G10-104-4,TBCV1-G-G10-104,Room G10-104
TB1-G-G10-105-1,TBCV1-G-G10-105,Room G10-105
TB1-G-G10-105-2,TBCV1-G-G10-105,Room G10-105
TB1-G-G10-105-3,TBCV1-G-G10-105,Room G10-105
TB1-G-G10-105-4,TBCV1-G-G10-105,Room G10-105
TB1-G-G10-106-1,TBCV1-G-G10-106,Room G10-106
TB1-G-G10-106-2,TBCV1-G-G10-106,Room G10-106
TB1-G-G10-106-3,TBCV1-G-G10-106,Room G10-106
TB1-G-G10-106-4,TBCV1-G-G10-106,Room G10-106
TB1-G-G10-107-1,TBCV1-G-G10-107,Room G10-107
TB1-G-G10-107-2,TBCV1-G-G10-107,Room G10-107
TB1-G-G10-107-3,TBCV1-G-G10-107,Room G10-107
TB1-G-G10-107-4,TBCV1-G-G10-107,Room G10-107
TB1-G-G10-108-1,TBCV1-G-G10-108,Room G10-108
TB1-G-G10-108-2,TBCV1-G-G10-108,Room G10-108
TB1-G-G10-108-3,TBCV1-G-G10-108,Room G10-108
TB1-G-G10-108-4,TBCV1-G-G10-108,Room G10-108
TB1-G-G10-109-1,TBCV1-G-G10-109,Room G10-109
TB1-G-G10-109-2,TBCV1-G-G10-109,Room G10-109
TB1-G-G10-109-3,TBCV1-G-G10-109,Room G10-109
TB1-G-G10-109-4,TBCV1-G-G10-109,Room G10-109
TB1-G-G10-110-1,TBCV1-G-G10-110,Room G10-110
TB1-G-G10-110-2,TBCV1-G-G10-110,Room G10-110
TB1-G-G10-110-3,TBCV1-G-G10-110,Room G10-110
TB1-G-G10-110-4,TBCV1-G-G10-110,Room G10-110
TB1-G-G10-111-1,TBCV1-G-G10-111,Room G10-111
TB1-G-G10-111-2,TBCV1-G-G10-111,Room G10-111
TB1-G-G10-111-3,TBCV1-G-G10-111,Room G10-111
TB1-G-G10-111-4,TBCV1-G-G10-111,Room G10-111
TB1-G-G10-112-1,TBCV1-G-G10-112,Room G10-112
TB1-G-G10-112-2,TBCV1-G-G10-112,Room G10-112
TB1-G-G10-112-3,TBCV1-G-G10-112,Room G10-112
TB1-G-G10-112-4,TBCV1-G-G10-112,Room G10-112
TB1-G-G11-001-1,TBCV1-G-G11-001,Room G11-001
TB1-G-G11-001-2,TBCV1-G-G11-001,Room G11-001
TB1-G-G11-001-3,TBCV1-G-G11-001,Room G11-001
TB1-G-G11-001-4,TBCV1-G-G11-001,Room G11-001
TB1-G-G11-001-5,TBCV1-G-G11-001,Room G11-001
TB1-G-G11-002-1,TBCV1-G-G11-002,Room G11-002
TB1-G-G11-002-2,TBCV1-G-G11-002,Room G11-002
TB1-G-G11-002-3,TBCV1-G-G11-002,Room G11-002
TB1-G-G11-002-4,TBCV1-G-G11-002,Room G11-002
TB1-G-G11-002-5,TBCV1-G-G11-002,Room G11-002
TB1-G-G11-003-1,TBCV1-G-G11-003,Room G11-003
TB1-G-G11-003-2,TBCV1-G-G11-003,Room G11-003
TB1-G-G11-003-3,TBCV1-G-G11-003,Room G11-003
TB1-G-G11-003-4,TBCV1-G-G11-003,Room G11-003
TB1-G-G11-003-5,TBCV1-G-G11-003,Room G11-003
TB1-G-G11-004-1,TBCV1-G-G11-004,Room G11-004
TB1-G-G11-004-2,TBCV1-G-G11-004,Room G11-004
TB1-G-G11-004-3,TBCV1-G-G11-004,Room G11-004
TB1-G-G11-004-4,TBCV1-G-G11-004,Room G11-004
TB1-G-G11-004-5,TBCV1-G-G11-004,Room G11-004
TB1-G-G11-005-1,TBCV1-G-G11-005,Room G11-005
TB1-G-G11-005-2,TBCV1-G-G11-005,Room G11-005
TB1-G-G11-005-3,TBCV1-G-G11-005,Room G11-005
TB1-G-G11-005-4,TBCV1-G-G11-005,Room G11-005
TB1-G-G11-005-5,TBCV1-G-G11-005,Room G11-005
TB1-G-G11-006-1,TBCV1-G-G11-006,Room G11-006
TB1-G-G11-006-2,TBCV1-G-G11-006,Room G11-006
TB1-G-G11-006-3,TBCV1-G-G11-006,Room G11-006
TB1-G-G11-006-4,TBCV1-G-G11-006,Room G11-006
TB1-G-G11-006-5,TBCV1-G-G11-006,Room G11-006
TB1-G-G11-007-1,TBCV1-G-G11-007,Room G11-007
TB1-G-G11-007-2,TBCV1-G-G11-007,Room G11-007
TB1-G-G11-007-3,TBCV1-G-G11-007,Room G11-007
TB1-G-G11-007-4,TBCV1-G-G11-007,Room G11-007
TB1-G-G11-007-5,TBCV1-G-G11-007,Room G11-007
TB1-G-G11-008-1,TBCV1-G-G11-008,Room G11-008
TB1-G-G11-008-2,TBCV1-G-G11-008,Room G11-008
TB1-G-G11-008-3,TBCV1-G-G11-008,Room G11-008
TB1-G-G11-008-4,TBCV1-G-G11-008,Room G11-008
TB1-G-G11-008-5,TBCV1-G-G11-008,Room G11-008
TB1-G-G11-009-1,TBCV1-G-G11-009,Room G11-009
TB1-G-G11-009-2,TBCV1-G-G11-009,Room G11-009
TB1-G-G11-009-3,TBCV1-G-G11-009,Room G11-009
TB1-G-G11-009-4,TBCV1-G-G11-009,Room G11-009
TB1-G-G11-009-5,TBCV1-G-G11-009,Room G11-009
TB1-G-G11-010-1,TBCV1-G-G11-010,Room G11-010
TB1-G-G11-010-2,TBCV1-G-G11-010,Room G11-010
TB1-G-G11-010-3,TBCV1-G-G11-010,Room G11-010
TB1-G-G11-010-4,TBCV1-G-G11-010,Room G11-010
TB1-G-G11-010-5,TBCV1-G-G11-010,Room G11-010
TB1-G-G11-011-1,TBCV1-G-G11-011,Room G11-011
TB1-G-G11-011-2,TBCV1-G-G11-011,Room G11-011
TB1-G-G11-011-3,TBCV1-G-G11-011,Room G11-011
TB1-G-G11-011-4,TBCV1-G-G11-011,Room G11-011
TB1-G-G11-011-5,TBCV1-G-G11-011,Room G11-011
TB1-G-G11-012-1,TBCV1-G-G11-012,Room G11-012
TB1-G-G11-012-2,TBCV1-G-G11-012,Room G11-012
TB1-G-G11-012-3,TBCV1-G-G11-012,Room G11-012
TB1-G-G11-012-4,TBCV1-G-G11-012,Room G11-012
TB1-G-G11-012-5,TBCV1-G-G11-012,Room G11-012
TB1-G-G11-101-1,TBCV1-G-G11-101,Room G11-101
TB1-G-G11-101-2,TBCV1-G-G11-101,Room G11-101
TB1-G-G11-101-3,TBCV1-G-G11-101,Room G11-101
TB1-G-G11-101-4,TBCV1-G-G11-101,Room G11-101
TB1-G-G11-102-1,TBCV1-G-G11-102,Room G11-102
TB1-G-G11-102-2,TBCV1-G-G11-102,Room G11-102
TB1-G-G11-102-3,TBCV1-G-G11-102,Room G11-102
TB1-G-G11-102-4,TBCV1-G-G11-102,Room G11-102
TB1-G-G11-103-1,TBCV1-G-G11-103,Room G11-103
TB1-G-G11-103-2,TBCV1-G-G11-103,Room G11-103
TB1-G-G11-103-3,TBCV1-G-G11-103,Room G11-103
TB1-G-G11-103-4,TBCV1-G-G11-103,Room G11-103
TB1-G-G11-104-1,TBCV1-G-G11-104,Room G11-104
TB1-G-G11-104-2,TBCV1-G-G11-104,Room G11-104
TB1-G-G11-104-3,TBCV1-G-G11-104,Room G11-104
TB1-G-G11-104-4,TBCV1-G-G11-104,Room G11-104
TB1-G-G11-105-1,TBCV1-G-G11-105,Room G11-105
TB1-G-G11-105-2,TBCV1-G-G11-105,Room G11-105
TB1-G-G11-105-3,TBCV1-G-G11-105,Room G11-105
TB1-G-G11-105-4,TBCV1-G-G11-105,Room G11-105
TB1-G-G11-106-1,TBCV1-G-G11-106,Room G11-106
TB1-G-G11-106-2,TBCV1-G-G11-106,Room G11-106
TB1-G-G11-106-3,TBCV1-G-G11-106,Room G11-106
TB1-G-G11-106-4,TBCV1-G-G11-106,Room G11-106
TB1-G-G11-107-1,TBCV1-G-G11-107,Room G11-107
TB1-G-G11-107-2,TBCV1-G-G11-107,Room G11-107
TB1-G-G11-107-3,TBCV1-G-G11-107,Room G11-107
TB1-G-G11-107-4,TBCV1-G-G11-107,Room G11-107
TB1-G-G11-108-1,TBCV1-G-G11-108,Room G11-108
TB1-G-G11-108-2,TBCV1-G-G11-108,Room G11-108
TB1-G-G11-108-3,TBCV1-G-G11-108,Room G11-108
TB1-G-G11-108-4,TBCV1-G-G11-108,Room G11-108
TB1-G-G11-109-1,TBCV1-G-G11-109,Room G11-109
TB1-G-G11-109-2,TBCV1-G-G11-109,Room G11-109
TB1-G-G11-109-3,TBCV1-G-G11-109,Room G11-109
TB1-G-G11-109-4,TBCV1-G-G11-109,Room G11-109
TB1-G-G11-110-1,TBCV1-G-G11-110,Room G11-110
TB1-G-G11-110-2,TBCV1-G-G11-110,Room G11-110
TB1-G-G11-110-3,TBCV1-G-G11-110,Room G11-110
TB1-G-G11-110-4,TBCV1-G-G11-110,Room G11-110
TB1-G-G11-111-1,TBCV1-G-G11-111,Room G11-111
TB1-G-G11-111-2,TBCV1-G-G11-111,Room G11-111
TB1-G-G11-111-3,TBCV1-G-G11-111,Room G11-111
TB1-G-G11-111-4,TBCV1-G-G11-111,Room G11-111
TB1-G-G11-112-1,TBCV1-G-G11-112,Room G11-112
TB1-G-G11-112-2,TBCV1-G-G11-112,Room G11-112
TB1-G-G11-112-3,TBCV1-G-G11-112,Room G11-112
TB1-G-G11-112-4,TBCV1-G-G11-112,Room G11-112
TB1-G-G12-001-1,TBCV1-G-G12-001,Room G12-001
TB1-G-G12-001-2,TBCV1-G-G12-001,Room G12-001
TB1-G-G12-001-3,TBCV1-G-G12-001,Room G12-001
TB1-G-G12-001-4,TBCV1-G-G12-001,Room G12-001
TB1-G-G12-001-5,TBCV1-G-G12-001,Room G12-001
TB1-G-G12-002-1,TBCV1-G-G12-002,Room G12-002
TB1-G-G12-002-2,TBCV1-G-G12-002,Room G12-002
TB1-G-G12-002-3,TBCV1-G-G12-002,Room G12-002
TB1-G-G12-002-4,TBCV1-G-G12-002,Room G12-002
TB1-G-G12-002-5,TBCV1-G-G12-002,Room G12-002
TB1-G-G12-003-1,TBCV1-G-G12-003,Room G12-003
TB1-G-G12-003-2,TBCV1-G-G12-003,Room G12-003
TB1-G-G12-003-3,TBCV1-G-G12-003,Room G12-003
TB1-G-G12-003-4,TBCV1-G-G12-003,Room G12-003
TB1-G-G12-003-5,TBCV1-G-G12-003,Room G12-003
TB1-G-G12-004-1,TBCV1-G-G12-004,Room G12-004
TB1-G-G12-004-2,TBCV1-G-G12-004,Room G12-004
TB1-G-G12-004-3,TBCV1-G-G12-004,Room G12-004
TB1-G-G12-004-4,TBCV1-G-G12-004,Room G12-004
TB1-G-G12-004-5,TBCV1-G-G12-004,Room G12-004
TB1-G-G12-005-1,TBCV1-G-G12-005,Room G12-005
TB1-G-G12-005-2,TBCV1-G-G12-005,Room G12-005
TB1-G-G12-005-3,TBCV1-G-G12-005,Room G12-005
TB1-G-G12-005-4,TBCV1-G-G12-005,Room G12-005
TB1-G-G12-005-5,TBCV1-G-G12-005,Room G12-005
TB1-G-G12-006-1,TBCV1-G-G12-006,Room G12-006
TB1-G-G12-006-2,TBCV1-G-G12-006,Room G12-006
TB1-G-G12-006-3,TBCV1-G-G12-006,Room G12-006
TB1-G-G12-006-4,TBCV1-G-G12-006,Room G12-006
TB1-G-G12-006-5,TBCV1-G-G12-006,Room G12-006
TB1-G-G12-007-1,TBCV1-G-G12-007,Room G12-007
TB1-G-G12-007-2,TBCV1-G-G12-007,Room G12-007
TB1-G-G12-007-3,TBCV1-G-G12-007,Room G12-007
TB1-G-G12-007-4,TBCV1-G-G12-007,Room G12-007
TB1-G-G12-007-5,TBCV1-G-G12-007,Room G12-007
TB1-G-G12-008-1,TBCV1-G-G12-008,Room G12-008
TB1-G-G12-008-2,TBCV1-G-G12-008,Room G12-008
TB1-G-G12-008-3,TBCV1-G-G12-008,Room G12-008
TB1-G-G12-008-4,TBCV1-G-G12-008,Room G12-008
TB1-G-G12-008-5,TBCV1-G-G12-008,Room G12-008
TB1-G-G12-009-1,TBCV1-G-G12-009,Room G12-009
TB1-G-G12-009-2,TBCV1-G-G12-009,Room G12-009
TB1-G-G12-009-3,TBCV1-G-G12-009,Room G12-009
TB1-G-G12-009-4,TBCV1-G-G12-009,Room G12-009
TB1-G-G12-009-5,TBCV1-G-G12-009,Room G12-009
TB1-G-G12-010-1,TBCV1-G-G12-010,Room G12-010
TB1-G-G12-010-2,TBCV1-G-G12-010,Room G12-010
TB1-G-G12-010-3,TBCV1-G-G12-010,Room G12-010
TB1-G-G12-010-4,TBCV1-G-G12-010,Room G12-010
TB1-G-G12-010-5,TBCV1-G-G12-010,Room G12-010
TB1-G-G12-011-1,TBCV1-G-G12-011,Room G12-011
TB1-G-G12-011-2,TBCV1-G-G12-011,Room G12-011
TB1-G-G12-011-3,TBCV1-G-G12-011,Room G12-011
TB1-G-G12-011-4,TBCV1-G-G12-011,Room G12-011
TB1-G-G12-011-5,TBCV1-G-G12-011,Room G12-011
TB1-G-G12-012-1,TBCV1-G-G12-012,Room G12-012
TB1-G-G12-012-2,TBCV1-G-G12-012,Room G12-012
TB1-G-G12-012-3,TBCV1-G-G12-012,Room G12-012
TB1-G-G12-012-4,TBCV1-G-G12-012,Room G12-012
TB1-G-G12-012-5,TBCV1-G-G12-012,Room G12-012
TB1-G-G12-101-1,TBCV1-G-G12-101,Room G12-101
TB1-G-G12-101-2,TBCV1-G-G12-101,Room G12-101
TB1-G-G12-101-3,TBCV1-G-G12-101,Room G12-101
TB1-G-G12-101-4,TBCV1-G-G12-101,Room G12-101
TB1-G-G12-102-1,TBCV1-G-G12-102,Room G12-102
TB1-G-G12-102-2,TBCV1-G-G12-102,Room G12-102
TB1-G-G12-102-3,TBCV1-G-G12-102,Room G12-102
TB1-G-G12-102-4,TBCV1-G-G12-102,Room G12-102
TB1-G-G12-103-1,TBCV1-G-G12-103,Room G12-103
TB1-G-G12-103-2,TBCV1-G-G12-103,Room G12-103
TB1-G-G12-103-3,TBCV1-G-G12-103,Room G12-103
TB1-G-G12-103-4,TBCV1-G-G12-103,Room G12-103
TB1-G-G12-104-1,TBCV1-G-G12-104,Room G12-104
TB1-G-G12-104-2,TBCV1-G-G12-104,Room G12-104
TB1-G-G12-104-3,TBCV1-G-G12-104,Room G12-104
TB1-G-G12-104-4,TBCV1-G-G12-104,Room G12-104
TB1-G-G12-105-1,TBCV1-G-G12-105,Room G12-105
TB1-G-G12-105-2,TBCV1-G-G12-105,Room G12-105
TB1-G-G12-105-3,TBCV1-G-G12-105,Room G12-105
TB1-G-G12-105-4,TBCV1-G-G12-105,Room G12-105
TB1-G-G12-106-1,TBCV1-G-G12-106,Room G12-106
TB1-G-G12-106-2,TBCV1-G-G12-106,Room G12-106
TB1-G-G12-106-3,TBCV1-G-G12-106,Room G12-106
TB1-G-G12-106-4,TBCV1-G-G12-106,Room G12-106
TB1-G-G12-107-1,TBCV1-G-G12-107,Room G12-107
TB1-G-G12-107-2,TBCV1-G-G12-107,Room G12-107
TB1-G-G12-107-3,TBCV1-G-G12-107,Room G12-107
TB1-G-G12-107-4,TBCV1-G-G12-107,Room G12-107
TB1-G-G12-108-1,TBCV1-G-G12-108,Room G12-108
TB1-G-G12-108-2,TBCV1-G-G12-108,Room G12-108
TB1-G-G12-108-3,TBCV1-G-G12-108,Room G12-108
TB1-G-G12-108-4,TBCV1-G-G12-108,Room G12-108
TB1-G-G12-109-1,TBCV1-G-G12-109,Room G12-109
TB1-G-G12-109-2,TBCV1-G-G12-109,Room G12-109
TB1-G-G12-109-3,TBCV1-G-G12-109,Room G12-109
TB1-G-G12-109-4,TBCV1-G-G12-109,Room G12-109
TB1-G-G12-110-1,TBCV1-G-G12-110,Room G12-110
TB1-G-G12-110-2,TBCV1-G-G12-110,Room G12-110
TB1-G-G12-110-3,TBCV1-G-G12-110,Room G12-110
TB1-G-G12-110-4,TBCV1-G-G12-110,Room G12-110
TB1-G-G12-111-1,TBCV1-G-G12-111,Room G12-111
TB1-G-G12-111-2,TBCV1-G-G12-111,Room G12-111
TB1-G-G12-111-3,TBCV1-G-G12-111,Room G12-111
TB1-G-G12-111-4,TBCV1-G-G12-111,Room G12-111
TB1-G-G12-112-1,TBCV1-G-G12-112,Room G12-112
TB1-G-G12-112-2,TBCV1-G-G12-112,Room G12-112
TB1-G-G12-112-3,TBCV1-G-G12-112,Room G12-112
TB1-G-G12-112-4,TBCV1-G-G12-112,Room G12-112
TB1-G-G13-001-1,TBCV1-G-G13-001,Room G13-001
TB1-G-G13-001-2,TBCV1-G-G13-001,Room G13-001
TB1-G-G13-001-3,TBCV1-G-G13-001,Room G13-001
TB1-G-G13-001-4,TBCV1-G-G13-001,Room G13-001
TB1-G-G13-001-5,TBCV1-G-G13-001,Room G13-001
TB1-G-G13-002-1,TBCV1-G-G13-002,Room G13-002
TB1-G-G13-002-2,TBCV1-G-G13-002,Room G13-002
TB1-G-G13-002-3,TBCV1-G-G13-002,Room G13-002
TB1-G-G13-002-4,TBCV1-G-G13-002,Room G13-002
TB1-G-G13-002-5,TBCV1-G-G13-002,Room G13-002
TB1-G-G13-003-1,TBCV1-G-G13-003,Room G13-003
TB1-G-G13-003-2,TBCV1-G-G13-003,Room G13-003
TB1-G-G13-003-3,TBCV1-G-G13-003,Room G13-003
TB1-G-G13-003-4,TBCV1-G-G13-003,Room G13-003
TB1-G-G13-003-5,TBCV1-G-G13-003,Room G13-003
TB1-G-G13-004-1,TBCV1-G-G13-004,Room G13-004
TB1-G-G13-004-2,TBCV1-G-G13-004,Room G13-004
TB1-G-G13-004-3,TBCV1-G-G13-004,Room G13-004
TB1-G-G13-004-4,TBCV1-G-G13-004,Room G13-004
TB1-G-G13-004-5,TBCV1-G-G13-004,Room G13-004
TB1-G-G13-005-1,TBCV1-G-G13-005,Room G13-005
TB1-G-G13-005-2,TBCV1-G-G13-005,Room G13-005
TB1-G-G13-005-3,TBCV1-G-G13-005,Room G13-005
TB1-G-G13-005-4,TBCV1-G-G13-005,Room G13-005
TB1-G-G13-005-5,TBCV1-G-G13-005,Room G13-005
TB1-G-G13-006-1,TBCV1-G-G13-006,Room G13-006
TB1-G-G13-006-2,TBCV1-G-G13-006,Room G13-006
TB1-G-G13-006-3,TBCV1-G-G13-006,Room G13-006
TB1-G-G13-006-4,TBCV1-G-G13-006,Room G13-006
TB1-G-G13-006-5,TBCV1-G-G13-006,Room G13-006
TB1-G-G13-007-1,TBCV1-G-G13-007,Room G13-007
TB1-G-G13-007-2,TBCV1-G-G13-007,Room G13-007
TB1-G-G13-007-3,TBCV1-G-G13-007,Room G13-007
TB1-G-G13-007-4,TBCV1-G-G13-007,Room G13-007
TB1-G-G13-007-5,TBCV1-G-G13-007,Room G13-007
TB1-G-G13-008-1,TBCV1-G-G13-008,Room G13-008
TB1-G-G13-008-2,TBCV1-G-G13-008,Room G13-008
TB1-G-G13-008-3,TBCV1-G-G13-008,Room G13-008
TB1-G-G13-008-4,TBCV1-G-G13-008,Room G13-008
TB1-G-G13-008-5,TBCV1-G-G13-008,Room G13-008
TB1-G-G13-009-1,TBCV1-G-G13-009,Room G13-009
TB1-G-G13-009-2,TBCV1-G-G13-009,Room G13-009
TB1-G-G13-009-3,TBCV1-G-G13-009,Room G13-009
TB1-G-G13-009-4,TBCV1-G-G13-009,Room G13-009
TB1-G-G13-009-5,TBCV1-G-G13-009,Room G13-009
TB1-G-G13-010-1,TBCV1-G-G13-010,Room G13-010
TB1-G-G13-010-2,TBCV1-G-G13-010,Room G13-010
TB1-G-G13-010-3,TBCV1-G-G13-010,Room G13-010
TB1-G-G13-010-4,TBCV1-G-G13-010,Room G13-010
TB1-G-G13-010-5,TBCV1-G-G13-010,Room G13-010
TB1-G-G13-011-1,TBCV1-G-G13-011,Room G13-011
TB1-G-G13-011-2,TBCV1-G-G13-011,Room G13-011
TB1-G-G13-011-3,TBCV1-G-G13-011,Room G13-011
TB1-G-G13-011-4,TBCV1-G-G13-011,Room G13-011
TB1-G-G13-011-5,TBCV1-G-G13-011,Room G13-011
TB1-G-G13-012-1,TBCV1-G-G13-012,Room G13-012
TB1-G-G13-012-2,TBCV1-G-G13-012,Room G13-012
TB1-G-G13-012-3,TBCV1-G-G13-012,Room G13-012
TB1-G-G13-012-4,TBCV1-G-G13-012,Room G13-012
TB1-G-G13-012-5,TBCV1-G-G13-012,Room G13-012
TB1-G-G13-101-1,TBCV1-G-G13-101,Room G13-101
TB1-G-G13-101-2,TBCV1-G-G13-101,Room G13-101
TB1-G-G13-101-3,TBCV1-G-G13-101,Room G13-101
TB1-G-G13-101-4,TBCV1-G-G13-101,Room G13-101
TB1-G-G13-102-1,TBCV1-G-G13-102,Room G13-102
TB1-G-G13-102-2,TBCV1-G-G13-102,Room G13-102
TB1-G-G13-102-3,TBCV1-G-G13-102,Room G13-102
TB1-G-G13-102-4,TBCV1-G-G13-102,Room G13-102
TB1-G-G13-103-1,TBCV1-G-G13-103,Room G13-103
TB1-G-G13-103-2,TBCV1-G-G13-103,Room G13-103
TB1-G-G13-103-3,TBCV1-G-G13-103,Room G13-103
TB1-G-G13-103-4,TBCV1-G-G13-103,Room G13-103
TB1-G-G13-104-1,TBCV1-G-G13-104,Room G13-104
TB1-G-G13-104-2,TBCV1-G-G13-104,Room G13-104
TB1-G-G13-104-3,TBCV1-G-G13-104,Room G13-104
TB1-G-G13-104-4,TBCV1-G-G13-104,Room G13-104
TB1-G-G13-105-1,TBCV1-G-G13-105,Room G13-105
TB1-G-G13-105-2,TBCV1-G-G13-105,Room G13-105
TB1-G-G13-105-3,TBCV1-G-G13-105,Room G13-105
TB1-G-G13-105-4,TBCV1-G-G13-105,Room G13-105
TB1-G-G13-106-1,TBCV1-G-G13-106,Room G13-106
TB1-G-G13-106-2,TBCV1-G-G13-106,Room G13-106
TB1-G-G13-106-3,TBCV1-G-G13-106,Room G13-106
TB1-G-G13-106-4,TBCV1-G-G13-106,Room G13-106
TB1-G-G13-107-1,TBCV1-G-G13-107,Room G13-107
TB1-G-G13-107-2,TBCV1-G-G13-107,Room G13-107
TB1-G-G13-107-3,TBCV1-G-G13-107,Room G13-107
TB1-G-G13-107-4,TBCV1-G-G13-107,Room G13-107
TB1-G-G13-108-1,TBCV1-G-G13-108,Room G13-108
TB1-G-G13-108-2,TBCV1-G-G13-108,Room G13-108
TB1-G-G13-108-3,TBCV1-G-G13-108,Room G13-108
TB1-G-G13-108-4,TBCV1-G-G13-108,Room G13-108
TB1-G-G13-109-1,TBCV1-G-G13-109,Room G13-109
TB1-G-G13-109-2,TBCV1-G-G13-109,Room G13-109
TB1-G-G13-109-3,TBCV1-G-G13-109,Room G13-109
TB1-G-G13-109-4,TBCV1-G-G13-109,Room G13-109
TB1-G-G13-110-1,TBCV1-G-G13-110,Room G13-110
TB1-G-G13-110-2,TBCV1-G-G13-110,Room G13-110
TB1-G-G13-110-3,TBCV1-G-G13-110,Room G13-110
TB1-G-G13-110-4,TBCV1-G-G13-110,Room G13-110
TB1-G-G13-111-1,TBCV1-G-G13-111,Room G13-111
TB1-G-G13-111-2,TBCV1-G-G13-111,Room G13-111
TB1-G-G13-111-3,TBCV1-G-G13-111,Room G13-111
TB1-G-G13-111-4,TBCV1-G-G13-111,Room G13-111
TB1-G-G13-112-1,TBCV1-G-G13-112,Room G13-112
TB1-G-G13-112-2,TBCV1-G-G13-112,Room G13-112
TB1-G-G13-112-3,TBCV1-G-G13-112,Room G13-112
TB1-G-G13-112-4,TBCV1-G-G13-112,Room G13-112
TB1-G-G14-001-1,TBCV1-G-G14-001,Room G14-001
TB1-G-G14-001-2,TBCV1-G-G14-001,Room G14-001
TB1-G-G14-001-3,TBCV1-G-G14-001,Room G14-001
TB1-G-G14-001-4,TBCV1-G-G14-001,Room G14-001
TB1-G-G14-001-5,TBCV1-G-G14-001,Room G14-001
TB1-G-G14-002-1,TBCV1-G-G14-002,Room G14-002
TB1-G-G14-002-2,TBCV1-G-G14-002,Room G14-002
TB1-G-G14-002-3,TBCV1-G-G14-002,Room G14-002
TB1-G-G14-002-4,TBCV1-G-G14-002,Room G14-002
TB1-G-G14-002-5,TBCV1-G-G14-002,Room G14-002
TB1-G-G14-003-1,TBCV1-G-G14-003,Room G14-003
TB1-G-G14-003-2,TBCV1-G-G14-003,Room G14-003
TB1-G-G14-003-3,TBCV1-G-G14-003,Room G14-003
TB1-G-G14-003-4,TBCV1-G-G14-003,Room G14-003
TB1-G-G14-003-5,TBCV1-G-G14-003,Room G14-003
TB1-G-G14-004-1,TBCV1-G-G14-004,Room G14-004
TB1-G-G14-004-2,TBCV1-G-G14-004,Room G14-004
TB1-G-G14-004-3,TBCV1-G-G14-004,Room G14-004
TB1-G-G14-004-4,TBCV1-G-G14-004,Room G14-004
TB1-G-G14-004-5,TBCV1-G-G14-004,Room G14-004
TB1-G-G14-005-1,TBCV1-G-G14-005,Room G14-005
TB1-G-G14-005-2,TBCV1-G-G14-005,Room G14-005
TB1-G-G14-005-3,TBCV1-G-G14-005,Room G14-005
TB1-G-G14-005-4,TBCV1-G-G14-005,Room G14-005
TB1-G-G14-005-5,TBCV1-G-G14-005,Room G14-005
TB1-G-G14-006-1,TBCV1-G-G14-006,Room G14-006
TB1-G-G14-006-2,TBCV1-G-G14-006,Room G14-006
TB1-G-G14-006-3,TBCV1-G-G14-006,Room G14-006
TB1-G-G14-006-4,TBCV1-G-G14-006,Room G14-006
TB1-G-G14-006-5,TBCV1-G-G14-006,Room G14-006
TB1-G-G14-007-1,TBCV1-G-G14-007,Room G14-007
TB1-G-G14-007-2,TBCV1-G-G14-007,Room G14-007
TB1-G-G14-007-3,TBCV1-G-G14-007,Room G14-007
TB1-G-G14-007-4,TBCV1-G-G14-007,Room G14-007
TB1-G-G14-007-5,TBCV1-G-G14-007,Room G14-007
TB1-G-G14-008-1,TBCV1-G-G14-008,Room G14-008
TB1-G-G14-008-2,TBCV1-G-G14-008,Room G14-008
TB1-G-G14-008-3,TBCV1-G-G14-008,Room G14-008
TB1-G-G14-008-4,TBCV1-G-G14-008,Room G14-008
TB1-G-G14-008-5,TBCV1-G-G14-008,Room G14-008
TB1-G-G14-009-1,TBCV1-G-G14-009,Room G14-009
TB1-G-G14-009-2,TBCV1-G-G14-009,Room G14-009
TB1-G-G14-009-3,TBCV1-G-G14-009,Room G14-009
TB1-G-G14-009-4,TBCV1-G-G14-009,Room G14-009
TB1-G-G14-009-5,TBCV1-G-G14-009,Room G14-009
TB1-G-G14-010-1,TBCV1-G-G14-010,Room G14-010
TB1-G-G14-010-2,TBCV1-G-G14-010,Room G14-010
TB1-G-G14-010-3,TBCV1-G-G14-010,Room G14-010
TB1-G-G14-010-4,TBCV1-G-G14-010,Room G14-010
TB1-G-G14-010-5,TBCV1-G-G14-010,Room G14-010
TB1-G-G14-011-1,TBCV1-G-G14-011,Room G14-011
TB1-G-G14-011-2,TBCV1-G-G14-011,Room G14-011
TB1-G-G14-011-3,TBCV1-G-G14-011,Room G14-011
TB1-G-G14-011-4,TBCV1-G-G14-011,Room G14-011
TB1-G-G14-011-5,TBCV1-G-G14-011,Room G14-011
TB1-G-G14-012-1,TBCV1-G-G14-012,Room G14-012
TB1-G-G14-012-2,TBCV1-G-G14-012,Room G14-012
TB1-G-G14-012-3,TBCV1-G-G14-012,Room G14-012
TB1-G-G14-012-4,TBCV1-G-G14-012,Room G14-012
TB1-G-G14-012-5,TBCV1-G-G14-012,Room G14-012
TB1-G-G14-101-1,TBCV1-G-G14-101,Room G14-101
TB1-G-G14-101-2,TBCV1-G-G14-101,Room G14-101
TB1-G-G14-101-3,TBCV1-G-G14-101,Room G14-101
TB1-G-G14-101-4,TBCV1-G-G14-101,Room G14-101
TB1-G-G14-102-1,TBCV1-G-G14-102,Room G14-102
TB1-G-G14-102-2,TBCV1-G-G14-102,Room G14-102
TB1-G-G14-102-3,TBCV1-G-G14-102,Room G14-102
TB1-G-G14-102-4,TBCV1-G-G14-102,Room G14-102
TB1-G-G14-103-1,TBCV1-G-G14-103,Room G14-103
TB1-G-G14-103-2,TBCV1-G-G14-103,Room G14-103
TB1-G-G14-103-3,TBCV1-G-G14-103,Room G14-103
TB1-G-G14-103-4,TBCV1-G-G14-103,Room G14-103
TB1-G-G14-104-1,TBCV1-G-G14-104,Room G14-104
TB1-G-G14-104-2,TBCV1-G-G14-104,Room G14-104
TB1-G-G14-104-3,TBCV1-G-G14-104,Room G14-104
TB1-G-G14-104-4,TBCV1-G-G14-104,Room G14-104
TB1-G-G14-105-1,TBCV1-G-G14-105,Room G14-105
TB1-G-G14-105-2,TBCV1-G-G14-105,Room G14-105
TB1-G-G14-105-3,TBCV1-G-G14-105,Room G14-105
TB1-G-G14-105-4,TBCV1-G-G14-105,Room G14-105
TB1-G-G14-106-1,TBCV1-G-G14-106,Room G14-106
TB1-G-G14-106-2,TBCV1-G-G14-106,Room G14-106
TB1-G-G14-106-3,TBCV1-G-G14-106,Room G14-106
TB1-G-G14-106-4,TBCV1-G-G14-106,Room G14-106
TB1-G-G14-107-1,TBCV1-G-G14-107,Room G14-107
TB1-G-G14-107-2,TBCV1-G-G14-107,Room G14-107
TB1-G-G14-107-3,TBCV1-G-G14-107,Room G14-107
TB1-G-G14-107-4,TBCV1-G-G14-107,Room G14-107
TB1-G-G14-108-1,TBCV1-G-G14-108,Room G14-108
TB1-G-G14-108-2,TBCV1-G-G14-108,Room G14-108
TB1-G-G14-108-3,TBCV1-G-G14-108,Room G14-108
TB1-G-G14-108-4,TBCV1-G-G14-108,Room G14-108
TB1-G-G14-109-1,TBCV1-G-G14-109,Room G14-109
TB1-G-G14-109-2,TBCV1-G-G14-109,Room G14-109
TB1-G-G14-109-3,TBCV1-G-G14-109,Room G14-109
TB1-G-G14-109-4,TBCV1-G-G14-109,Room G14-109
TB1-G-G14-110-1,TBCV1-G-G14-110,Room G14-110
TB1-G-G14-110-2,TBCV1-G-G14-110,Room G14-110
TB1-G-G14-110-3,TBCV1-G-G14-110,Room G14-110
TB1-G-G14-110-4,TBCV1-G-G14-110,Room G14-110
TB1-G-G14-111-1,TBCV1-G-G14-111,Room G14-111
TB1-G-G14-111-2,TBCV1-G-G14-111,Room G14-111
TB1-G-G14-111-3,TBCV1-G-G14-111,Room G14-111
TB1-G-G14-111-4,TBCV1-G-G14-111,Room G14-111
TB1-G-G14-112-1,TBCV1-G-G14-112,Room G14-112
TB1-G-G14-112-2,TBCV1-G-G14-112,Room G14-112
TB1-G-G14-112-3,TBCV1-G-G14-112,Room G14-112
TB1-G-G14-112-4,TBCV1-G-G14-112,Room G14-112
TB1-G-G15-001-1,TBCV1-G-G15-001,Room G15-001
TB1-G-G15-001-2,TBCV1-G-G15-001,Room G15-001
TB1-G-G15-001-3,TBCV1-G-G15-001,Room G15-001
TB1-G-G15-001-4,TBCV1-G-G15-001,Room G15-001
TB1-G-G15-001-5,TBCV1-G-G15-001,Room G15-001
TB1-G-G15-002-1,TBCV1-G-G15-002,Room G15-002
TB1-G-G15-002-2,TBCV1-G-G15-002,Room G15-002
TB1-G-G15-002-3,TBCV1-G-G15-002,Room G15-002
TB1-G-G15-002-4,TBCV1-G-G15-002,Room G15-002
TB1-G-G15-002-5,TBCV1-G-G15-002,Room G15-002
TB1-G-G15-003-1,TBCV1-G-G15-003,Room G15-003
TB1-G-G15-003-2,TBCV1-G-G15-003,Room G15-003
TB1-G-G15-003-3,TBCV1-G-G15-003,Room G15-003
TB1-G-G15-003-4,TBCV1-G-G15-003,Room G15-003
TB1-G-G15-003-5,TBCV1-G-G15-003,Room G15-003
TB1-G-G15-004-1,TBCV1-G-G15-004,Room G15-004
TB1-G-G15-004-2,TBCV1-G-G15-004,Room G15-004
TB1-G-G15-004-3,TBCV1-G-G15-004,Room G15-004
TB1-G-G15-004-4,TBCV1-G-G15-004,Room G15-004
TB1-G-G15-004-5,TBCV1-G-G15-004,Room G15-004
TB1-G-G15-005-1,TBCV1-G-G15-005,Room G15-005
TB1-G-G15-005-2,TBCV1-G-G15-005,Room G15-005
TB1-G-G15-005-3,TBCV1-G-G15-005,Room G15-005
TB1-G-G15-005-4,TBCV1-G-G15-005,Room G15-005
TB1-G-G15-005-5,TBCV1-G-G15-005,Room G15-005
TB1-G-G15-006-1,TBCV1-G-G15-006,Room G15-006
TB1-G-G15-006-2,TBCV1-G-G15-006,Room G15-006
TB1-G-G15-006-3,TBCV1-G-G15-006,Room G15-006
TB1-G-G15-006-4,TBCV1-G-G15-006,Room G15-006
TB1-G-G15-006-5,TBCV1-G-G15-006,Room G15-006
TB1-G-G15-007-1,TBCV1-G-G15-007,Room G15-007
TB1-G-G15-007-2,TBCV1-G-G15-007,Room G15-007
TB1-G-G15-007-3,TBCV1-G-G15-007,Room G15-007
TB1-G-G15-007-4,TBCV1-G-G15-007,Room G15-007
TB1-G-G15-007-5,TBCV1-G-G15-007,Room G15-007
TB1-G-G15-008-1,TBCV1-G-G15-008,Room G15-008
TB1-G-G15-008-2,TBCV1-G-G15-008,Room G15-008
TB1-G-G15-008-3,TBCV1-G-G15-008,Room G15-008
TB1-G-G15-008-4,TBCV1-G-G15-008,Room G15-008
TB1-G-G15-008-5,TBCV1-G-G15-008,Room G15-008
TB1-G-G15-009-1,TBCV1-G-G15-009,Room G15-009
TB1-G-G15-009-2,TBCV1-G-G15-009,Room G15-009
TB1-G-G15-009-3,TBCV1-G-G15-009,Room G15-009
TB1-G-G15-009-4,TBCV1-G-G15-009,Room G15-009
TB1-G-G15-009-5,TBCV1-G-G15-009,Room G15-009
TB1-G-G15-010-1,TBCV1-G-G15-010,Room G15-010
TB1-G-G15-010-2,TBCV1-G-G15-010,Room G15-010
TB1-G-G15-010-3,TBCV1-G-G15-010,Room G15-010
TB1-G-G15-010-4,TBCV1-G-G15-010,Room G15-010
TB1-G-G15-010-5,TBCV1-G-G15-010,Room G15-010
TB1-G-G15-011-1,TBCV1-G-G15-011,Room G15-011
TB1-G-G15-011-2,TBCV1-G-G15-011,Room G15-011
TB1-G-G15-011-3,TBCV1-G-G15-011,Room G15-011
TB1-G-G15-011-4,TBCV1-G-G15-011,Room G15-011
TB1-G-G15-011-5,TBCV1-G-G15-011,Room G15-011
TB1-G-G15-012-1,TBCV1-G-G15-012,Room G15-012
TB1-G-G15-012-2,TBCV1-G-G15-012,Room G15-012
TB1-G-G15-012-3,TBCV1-G-G15-012,Room G15-012
TB1-G-G15-012-4,TBCV1-G-G15-012,Room G15-012
TB1-G-G15-012-5,TBCV1-G-G15-012,Room G15-012
TB1-G-G15-101-1,TBCV1-G-G15-101,Room G15-101
TB1-G-G15-101-2,TBCV1-G-G15-101,Room G15-101
TB1-G-G15-101-3,TBCV1-G-G15-101,Room G15-101
TB1-G-G15-101-4,TBCV1-G-G15-101,Room G15-101
TB1-G-G15-102-1,TBCV1-G-G15-102,Room G15-102
TB1-G-G15-102-2,TBCV1-G-G15-102,Room G15-102
TB1-G-G15-102-3,TBCV1-G-G15-102,Room G15-102
TB1-G-G15-102-4,TBCV1-G-G15-102,Room G15-102
TB1-G-G15-103-1,TBCV1-G-G15-103,Room G15-103
TB1-G-G15-103-2,TBCV1-G-G15-103,Room G15-103
TB1-G-G15-103-3,TBCV1-G-G15-103,Room G15-103
TB1-G-G15-103-4,TBCV1-G-G15-103,Room G15-103
TB1-G-G15-104-1,TBCV1-G-G15-104,Room G15-104
TB1-G-G15-104-2,TBCV1-G-G15-104,Room G15-104
TB1-G-G15-104-3,TBCV1-G-G15-104,Room G15-104
TB1-G-G15-104-4,TBCV1-G-G15-104,Room G15-104
TB1-G-G15-105-1,TBCV1-G-G15-105,Room G15-105
TB1-G-G15-105-2,TBCV1-G-G15-105,Room G15-105
TB1-G-G15-105-3,TBCV1-G-G15-105,Room G15-105
TB1-G-G15-105-4,TBCV1-G-G15-105,Room G15-105
TB1-G-G15-106-1,TBCV1-G-G15-106,Room G15-106
TB1-G-G15-106-2,TBCV1-G-G15-106,Room G15-106
TB1-G-G15-106-3,TBCV1-G-G15-106,Room G15-106
TB1-G-G15-106-4,TBCV1-G-G15-106,Room G15-106
TB1-G-G15-107-1,TBCV1-G-G15-107,Room G15-107
TB1-G-G15-107-2,TBCV1-G-G15-107,Room G15-107
TB1-G-G15-107-3,TBCV1-G-G15-107,Room G15-107
TB1-G-G15-107-4,TBCV1-G-G15-107,Room G15-107
TB1-G-G15-108-1,TBCV1-G-G15-108,Room G15-108
TB1-G-G15-108-2,TBCV1-G-G15-108,Room G15-108
TB1-G-G15-108-3,TBCV1-G-G15-108,Room G15-108
TB1-G-G15-108-4,TBCV1-G-G15-108,Room G15-108
TB1-G-G15-109-1,TBCV1-G-G15-109,Room G15-109
TB1-G-G15-109-2,TBCV1-G-G15-109,Room G15-109
TB1-G-G15-109-3,TBCV1-G-G15-109,Room G15-109
TB1-G-G15-109-4,TBCV1-G-G15-109,Room G15-109
TB1-G-G15-110-1,TBCV1-G-G15-110,Room G15-110
TB1-G-G15-110-2,TBCV1-G-G15-110,Room G15-110
TB1-G-G15-110-3,TBCV1-G-G15-110,Room G15-110
TB1-G-G15-110-4,TBCV1-G-G15-110,Room G15-110
TB1-G-G15-111-1,TBCV1-G-G15-111,Room G15-111
TB1-G-G15-111-2,TBCV1-G-G15-111,Room G15-111
TB1-G-G15-111-3,TBCV1-G-G15-111,Room G15-111
TB1-G-G15-111-4,TBCV1-G-G15-111,Room G15-111
TB1-G-G15-112-1,TBCV1-G-G15-112,Room G15-112
TB1-G-G15-112-2,TBCV1-G-G15-112,Room G15-112
TB1-G-G15-112-3,TBCV1-G-G15-112,Room G15-112
TB1-G-G15-112-4,TBCV1-G-G15-112,Room G15-112
TB1-G-G16-001-1,TBCV1-G-G16-001,Room G16-001
TB1-G-G16-001-2,TBCV1-G-G16-001,Room G16-001
TB1-G-G16-001-3,TBCV1-G-G16-001,Room G16-001
TB1-G-G16-001-4,TBCV1-G-G16-001,Room G16-001
TB1-G-G16-001-5,TBCV1-G-G16-001,Room G16-001
TB1-G-G16-002-1,TBCV1-G-G16-002,Room G16-002
TB1-G-G16-002-2,TBCV1-G-G16-002,Room G16-002
TB1-G-G16-002-3,TBCV1-G-G16-002,Room G16-002
TB1-G-G16-002-4,TBCV1-G-G16-002,Room G16-002
TB1-G-G16-002-5,TBCV1-G-G16-002,Room G16-002
TB1-G-G16-003-1,TBCV1-G-G16-003,Room G16-003
TB1-G-G16-003-2,TBCV1-G-G16-003,Room G16-003
TB1-G-G16-003-3,TBCV1-G-G16-003,Room G16-003
TB1-G-G16-003-4,TBCV1-G-G16-003,Room G16-003
TB1-G-G16-003-5,TBCV1-G-G16-003,Room G16-003
TB1-G-G16-004-1,TBCV1-G-G16-004,Room G16-004
TB1-G-G16-004-2,TBCV1-G-G16-004,Room G16-004
TB1-G-G16-004-3,TBCV1-G-G16-004,Room G16-004
TB1-G-G16-004-4,TBCV1-G-G16-004,Room G16-004
TB1-G-G16-004-5,TBCV1-G-G16-004,Room G16-004
TB1-G-G16-005-1,TBCV1-G-G16-005,Room G16-005
TB1-G-G16-005-2,TBCV1-G-G16-005,Room G16-005
TB1-G-G16-005-3,TBCV1-G-G16-005,Room G16-005
TB1-G-G16-005-4,TBCV1-G-G16-005,Room G16-005
TB1-G-G16-005-5,TBCV1-G-G16-005,Room G16-005
TB1-G-G16-006-1,TBCV1-G-G16-006,Room G16-006
TB1-G-G16-006-2,TBCV1-G-G16-006,Room G16-006
TB1-G-G16-006-3,TBCV1-G-G16-006,Room G16-006
TB1-G-G16-006-4,TBCV1-G-G16-006,Room G16-006
TB1-G-G16-006-5,TBCV1-G-G16-006,Room G16-006
TB1-G-G16-007-1,TBCV1-G-G16-007,Room G16-007
TB1-G-G16-007-2,TBCV1-G-G16-007,Room G16-007
TB1-G-G16-007-3,TBCV1-G-G16-007,Room G16-007
TB1-G-G16-007-4,TBCV1-G-G16-007,Room G16-007
TB1-G-G16-007-5,TBCV1-G-G16-007,Room G16-007
TB1-G-G16-008-1,TBCV1-G-G16-008,Room G16-008
TB1-G-G16-008-2,TBCV1-G-G16-008,Room G16-008
TB1-G-G16-008-3,TBCV1-G-G16-008,Room G16-008
TB1-G-G16-008-4,TBCV1-G-G16-008,Room G16-008
TB1-G-G16-008-5,TBCV1-G-G16-008,Room G16-008
TB1-G-G16-009-1,TBCV1-G-G16-009,Room G16-009
TB1-G-G16-009-2,TBCV1-G-G16-009,Room G16-009
TB1-G-G16-009-3,TBCV1-G-G16-009,Room G16-009
TB1-G-G16-009-4,TBCV1-G-G16-009,Room G16-009
TB1-G-G16-009-5,TBCV1-G-G16-009,Room G16-009
TB1-G-G16-010-1,TBCV1-G-G16-010,Room G16-010
TB1-G-G16-010-2,TBCV1-G-G16-010,Room G16-010
TB1-G-G16-010-3,TBCV1-G-G16-010,Room G16-010
TB1-G-G16-010-4,TBCV1-G-G16-010,Room G16-010
TB1-G-G16-010-5,TBCV1-G-G16-010,Room G16-010
TB1-G-G16-011-1,TBCV1-G-G16-011,Room G16-011
TB1-G-G16-011-2,TBCV1-G-G16-011,Room G16-011
TB1-G-G16-011-3,TBCV1-G-G16-011,Room G16-011
TB1-G-G16-011-4,TBCV1-G-G16-011,Room G16-011
TB1-G-G16-011-5,TBCV1-G-G16-011,Room G16-011
TB1-G-G16-012-1,TBCV1-G-G16-012,Room G16-012
TB1-G-G16-012-2,TBCV1-G-G16-012,Room G16-012
TB1-G-G16-012-3,TBCV1-G-G16-012,Room G16-012
TB1-G-G16-012-4,TBCV1-G-G16-012,Room G16-012
TB1-G-G16-012-5,TBCV1-G-G16-012,Room G16-012
TB1-G-G16-101-1,TBCV1-G-G16-101,Room G16-101
TB1-G-G16-101-2,TBCV1-G-G16-101,Room G16-101
TB1-G-G16-101-3,TBCV1-G-G16-101,Room G16-101
TB1-G-G16-101-4,TBCV1-G-G16-101,Room G16-101
TB1-G-G16-102-1,TBCV1-G-G16-102,Room G16-102
TB1-G-G16-102-2,TBCV1-G-G16-102,Room G16-102
TB1-G-G16-102-3,TBCV1-G-G16-102,Room G16-102
TB1-G-G16-102-4,TBCV1-G-G16-102,Room G16-102
TB1-G-G16-103-1,TBCV1-G-G16-103,Room G16-103
TB1-G-G16-103-2,TBCV1-G-G16-103,Room G16-103
TB1-G-G16-103-3,TBCV1-G-G16-103,Room G16-103
TB1-G-G16-103-4,TBCV1-G-G16-103,Room G16-103
TB1-G-G16-104-1,TBCV1-G-G16-104,Room G16-104
TB1-G-G16-104-2,TBCV1-G-G16-104,Room G16-104
TB1-G-G16-104-3,TBCV1-G-G16-104,Room G16-104
TB1-G-G16-104-4,TBCV1-G-G16-104,Room G16-104
TB1-G-G16-105-1,TBCV1-G-G16-105,Room G16-105
TB1-G-G16-105-2,TBCV1-G-G16-105,Room G16-105
TB1-G-G16-105-3,TBCV1-G-G16-105,Room G16-105
TB1-G-G16-105-4,TBCV1-G-G16-105,Room G16-105
TB1-G-G16-106-1,TBCV1-G-G16-106,Room G16-106
TB1-G-G16-106-2,TBCV1-G-G16-106,Room G16-106
TB1-G-G16-106-3,TBCV1-G-G16-106,Room G16-106
TB1-G-G16-106-4,TBCV1-G-G16-106,Room G16-106
TB1-G-G16-107-1,TBCV1-G-G16-107,Room G16-107
TB1-G-G16-107-2,TBCV1-G-G16-107,Room G16-107
TB1-G-G16-107-3,TBCV1-G-G16-107,Room G16-107
TB1-G-G16-107-4,TBCV1-G-G16-107,Room G16-107
TB1-G-G16-108-1,TBCV1-G-G16-108,Room G16-108
TB1-G-G16-108-2,TBCV1-G-G16-108,Room G16-108
TB1-G-G16-108-3,TBCV1-G-G16-108,Room G16-108
TB1-G-G16-108-4,TBCV1-G-G16-108,Room G16-108
TB1-G-G16-109-1,TBCV1-G-G16-109,Room G16-109
TB1-G-G16-109-2,TBCV1-G-G16-109,Room G16-109
TB1-G-G16-109-3,TBCV1-G-G16-109,Room G16-109
TB1-G-G16-109-4,TBCV1-G-G16-109,Room G16-109
TB1-G-G16-110-1,TBCV1-G-G16-110,Room G16-110
TB1-G-G16-110-2,TBCV1-G-G16-110,Room G16-110
TB1-G-G16-110-3,TBCV1-G-G16-110,Room G16-110
TB1-G-G16-110-4,TBCV1-G-G16-110,Room G16-110
TB1-G-G16-111-1,TBCV1-G-G16-111,Room G16-111
TB1-G-G16-111-2,TBCV1-G-G16-111,Room G16-111
TB1-G-G16-111-3,TBCV1-G-G16-111,Room G16-111
TB1-G-G16-111-4,TBCV1-G-G16-111,Room G16-111
TB1-G-G16-112-1,TBCV1-G-G16-112,Room G16-112
TB1-G-G16-112-2,TBCV1-G-G16-112,Room G16-112
TB1-G-G16-112-3,TBCV1-G-G16-112,Room G16-112
TB1-G-G16-112-4,TBCV1-G-G16-112,Room G16-112
TB1-H-H01-001-1,TBCV1-H-H01-001,Room H01-001
TB1-H-H01-002-1,TBCV1-H-H01-002,Room H01-002
TB1-H-H01-003-1,TBCV1-H-H01-003,Room H01-003
TB1-H-H01-004-1,TBCV1-H-H01-004,Room H01-004
TB1-H-H01-005-1,TBCV1-H-H01-005,Room H01-005
TB1-H-H01-006-1,TBCV1-H-H01-006,Room H01-006
TB1-H-H01-007-1,TBCV1-H-H01-007,Room H01-007
TB1-H-H01-008-1,TBCV1-H-H01-008,Room H01-008
TB1-H-H01-009-1,TBCV1-H-H01-009,Room H01-009
TB1-H-H01-010-1,TBCV1-H-H01-010,Room H01-010
TB1-H-H01-011-1,TBCV1-H-H01-011,Room H01-011
TB1-H-H01-012-1,TBCV1-H-H01-012,Room H01-012
TB1-H-H01-101-1,TBCV1-H-H01-101,Room H01-101
TB1-H-H01-102-1,TBCV1-H-H01-102,Room H01-102
TB1-H-H01-103-1,TBCV1-H-H01-103,Room H01-103
TB1-H-H01-104-1,TBCV1-H-H01-104,Room H01-104
TB1-H-H01-105-1,TBCV1-H-H01-105,Room H01-105
TB1-H-H01-106-1,TBCV1-H-H01-106,Room H01-106
TB1-H-H01-107-1,TBCV1-H-H01-107,Room H01-107
TB1-H-H01-108-1,TBCV1-H-H01-108,Room H01-108
TB1-H-H01-109-1,TBCV1-H-H01-109,Room H01-109
TB1-H-H01-110-1,TBCV1-H-H01-110,Room H01-110
TB1-H-H01-111-1,TBCV1-H-H01-111,Room H01-111
TB1-H-H01-112-1,TBCV1-H-H01-112,Room H01-112
TB1-H-H02-001-1,TBCV1-H-H02-001,Room H02-001
TB1-H-H02-002-1,TBCV1-H-H02-002,Room H02-002
TB1-H-H02-003-1,TBCV1-H-H02-003,Room H02-003
TB1-H-H02-004-1,TBCV1-H-H02-004,Room H02-004
TB1-H-H02-005-1,TBCV1-H-H02-005,Room H02-005
TB1-H-H02-006-1,TBCV1-H-H02-006,Room H02-006
TB1-H-H02-007-1,TBCV1-H-H02-007,Room H02-007
TB1-H-H02-008-1,TBCV1-H-H02-008,Room H02-008
TB1-H-H02-009-1,TBCV1-H-H02-009,Room H02-009
TB1-H-H02-010-1,TBCV1-H-H02-010,Room H02-010
TB1-H-H02-011-1,TBCV1-H-H02-011,Room H02-011
TB1-H-H02-012-1,TBCV1-H-H02-012,Room H02-012
TB1-H-H02-101-1,TBCV1-H-H02-101,Room H02-101
TB1-H-H02-102-1,TBCV1-H-H02-102,Room H02-102
TB1-H-H02-103-1,TBCV1-H-H02-103,Room H02-103
TB1-H-H02-104-1,TBCV1-H-H02-104,Room H02-104
TB1-H-H02-105-1,TBCV1-H-H02-105,Room H02-105
TB1-H-H02-106-1,TBCV1-H-H02-106,Room H02-106
TB1-H-H02-107-1,TBCV1-H-H02-107,Room H02-107
TB1-H-H02-108-1,TBCV1-H-H02-108,Room H02-108
TB1-H-H02-109-1,TBCV1-H-H02-109,Room H02-109
TB1-H-H02-110-1,TBCV1-H-H02-110,Room H02-110
TB1-H-H02-111-1,TBCV1-H-H02-111,Room H02-111
TB1-H-H02-112-1,TBCV1-H-H02-112,Room H02-112
TB1-H-H03-001-1,TBCV1-H-H03-001,Room H03-001
TB1-H-H03-002-1,TBCV1-H-H03-002,Room H03-002
TB1-H-H03-003-1,TBCV1-H-H03-003,Room H03-003
TB1-H-H03-004-1,TBCV1-H-H03-004,Room H03-004
TB1-H-H03-005-1,TBCV1-H-H03-005,Room H03-005
TB1-H-H03-006-1,TBCV1-H-H03-006,Room H03-006
TB1-H-H03-007-1,TBCV1-H-H03-007,Room H03-007
TB1-H-H03-008-1,TBCV1-H-H03-008,Room H03-008
TB1-H-H03-009-1,TBCV1-H-H03-009,Room H03-009
TB1-H-H03-010-1,TBCV1-H-H03-010,Room H03-010
TB1-H-H03-011-1,TBCV1-H-H03-011,Room H03-011
TB1-H-H03-012-1,TBCV1-H-H03-012,Room H03-012
TB1-H-H03-013-1,TBCV1-H-H03-013,Room H03-013
TB1-H-H03-014-1,TBCV1-H-H03-014,Room H03-014
TB1-H-H03-015-1,TBCV1-H-H03-015,Room H03-015
TB1-H-H03-016-1,TBCV1-H-H03-016,Room H03-016
TB1-H-H03-017-1,TBCV1-H-H03-017,Room H03-017
TB1-H-H03-018-1,TBCV1-H-H03-018,Room H03-018
TB1-H-H03-101-1,TBCV1-H-H03-101,Room H03-101
TB1-H-H03-102-1,TBCV1-H-H03-102,Room H03-102
TB1-H-H03-103-1,TBCV1-H-H03-103,Room H03-103
TB1-H-H03-104-1,TBCV1-H-H03-104,Room H03-104
TB1-H-H03-105-1,TBCV1-H-H03-105,Room H03-105
TB1-H-H03-106-1,TBCV1-H-H03-106,Room H03-106
TB1-H-H03-107-1,TBCV1-H-H03-107,Room H03-107
TB1-H-H03-108-1,TBCV1-H-H03-108,Room H03-108
TB1-H-H03-109-1,TBCV1-H-H03-109,Room H03-109
TB1-H-H03-110-1,TBCV1-H-H03-110,Room H03-110
TB1-H-H03-111-1,TBCV1-H-H03-111,Room H03-111
TB1-H-H03-112-1,TBCV1-H-H03-112,Room H03-112
TB1-H-H03-113-1,TBCV1-H-H03-113,Room H03-113
TB1-H-H03-114-1,TBCV1-H-H03-114,Room H03-114
TB1-H-H03-115-1,TBCV1-H-H03-115,Room H03-115
TB1-H-H03-116-1,TBCV1-H-H03-116,Room H03-116
TB1-H-H03-117-1,TBCV1-H-H03-117,Room H03-117
TB1-H-H03-118-1,TBCV1-H-H03-118,Room H03-118
TB1-H-H04-001-1,TBCV1-H-H04-001,Room H04-001
TB1-H-H04-002-1,TBCV1-H-H04-002,Room H04-002
TB1-H-H04-003-1,TBCV1-H-H04-003,Room H04-003
TB1-H-H04-004-1,TBCV1-H-H04-004,Room H04-004
TB1-H-H04-005-1,TBCV1-H-H04-005,Room H04-005
TB1-H-H04-006-1,TBCV1-H-H04-006,Room H04-006
TB1-H-H04-007-1,TBCV1-H-H04-007,Room H04-007
TB1-H-H04-008-1,TBCV1-H-H04-008,Room H04-008
TB1-H-H04-009-1,TBCV1-H-H04-009,Room H04-009
TB1-H-H04-010-1,TBCV1-H-H04-010,Room H04-010
TB1-H-H04-011-1,TBCV1-H-H04-011,Room H04-011
TB1-H-H04-012-1,TBCV1-H-H04-012,Room H04-012
TB1-H-H04-013-1,TBCV1-H-H04-013,Room H04-013
TB1-H-H04-014-1,TBCV1-H-H04-014,Room H04-014
TB1-H-H04-015-1,TBCV1-H-H04-015,Room H04-015
TB1-H-H04-016-1,TBCV1-H-H04-016,Room H04-016
TB1-H-H04-017-1,TBCV1-H-H04-017,Room H04-017
TB1-H-H04-018-1,TBCV1-H-H04-018,Room H04-018
TB1-H-H04-101-1,TBCV1-H-H04-101,Room H04-101
TB1-H-H04-102-1,TBCV1-H-H04-102,Room H04-102
TB1-H-H04-103-1,TBCV1-H-H04-103,Room H04-103
TB1-H-H04-104-1,TBCV1-H-H04-104,Room H04-104
TB1-H-H04-105-1,TBCV1-H-H04-105,Room H04-105
TB1-H-H04-106-1,TBCV1-H-H04-106,Room H04-106
TB1-H-H04-107-1,TBCV1-H-H04-107,Room H04-107
TB1-H-H04-108-1,TBCV1-H-H04-108,Room H04-108
TB1-H-H04-109-1,TBCV1-H-H04-109,Room H04-109
TB1-H-H04-110-1,TBCV1-H-H04-110,Room H04-110
TB1-H-H04-111-1,TBCV1-H-H04-111,Room H04-111
TB1-H-H04-112-1,TBCV1-H-H04-112,Room H04-112
TB1-H-H04-113-1,TBCV1-H-H04-113,Room H04-113
TB1-H-H04-114-1,TBCV1-H-H04-114,Room H04-114
TB1-H-H04-115-1,TBCV1-H-H04-115,Room H04-115
TB1-H-H04-116-1,TBCV1-H-H04-116,Room H04-116
TB1-H-H04-117-1,TBCV1-H-H04-117,Room H04-117
TB1-H-H04-118-1,TBCV1-H-H04-118,Room H04-118
TB1-H-H05-001-1,TBCV1-H-H05-001,Room H05-001
TB1-H-H05-002-1,TBCV1-H-H05-002,Room H05-002
TB1-H-H05-003-1,TBCV1-H-H05-003,Room H05-003
TB1-H-H05-004-1,TBCV1-H-H05-004,Room H05-004
TB1-H-H05-005-1,TBCV1-H-H05-005,Room H05-005
TB1-H-H05-006-1,TBCV1-H-H05-006,Room H05-006
TB1-H-H05-007-1,TBCV1-H-H05-007,Room H05-007
TB1-H-H05-008-1,TBCV1-H-H05-008,Room H05-008
TB1-H-H05-009-1,TBCV1-H-H05-009,Room H05-009
TB1-H-H05-010-1,TBCV1-H-H05-010,Room H05-010
TB1-H-H05-011-1,TBCV1-H-H05-011,Room H05-011
TB1-H-H05-012-1,TBCV1-H-H05-012,Room H05-012
TB1-H-H05-013-1,TBCV1-H-H05-013,Room H05-013
TB1-H-H05-014-1,TBCV1-H-H05-014,Room H05-014
TB1-H-H05-015-1,TBCV1-H-H05-015,Room H05-015
TB1-H-H05-016-1,TBCV1-H-H05-016,Room H05-016
TB1-H-H05-017-1,TBCV1-H-H05-017,Room H05-017
TB1-H-H05-018-1,TBCV1-H-H05-018,Room H05-018
TB1-H-H05-101-1,TBCV1-H-H05-101,Room H05-101
TB1-H-H05-102-1,TBCV1-H-H05-102,Room H05-102
TB1-H-H05-103-1,TBCV1-H-H05-103,Room H05-103
TB1-H-H05-104-1,TBCV1-H-H05-104,Room H05-104
TB1-H-H05-105-1,TBCV1-H-H05-105,Room H05-105
TB1-H-H05-106-1,TBCV1-H-H05-106,Room H05-106
TB1-H-H05-107-1,TBCV1-H-H05-107,Room H05-107
TB1-H-H05-108-1,TBCV1-H-H05-108,Room H05-108
TB1-H-H05-109-1,TBCV1-H-H05-109,Room H05-109
TB1-H-H05-110-1,TBCV1-H-H05-110,Room H05-110
TB1-H-H05-111-1,TBCV1-H-H05-111,Room H05-111
TB1-H-H05-112-1,TBCV1-H-H05-112,Room H05-112
TB1-H-H05-113-1,TBCV1-H-H05-113,Room H05-113
TB1-H-H05-114-1,TBCV1-H-H05-114,Room H05-114
TB1-H-H05-115-1,TBCV1-H-H05-115,Room H05-115
TB1-H-H05-116-1,TBCV1-H-H05-116,Room H05-116
TB1-H-H05-117-1,TBCV1-H-H05-117,Room H05-117
TB1-H-H05-118-1,TBCV1-H-H05-118,Room H05-118
TB1-H-H06-001-1,TBCV1-H-H06-001,Room H06-001
TB1-H-H06-002-1,TBCV1-H-H06-002,Room H06-002
TB1-H-H06-003-1,TBCV1-H-H06-003,Room H06-003
TB1-H-H06-004-1,TBCV1-H-H06-004,Room H06-004
TB1-H-H06-005-1,TBCV1-H-H06-005,Room H06-005
TB1-H-H06-006-1,TBCV1-H-H06-006,Room H06-006
TB1-H-H06-007-1,TBCV1-H-H06-007,Room H06-007
TB1-H-H06-008-1,TBCV1-H-H06-008,Room H06-008
TB1-H-H06-009-1,TBCV1-H-H06-009,Room H06-009
TB1-H-H06-010-1,TBCV1-H-H06-010,Room H06-010
TB1-H-H06-011-1,TBCV1-H-H06-011,Room H06-011
TB1-H-H06-012-1,TBCV1-H-H06-012,Room H06-012
TB1-H-H06-013-1,TBCV1-H-H06-013,Room H06-013
TB1-H-H06-014-1,TBCV1-H-H06-014,Room H06-014
TB1-H-H06-015-1,TBCV1-H-H06-015,Room H06-015
TB1-H-H06-016-1,TBCV1-H-H06-016,Room H06-016
TB1-H-H06-017-1,TBCV1-H-H06-017,Room H06-017
TB1-H-H06-018-1,TBCV1-H-H06-018,Room H06-018
TB1-H-H06-101-1,TBCV1-H-H06-101,Room H06-101
TB1-H-H06-102-1,TBCV1-H-H06-102,Room H06-102
TB1-H-H06-103-1,TBCV1-H-H06-103,Room H06-103
TB1-H-H06-104-1,TBCV1-H-H06-104,Room H06-104
TB1-H-H06-105-1,TBCV1-H-H06-105,Room H06-105
TB1-H-H06-106-1,TBCV1-H-H06-106,Room H06-106
TB1-H-H06-107-1,TBCV1-H-H06-107,Room H06-107
TB1-H-H06-108-1,TBCV1-H-H06-108,Room H06-108
TB1-H-H06-109-1,TBCV1-H-H06-109,Room H06-109
TB1-H-H06-110-1,TBCV1-H-H06-110,Room H06-110
TB1-H-H06-111-1,TBCV1-H-H06-111,Room H06-111
TB1-H-H06-112-1,TBCV1-H-H06-112,Room H06-112
TB1-H-H06-113-1,TBCV1-H-H06-113,Room H06-113
TB1-H-H06-114-1,TBCV1-H-H06-114,Room H06-114
TB1-H-H06-115-1,TBCV1-H-H06-115,Room H06-115
TB1-H-H06-116-1,TBCV1-H-H06-116,Room H06-116
TB1-H-H06-117-1,TBCV1-H-H06-117,Room H06-117
TB1-H-H06-118-1,TBCV1-H-H06-118,Room H06-118
TB1-H-H07-001-1,TBCV1-H-H07-001,Room H07-001
TB1-H-H07-001-2,TBCV1-H-H07-001,Room H07-001
TB1-H-H07-002-1,TBCV1-H-H07-002,Room H07-002
TB1-H-H07-002-2,TBCV1-H-H07-002,Room H07-002
TB1-H-H07-003-1,TBCV1-H-H07-003,Room H07-003
TB1-H-H07-003-2,TBCV1-H-H07-003,Room H07-003
TB1-H-H07-004-1,TBCV1-H-H07-004,Room H07-004
TB1-H-H07-004-2,TBCV1-H-H07-004,Room H07-004
TB1-H-H07-005-1,TBCV1-H-H07-005,Room H07-005
TB1-H-H07-005-2,TBCV1-H-H07-005,Room H07-005
TB1-H-H07-006-1,TBCV1-H-H07-006,Room H07-006
TB1-H-H07-006-2,TBCV1-H-H07-006,Room H07-006
TB1-H-H07-007-1,TBCV1-H-H07-007,Room H07-007
TB1-H-H07-007-2,TBCV1-H-H07-007,Room H07-007
TB1-H-H07-008-1,TBCV1-H-H07-008,Room H07-008
TB1-H-H07-008-2,TBCV1-H-H07-008,Room H07-008
TB1-H-H07-009-1,TBCV1-H-H07-009,Room H07-009
TB1-H-H07-009-2,TBCV1-H-H07-009,Room H07-009
TB1-H-H07-010-1,TBCV1-H-H07-010,Room H07-010
TB1-H-H07-010-2,TBCV1-H-H07-010,Room H07-010
TB1-H-H07-011-1,TBCV1-H-H07-011,Room H07-011
TB1-H-H07-011-2,TBCV1-H-H07-011,Room H07-011
TB1-H-H07-012-1,TBCV1-H-H07-012,Room H07-012
TB1-H-H07-012-2,TBCV1-H-H07-012,Room H07-012
TB1-H-H07-101-1,TBCV1-H-H07-101,Room H07-101
TB1-H-H07-101-2,TBCV1-H-H07-101,Room H07-101
TB1-H-H07-102-1,TBCV1-H-H07-102,Room H07-102
TB1-H-H07-102-2,TBCV1-H-H07-102,Room H07-102
TB1-H-H07-103-1,TBCV1-H-H07-103,Room H07-103
TB1-H-H07-103-2,TBCV1-H-H07-103,Room H07-103
TB1-H-H07-104-1,TBCV1-H-H07-104,Room H07-104
TB1-H-H07-104-2,TBCV1-H-H07-104,Room H07-104
TB1-H-H07-105-1,TBCV1-H-H07-105,Room H07-105
TB1-H-H07-105-2,TBCV1-H-H07-105,Room H07-105
TB1-H-H07-106-1,TBCV1-H-H07-106,Room H07-106
TB1-H-H07-106-2,TBCV1-H-H07-106,Room H07-106
TB1-H-H07-107-1,TBCV1-H-H07-107,Room H07-107
TB1-H-H07-107-2,TBCV1-H-H07-107,Room H07-107
TB1-H-H07-108-1,TBCV1-H-H07-108,Room H07-108
TB1-H-H07-108-2,TBCV1-H-H07-108,Room H07-108
TB1-H-H07-109-1,TBCV1-H-H07-109,Room H07-109
TB1-H-H07-109-2,TBCV1-H-H07-109,Room H07-109
TB1-H-H07-110-1,TBCV1-H-H07-110,Room H07-110
TB1-H-H07-110-2,TBCV1-H-H07-110,Room H07-110
TB1-H-H07-111-1,TBCV1-H-H07-111,Room H07-111
TB1-H-H07-111-2,TBCV1-H-H07-111,Room H07-111
TB1-H-H07-112-1,TBCV1-H-H07-112,Room H07-112
TB1-H-H07-112-2,TBCV1-H-H07-112,Room H07-112
TB1-H-H08-001-1,TBCV1-H-H08-001,Room H08-001
TB1-H-H08-001-2,TBCV1-H-H08-001,Room H08-001
TB1-H-H08-002-1,TBCV1-H-H08-002,Room H08-002
TB1-H-H08-002-2,TBCV1-H-H08-002,Room H08-002
TB1-H-H08-003-1,TBCV1-H-H08-003,Room H08-003
TB1-H-H08-003-2,TBCV1-H-H08-003,Room H08-003
TB1-H-H08-004-1,TBCV1-H-H08-004,Room H08-004
TB1-H-H08-004-2,TBCV1-H-H08-004,Room H08-004
TB1-H-H08-005-1,TBCV1-H-H08-005,Room H08-005
TB1-H-H08-005-2,TBCV1-H-H08-005,Room H08-005
TB1-H-H08-006-1,TBCV1-H-H08-006,Room H08-006
TB1-H-H08-006-2,TBCV1-H-H08-006,Room H08-006
TB1-H-H08-007-1,TBCV1-H-H08-007,Room H08-007
TB1-H-H08-007-2,TBCV1-H-H08-007,Room H08-007
TB1-H-H08-008-1,TBCV1-H-H08-008,Room H08-008
TB1-H-H08-008-2,TBCV1-H-H08-008,Room H08-008
TB1-H-H08-009-1,TBCV1-H-H08-009,Room H08-009
TB1-H-H08-009-2,TBCV1-H-H08-009,Room H08-009
TB1-H-H08-010-1,TBCV1-H-H08-010,Room H08-010
TB1-H-H08-010-2,TBCV1-H-H08-010,Room H08-010
TB1-H-H08-011-1,TBCV1-H-H08-011,Room H08-011
TB1-H-H08-011-2,TBCV1-H-H08-011,Room H08-011
TB1-H-H08-012-1,TBCV1-H-H08-012,Room H08-012
TB1-H-H08-012-2,TBCV1-H-H08-012,Room H08-012
TB1-H-H08-101-1,TBCV1-H-H08-101,Room H08-101
TB1-H-H08-101-2,TBCV1-H-H08-101,Room H08-101
TB1-H-H08-102-1,TBCV1-H-H08-102,Room H08-102
TB1-H-H08-102-2,TBCV1-H-H08-102,Room H08-102
TB1-H-H08-103-1,TBCV1-H-H08-103,Room H08-103
TB1-H-H08-103-2,TBCV1-H-H08-103,Room H08-103
TB1-H-H08-104-1,TBCV1-H-H08-104,Room H08-104
TB1-H-H08-104-2,TBCV1-H-H08-104,Room H08-104
TB1-H-H08-105-1,TBCV1-H-H08-105,Room H08-105
TB1-H-H08-105-2,TBCV1-H-H08-105,Room H08-105
TB1-H-H08-106-1,TBCV1-H-H08-106,Room H08-106
TB1-H-H08-106-2,TBCV1-H-H08-106,Room H08-106
TB1-H-H08-107-1,TBCV1-H-H08-107,Room H08-107
TB1-H-H08-107-2,TBCV1-H-H08-107,Room H08-107
TB1-H-H08-108-1,TBCV1-H-H08-108,Room H08-108
TB1-H-H08-108-2,TBCV1-H-H08-108,Room H08-108
TB1-H-H08-109-1,TBCV1-H-H08-109,Room H08-109
TB1-H-H08-109-2,TBCV1-H-H08-109,Room H08-109
TB1-H-H08-110-1,TBCV1-H-H08-110,Room H08-110
TB1-H-H08-110-2,TBCV1-H-H08-110,Room H08-110
TB1-H-H08-111-1,TBCV1-H-H08-111,Room H08-111
TB1-H-H08-111-2,TBCV1-H-H08-111,Room H08-111
TB1-H-H08-112-1,TBCV1-H-H08-112,Room H08-112
TB1-H-H08-112-2,TBCV1-H-H08-112,Room H08-112
TB1-H-H09-001-1,TBCV1-H-H09-001,Room H09-001
TB1-H-H09-001-2,TBCV1-H-H09-001,Room H09-001
TB1-H-H09-002-1,TBCV1-H-H09-002,Room H09-002
TB1-H-H09-002-2,TBCV1-H-H09-002,Room H09-002
TB1-H-H09-003-1,TBCV1-H-H09-003,Room H09-003
TB1-H-H09-003-2,TBCV1-H-H09-003,Room H09-003
TB1-H-H09-004-1,TBCV1-H-H09-004,Room H09-004
TB1-H-H09-004-2,TBCV1-H-H09-004,Room H09-004
TB1-H-H09-005-1,TBCV1-H-H09-005,Room H09-005
TB1-H-H09-005-2,TBCV1-H-H09-005,Room H09-005
TB1-H-H09-006-1,TBCV1-H-H09-006,Room H09-006
TB1-H-H09-006-2,TBCV1-H-H09-006,Room H09-006
TB1-H-H09-007-1,TBCV1-H-H09-007,Room H09-007
TB1-H-H09-007-2,TBCV1-H-H09-007,Room H09-007
TB1-H-H09-008-1,TBCV1-H-H09-008,Room H09-008
TB1-H-H09-008-2,TBCV1-H-H09-008,Room H09-008
TB1-H-H09-009-1,TBCV1-H-H09-009,Room H09-009
TB1-H-H09-009-2,TBCV1-H-H09-009,Room H09-009
TB1-H-H09-010-1,TBCV1-H-H09-010,Room H09-010
TB1-H-H09-010-2,TBCV1-H-H09-010,Room H09-010
TB1-H-H09-011-1,TBCV1-H-H09-011,Room H09-011
TB1-H-H09-011-2,TBCV1-H-H09-011,Room H09-011
TB1-H-H09-012-1,TBCV1-H-H09-012,Room H09-012
TB1-H-H09-012-2,TBCV1-H-H09-012,Room H09-012
TB1-H-H09-101-1,TBCV1-H-H09-101,Room H09-101
TB1-H-H09-101-2,TBCV1-H-H09-101,Room H09-101
TB1-H-H09-102-1,TBCV1-H-H09-102,Room H09-102
TB1-H-H09-102-2,TBCV1-H-H09-102,Room H09-102
TB1-H-H09-103-1,TBCV1-H-H09-103,Room H09-103
TB1-H-H09-103-2,TBCV1-H-H09-103,Room H09-103
TB1-H-H09-104-1,TBCV1-H-H09-104,Room H09-104
TB1-H-H09-104-2,TBCV1-H-H09-104,Room H09-104
TB1-H-H09-105-1,TBCV1-H-H09-105,Room H09-105
TB1-H-H09-105-2,TBCV1-H-H09-105,Room H09-105
TB1-H-H09-106-1,TBCV1-H-H09-106,Room H09-106
TB1-H-H09-106-2,TBCV1-H-H09-106,Room H09-106
TB1-H-H09-107-1,TBCV1-H-H09-107,Room H09-107
TB1-H-H09-107-2,TBCV1-H-H09-107,Room H09-107
TB1-H-H09-108-1,TBCV1-H-H09-108,Room H09-108
TB1-H-H09-108-2,TBCV1-H-H09-108,Room H09-108
TB1-H-H09-109-1,TBCV1-H-H09-109,Room H09-109
TB1-H-H09-109-2,TBCV1-H-H09-109,Room H09-109
TB1-H-H09-110-1,TBCV1-H-H09-110,Room H09-110
TB1-H-H09-110-2,TBCV1-H-H09-110,Room H09-110
TB1-H-H09-111-1,TBCV1-H-H09-111,Room H09-111
TB1-H-H09-111-2,TBCV1-H-H09-111,Room H09-111
TB1-H-H09-112-1,TBCV1-H-H09-112,Room H09-112
TB1-H-H09-112-2,TBCV1-H-H09-112,Room H09-112
TB1-H-H10-001-1,TBCV1-H-H10-001,Room H10-001
TB1-H-H10-001-2,TBCV1-H-H10-001,Room H10-001
TB1-H-H10-002-1,TBCV1-H-H10-002,Room H10-002
TB1-H-H10-002-2,TBCV1-H-H10-002,Room H10-002
TB1-H-H10-003-1,TBCV1-H-H10-003,Room H10-003
TB1-H-H10-003-2,TBCV1-H-H10-003,Room H10-003
TB1-H-H10-004-1,TBCV1-H-H10-004,Room H10-004
TB1-H-H10-004-2,TBCV1-H-H10-004,Room H10-004
TB1-H-H10-005-1,TBCV1-H-H10-005,Room H10-005
TB1-H-H10-005-2,TBCV1-H-H10-005,Room H10-005
TB1-H-H10-006-1,TBCV1-H-H10-006,Room H10-006
TB1-H-H10-006-2,TBCV1-H-H10-006,Room H10-006
TB1-H-H10-007-1,TBCV1-H-H10-007,Room H10-007
TB1-H-H10-007-2,TBCV1-H-H10-007,Room H10-007
TB1-H-H10-008-1,TBCV1-H-H10-008,Room H10-008
TB1-H-H10-008-2,TBCV1-H-H10-008,Room H10-008
TB1-H-H10-009-1,TBCV1-H-H10-009,Room H10-009
TB1-H-H10-009-2,TBCV1-H-H10-009,Room H10-009
TB1-H-H10-010-1,TBCV1-H-H10-010,Room H10-010
TB1-H-H10-010-2,TBCV1-H-H10-010,Room H10-010
TB1-H-H10-011-1,TBCV1-H-H10-011,Room H10-011
TB1-H-H10-011-2,TBCV1-H-H10-011,Room H10-011
TB1-H-H10-012-1,TBCV1-H-H10-012,Room H10-012
TB1-H-H10-012-2,TBCV1-H-H10-012,Room H10-012
TB1-H-H10-101-1,TBCV1-H-H10-101,Room H10-101
TB1-H-H10-101-2,TBCV1-H-H10-101,Room H10-101
TB1-H-H10-102-1,TBCV1-H-H10-102,Room H10-102
TB1-H-H10-102-2,TBCV1-H-H10-102,Room H10-102
TB1-H-H10-103-1,TBCV1-H-H10-103,Room H10-103
TB1-H-H10-103-2,TBCV1-H-H10-103,Room H10-103
TB1-H-H10-104-1,TBCV1-H-H10-104,Room H10-104
TB1-H-H10-104-2,TBCV1-H-H10-104,Room H10-104
TB1-H-H10-105-1,TBCV1-H-H10-105,Room H10-105
TB1-H-H10-105-2,TBCV1-H-H10-105,Room H10-105
TB1-H-H10-106-1,TBCV1-H-H10-106,Room H10-106
TB1-H-H10-106-2,TBCV1-H-H10-106,Room H10-106
TB1-H-H10-107-1,TBCV1-H-H10-107,Room H10-107
TB1-H-H10-107-2,TBCV1-H-H10-107,Room H10-107
TB1-H-H10-108-1,TBCV1-H-H10-108,Room H10-108
TB1-H-H10-108-2,TBCV1-H-H10-108,Room H10-108
TB1-H-H10-109-1,TBCV1-H-H10-109,Room H10-109
TB1-H-H10-109-2,TBCV1-H-H10-109,Room H10-109
TB1-H-H10-110-1,TBCV1-H-H10-110,Room H10-110
TB1-H-H10-110-2,TBCV1-H-H10-110,Room H10-110
TB1-H-H10-111-1,TBCV1-H-H10-111,Room H10-111
TB1-H-H10-111-2,TBCV1-H-H10-111,Room H10-111
TB1-H-H10-112-1,TBCV1-H-H10-112,Room H10-112
TB1-H-H10-112-2,TBCV1-H-H10-112,Room H10-112
TB1-H-H11-001-1,TBCV1-H-H11-001,Room H11-001
TB1-H-H11-001-2,TBCV1-H-H11-001,Room H11-001
TB1-H-H11-002-1,TBCV1-H-H11-002,Room H11-002
TB1-H-H11-002-2,TBCV1-H-H11-002,Room H11-002
TB1-H-H11-003-1,TBCV1-H-H11-003,Room H11-003
TB1-H-H11-003-2,TBCV1-H-H11-003,Room H11-003
TB1-H-H11-004-1,TBCV1-H-H11-004,Room H11-004
TB1-H-H11-004-2,TBCV1-H-H11-004,Room H11-004
TB1-H-H11-005-1,TBCV1-H-H11-005,Room H11-005
TB1-H-H11-005-2,TBCV1-H-H11-005,Room H11-005
TB1-H-H11-006-1,TBCV1-H-H11-006,Room H11-006
TB1-H-H11-006-2,TBCV1-H-H11-006,Room H11-006
TB1-H-H11-007-1,TBCV1-H-H11-007,Room H11-007
TB1-H-H11-007-2,TBCV1-H-H11-007,Room H11-007
TB1-H-H11-008-1,TBCV1-H-H11-008,Room H11-008
TB1-H-H11-008-2,TBCV1-H-H11-008,Room H11-008
TB1-H-H11-009-1,TBCV1-H-H11-009,Room H11-009
TB1-H-H11-009-2,TBCV1-H-H11-009,Room H11-009
TB1-H-H11-010-1,TBCV1-H-H11-010,Room H11-010
TB1-H-H11-010-2,TBCV1-H-H11-010,Room H11-010
TB1-H-H11-011-1,TBCV1-H-H11-011,Room H11-011
TB1-H-H11-011-2,TBCV1-H-H11-011,Room H11-011
TB1-H-H11-012-1,TBCV1-H-H11-012,Room H11-012
TB1-H-H11-012-2,TBCV1-H-H11-012,Room H11-012
TB1-H-H11-101-1,TBCV1-H-H11-101,Room H11-101
TB1-H-H11-101-2,TBCV1-H-H11-101,Room H11-101
TB1-H-H11-102-1,TBCV1-H-H11-102,Room H11-102
TB1-H-H11-102-2,TBCV1-H-H11-102,Room H11-102
TB1-H-H11-103-1,TBCV1-H-H11-103,Room H11-103
TB1-H-H11-103-2,TBCV1-H-H11-103,Room H11-103
TB1-H-H11-104-1,TBCV1-H-H11-104,Room H11-104
TB1-H-H11-104-2,TBCV1-H-H11-104,Room H11-104
TB1-H-H11-105-1,TBCV1-H-H11-105,Room H11-105
TB1-H-H11-105-2,TBCV1-H-H11-105,Room H11-105
TB1-H-H11-106-1,TBCV1-H-H11-106,Room H11-106
TB1-H-H11-106-2,TBCV1-H-H11-106,Room H11-106
TB1-H-H11-107-1,TBCV1-H-H11-107,Room H11-107
TB1-H-H11-107-2,TBCV1-H-H11-107,Room H11-107
TB1-H-H11-108-1,TBCV1-H-H11-108,Room H11-108
TB1-H-H11-108-2,TBCV1-H-H11-108,Room H11-108
TB1-H-H11-109-1,TBCV1-H-H11-109,Room H11-109
TB1-H-H11-109-2,TBCV1-H-H11-109,Room H11-109
TB1-H-H11-110-1,TBCV1-H-H11-110,Room H11-110
TB1-H-H11-110-2,TBCV1-H-H11-110,Room H11-110
TB1-H-H11-111-1,TBCV1-H-H11-111,Room H11-111
TB1-H-H11-111-2,TBCV1-H-H11-111,Room H11-111
TB1-H-H11-112-1,TBCV1-H-H11-112,Room H11-112
TB1-H-H11-112-2,TBCV1-H-H11-112,Room H11-112
TB1-H-H12-001-1,TBCV1-H-H12-001,Room H12-001
TB1-H-H12-001-2,TBCV1-H-H12-001,Room H12-001
TB1-H-H12-002-1,TBCV1-H-H12-002,Room H12-002
TB1-H-H12-002-2,TBCV1-H-H12-002,Room H12-002
TB1-H-H12-003-1,TBCV1-H-H12-003,Room H12-003
TB1-H-H12-003-2,TBCV1-H-H12-003,Room H12-003
TB1-H-H12-004-1,TBCV1-H-H12-004,Room H12-004
TB1-H-H12-004-2,TBCV1-H-H12-004,Room H12-004
TB1-H-H12-005-1,TBCV1-H-H12-005,Room H12-005
TB1-H-H12-005-2,TBCV1-H-H12-005,Room H12-005
TB1-H-H12-006-1,TBCV1-H-H12-006,Room H12-006
TB1-H-H12-006-2,TBCV1-H-H12-006,Room H12-006
TB1-H-H12-007-1,TBCV1-H-H12-007,Room H12-007
TB1-H-H12-007-2,TBCV1-H-H12-007,Room H12-007
TB1-H-H12-008-1,TBCV1-H-H12-008,Room H12-008
TB1-H-H12-008-2,TBCV1-H-H12-008,Room H12-008
TB1-H-H12-009-1,TBCV1-H-H12-009,Room H12-009
TB1-H-H12-009-2,TBCV1-H-H12-009,Room H12-009
TB1-H-H12-010-1,TBCV1-H-H12-010,Room H12-010
TB1-H-H12-010-2,TBCV1-H-H12-010,Room H12-010
TB1-H-H12-011-1,TBCV1-H-H12-011,Room H12-011
TB1-H-H12-011-2,TBCV1-H-H12-011,Room H12-011
TB1-H-H12-012-1,TBCV1-H-H12-012,Room H12-012
TB1-H-H12-012-2,TBCV1-H-H12-012,Room H12-012
TB1-H-H12-101-1,TBCV1-H-H12-101,Room H12-101
TB1-H-H12-101-2,TBCV1-H-H12-101,Room H12-101
TB1-H-H12-102-1,TBCV1-H-H12-102,Room H12-102
TB1-H-H12-102-2,TBCV1-H-H12-102,Room H12-102
TB1-H-H12-103-1,TBCV1-H-H12-103,Room H12-103
TB1-H-H12-103-2,TBCV1-H-H12-103,Room H12-103
TB1-H-H12-104-1,TBCV1-H-H12-104,Room H12-104
TB1-H-H12-104-2,TBCV1-H-H12-104,Room H12-104
TB1-H-H12-105-1,TBCV1-H-H12-105,Room H12-105
TB1-H-H12-105-2,TBCV1-H-H12-105,Room H12-105
TB1-H-H12-106-1,TBCV1-H-H12-106,Room H12-106
TB1-H-H12-106-2,TBCV1-H-H12-106,Room H12-106
TB1-H-H12-107-1,TBCV1-H-H12-107,Room H12-107
TB1-H-H12-107-2,TBCV1-H-H12-107,Room H12-107
TB1-H-H12-108-1,TBCV1-H-H12-108,Room H12-108
TB1-H-H12-108-2,TBCV1-H-H12-108,Room H12-108
TB1-H-H12-109-1,TBCV1-H-H12-109,Room H12-109
TB1-H-H12-109-2,TBCV1-H-H12-109,Room H12-109
TB1-H-H12-110-1,TBCV1-H-H12-110,Room H12-110
TB1-H-H12-110-2,TBCV1-H-H12-110,Room H12-110
TB1-H-H12-111-1,TBCV1-H-H12-111,Room H12-111
TB1-H-H12-111-2,TBCV1-H-H12-111,Room H12-111
TB1-H-H12-112-1,TBCV1-H-H12-112,Room H12-112
TB1-H-H12-112-2,TBCV1-H-H12-112,Room H12-112
TB1-H-H13-001-1,TBCV1-H-H13-001,Room H13-001
TB1-H-H13-001-2,TBCV1-H-H13-001,Room H13-001
TB1-H-H13-002-1,TBCV1-H-H13-002,Room H13-002
TB1-H-H13-002-2,TBCV1-H-H13-002,Room H13-002
TB1-H-H13-003-1,TBCV1-H-H13-003,Room H13-003
TB1-H-H13-003-2,TBCV1-H-H13-003,Room H13-003
TB1-H-H13-004-1,TBCV1-H-H13-004,Room H13-004
TB1-H-H13-004-2,TBCV1-H-H13-004,Room H13-004
TB1-H-H13-005-1,TBCV1-H-H13-005,Room H13-005
TB1-H-H13-005-2,TBCV1-H-H13-005,Room H13-005
TB1-H-H13-006-1,TBCV1-H-H13-006,Room H13-006
TB1-H-H13-006-2,TBCV1-H-H13-006,Room H13-006
TB1-H-H13-007-1,TBCV1-H-H13-007,Room H13-007
TB1-H-H13-007-2,TBCV1-H-H13-007,Room H13-007
TB1-H-H13-008-1,TBCV1-H-H13-008,Room H13-008
TB1-H-H13-008-2,TBCV1-H-H13-008,Room H13-008
TB1-H-H13-009-1,TBCV1-H-H13-009,Room H13-009
TB1-H-H13-009-2,TBCV1-H-H13-009,Room H13-009
TB1-H-H13-010-1,TBCV1-H-H13-010,Room H13-010
TB1-H-H13-010-2,TBCV1-H-H13-010,Room H13-010
TB1-H-H13-011-1,TBCV1-H-H13-011,Room H13-011
TB1-H-H13-011-2,TBCV1-H-H13-011,Room H13-011
TB1-H-H13-012-1,TBCV1-H-H13-012,Room H13-012
TB1-H-H13-012-2,TBCV1-H-H13-012,Room H13-012
TB1-H-H13-101-1,TBCV1-H-H13-101,Room H13-101
TB1-H-H13-101-2,TBCV1-H-H13-101,Room H13-101
TB1-H-H13-102-1,TBCV1-H-H13-102,Room H13-102
TB1-H-H13-102-2,TBCV1-H-H13-102,Room H13-102
TB1-H-H13-103-1,TBCV1-H-H13-103,Room H13-103
TB1-H-H13-103-2,TBCV1-H-H13-103,Room H13-103
TB1-H-H13-104-1,TBCV1-H-H13-104,Room H13-104
TB1-H-H13-104-2,TBCV1-H-H13-104,Room H13-104
TB1-H-H13-105-1,TBCV1-H-H13-105,Room H13-105
TB1-H-H13-105-2,TBCV1-H-H13-105,Room H13-105
TB1-H-H13-106-1,TBCV1-H-H13-106,Room H13-106
TB1-H-H13-106-2,TBCV1-H-H13-106,Room H13-106
TB1-H-H13-107-1,TBCV1-H-H13-107,Room H13-107
TB1-H-H13-107-2,TBCV1-H-H13-107,Room H13-107
TB1-H-H13-108-1,TBCV1-H-H13-108,Room H13-108
TB1-H-H13-108-2,TBCV1-H-H13-108,Room H13-108
TB1-H-H13-109-1,TBCV1-H-H13-109,Room H13-109
TB1-H-H13-109-2,TBCV1-H-H13-109,Room H13-109
TB1-H-H13-110-1,TBCV1-H-H13-110,Room H13-110
TB1-H-H13-110-2,TBCV1-H-H13-110,Room H13-110
TB1-H-H13-111-1,TBCV1-H-H13-111,Room H13-111
TB1-H-H13-111-2,TBCV1-H-H13-111,Room H13-111
TB1-H-H13-112-1,TBCV1-H-H13-112,Room H13-112
TB1-H-H13-112-2,TBCV1-H-H13-112,Room H13-112
TB1-H-H14-001-1,TBCV1-H-H14-001,Room H14-001
TB1-H-H14-001-2,TBCV1-H-H14-001,Room H14-001
TB1-H-H14-002-1,TBCV1-H-H14-002,Room H14-002
TB1-H-H14-002-2,TBCV1-H-H14-002,Room H14-002
TB1-H-H14-003-1,TBCV1-H-H14-003,Room H14-003
TB1-H-H14-003-2,TBCV1-H-H14-003,Room H14-003
TB1-H-H14-004-1,TBCV1-H-H14-004,Room H14-004
TB1-H-H14-004-2,TBCV1-H-H14-004,Room H14-004
TB1-H-H14-005-1,TBCV1-H-H14-005,Room H14-005
TB1-H-H14-005-2,TBCV1-H-H14-005,Room H14-005
TB1-H-H14-006-1,TBCV1-H-H14-006,Room H14-006
TB1-H-H14-006-2,TBCV1-H-H14-006,Room H14-006
TB1-H-H14-007-1,TBCV1-H-H14-007,Room H14-007
TB1-H-H14-007-2,TBCV1-H-H14-007,Room H14-007
TB1-H-H14-008-1,TBCV1-H-H14-008,Room H14-008
TB1-H-H14-008-2,TBCV1-H-H14-008,Room H14-008
TB1-H-H14-009-1,TBCV1-H-H14-009,Room H14-009
TB1-H-H14-009-2,TBCV1-H-H14-009,Room H14-009
TB1-H-H14-010-1,TBCV1-H-H14-010,Room H14-010
TB1-H-H14-010-2,TBCV1-H-H14-010,Room H14-010
TB1-H-H14-011-1,TBCV1-H-H14-011,Room H14-011
TB1-H-H14-011-2,TBCV1-H-H14-011,Room H14-011
TB1-H-H14-012-1,TBCV1-H-H14-012,Room H14-012
TB1-H-H14-012-2,TBCV1-H-H14-012,Room H14-012
TB1-H-H14-101-1,TBCV1-H-H14-101,Room H14-101
TB1-H-H14-101-2,TBCV1-H-H14-101,Room H14-101
TB1-H-H14-102-1,TBCV1-H-H14-102,Room H14-102
TB1-H-H14-102-2,TBCV1-H-H14-102,Room H14-102
TB1-H-H14-103-1,TBCV1-H-H14-103,Room H14-103
TB1-H-H14-103-2,TBCV1-H-H14-103,Room H14-103
TB1-H-H14-104-1,TBCV1-H-H14-104,Room H14-104
TB1-H-H14-104-2,TBCV1-H-H14-104,Room H14-104
TB1-H-H14-105-1,TBCV1-H-H14-105,Room H14-105
TB1-H-H14-105-2,TBCV1-H-H14-105,Room H14-105
TB1-H-H14-106-1,TBCV1-H-H14-106,Room H14-106
TB1-H-H14-106-2,TBCV1-H-H14-106,Room H14-106
TB1-H-H14-107-1,TBCV1-H-H14-107,Room H14-107
TB1-H-H14-107-2,TBCV1-H-H14-107,Room H14-107
TB1-H-H14-108-1,TBCV1-H-H14-108,Room H14-108
TB1-H-H14-108-2,TBCV1-H-H14-108,Room H14-108
TB1-H-H14-109-1,TBCV1-H-H14-109,Room H14-109
TB1-H-H14-109-2,TBCV1-H-H14-109,Room H14-109
TB1-H-H14-110-1,TBCV1-H-H14-110,Room H14-110
TB1-H-H14-110-2,TBCV1-H-H14-110,Room H14-110
TB1-H-H14-111-1,TBCV1-H-H14-111,Room H14-111
TB1-H-H14-111-2,TBCV1-H-H14-111,Room H14-111
TB1-H-H14-112-1,TBCV1-H-H14-112,Room H14-112
TB1-H-H14-112-2,TBCV1-H-H14-112,Room H14-112
TB2-L-L01-001-1,TBCV2-L-L01-001,Room L01-001
TB2-L-L01-002-1,TBCV2-L-L01-002,Room L01-002
TB2-L-L01-003-1,TBCV2-L-L01-003,Room L01-003
TB2-L-L01-004-1,TBCV2-L-L01-004,Room L01-004
TB2-L-L01-005-1,TBCV2-L-L01-005,Room L01-005
TB2-L-L01-006-1,TBCV2-L-L01-006,Room L01-006
TB2-L-L01-007-1,TBCV2-L-L01-007,Room L01-007
TB2-L-L01-008-1,TBCV2-L-L01-008,Room L01-008
TB2-L-L01-009-1,TBCV2-L-L01-009,Room L01-009
TB2-L-L01-010-1,TBCV2-L-L01-010,Room L01-010
TB2-L-L01-011-1,TBCV2-L-L01-011,Room L01-011
TB2-L-L01-012-1,TBCV2-L-L01-012,Room L01-012
TB2-L-L01-101-1,TBCV2-L-L01-101,Room L01-101
TB2-L-L01-102-1,TBCV2-L-L01-102,Room L01-102
TB2-L-L01-103-1,TBCV2-L-L01-103,Room L01-103
TB2-L-L01-104-1,TBCV2-L-L01-104,Room L01-104
TB2-L-L01-105-1,TBCV2-L-L01-105,Room L01-105
TB2-L-L01-106-1,TBCV2-L-L01-106,Room L01-106
TB2-L-L01-107-1,TBCV2-L-L01-107,Room L01-107
TB2-L-L01-108-1,TBCV2-L-L01-108,Room L01-108
TB2-L-L01-109-1,TBCV2-L-L01-109,Room L01-109
TB2-L-L01-110-1,TBCV2-L-L01-110,Room L01-110
TB2-L-L01-111-1,TBCV2-L-L01-111,Room L01-111
TB2-L-L01-112-1,TBCV2-L-L01-112,Room L01-112
TB2-L-L02-001-1,TBCV2-L-L02-001,Room L02-001
TB2-L-L02-002-1,TBCV2-L-L02-002,Room L02-002
TB2-L-L02-003-1,TBCV2-L-L02-003,Room L02-003
TB2-L-L02-004-1,TBCV2-L-L02-004,Room L02-004
TB2-L-L02-005-1,TBCV2-L-L02-005,Room L02-005
TB2-L-L02-006-1,TBCV2-L-L02-006,Room L02-006
TB2-L-L02-007-1,TBCV2-L-L02-007,Room L02-007
TB2-L-L02-008-1,TBCV2-L-L02-008,Room L02-008
TB2-L-L02-009-1,TBCV2-L-L02-009,Room L02-009
TB2-L-L02-010-1,TBCV2-L-L02-010,Room L02-010
TB2-L-L02-011-1,TBCV2-L-L02-011,Room L02-011
TB2-L-L02-012-1,TBCV2-L-L02-012,Room L02-012
TB2-L-L02-101-1,TBCV2-L-L02-101,Room L02-101
TB2-L-L02-102-1,TBCV2-L-L02-102,Room L02-102
TB2-L-L02-103-1,TBCV2-L-L02-103,Room L02-103
TB2-L-L02-104-1,TBCV2-L-L02-104,Room L02-104
TB2-L-L02-105-1,TBCV2-L-L02-105,Room L02-105
TB2-L-L02-106-1,TBCV2-L-L02-106,Room L02-106
TB2-L-L02-107-1,TBCV2-L-L02-107,Room L02-107
TB2-L-L02-108-1,TBCV2-L-L02-108,Room L02-108
TB2-L-L02-109-1,TBCV2-L-L02-109,Room L02-109
TB2-L-L02-110-1,TBCV2-L-L02-110,Room L02-110
TB2-L-L02-111-1,TBCV2-L-L02-111,Room L02-111
TB2-L-L02-112-1,TBCV2-L-L02-112,Room L02-112
TB2-L-L03-001-1,TBCV2-L-L03-001,Room L03-001
TB2-L-L03-002-1,TBCV2-L-L03-002,Room L03-002
TB2-L-L03-003-1,TBCV2-L-L03-003,Room L03-003
TB2-L-L03-004-1,TBCV2-L-L03-004,Room L03-004
TB2-L-L03-005-1,TBCV2-L-L03-005,Room L03-005
TB2-L-L03-006-1,TBCV2-L-L03-006,Room L03-006
TB2-L-L03-007-1,TBCV2-L-L03-007,Room L03-007
TB2-L-L03-008-1,TBCV2-L-L03-008,Room L03-008
TB2-L-L03-009-1,TBCV2-L-L03-009,Room L03-009
TB2-L-L03-010-1,TBCV2-L-L03-010,Room L03-010
TB2-L-L03-011-1,TBCV2-L-L03-011,Room L03-011
TB2-L-L03-012-1,TBCV2-L-L03-012,Room L03-012
TB2-L-L03-013-1,TBCV2-L-L03-013,Room L03-013
TB2-L-L03-014-1,TBCV2-L-L03-014,Room L03-014
TB2-L-L03-015-1,TBCV2-L-L03-015,Room L03-015
TB2-L-L03-016-1,TBCV2-L-L03-016,Room L03-016
TB2-L-L03-017-1,TBCV2-L-L03-017,Room L03-017
TB2-L-L03-018-1,TBCV2-L-L03-018,Room L03-018
TB2-L-L03-101-1,TBCV2-L-L03-101,Room L03-101
TB2-L-L03-102-1,TBCV2-L-L03-102,Room L03-102
TB2-L-L03-103-1,TBCV2-L-L03-103,Room L03-103
TB2-L-L03-104-1,TBCV2-L-L03-104,Room L03-104
TB2-L-L03-105-1,TBCV2-L-L03-105,Room L03-105
TB2-L-L03-106-1,TBCV2-L-L03-106,Room L03-106
TB2-L-L03-107-1,TBCV2-L-L03-107,Room L03-107
TB2-L-L03-108-1,TBCV2-L-L03-108,Room L03-108
TB2-L-L03-109-1,TBCV2-L-L03-109,Room L03-109
TB2-L-L03-110-1,TBCV2-L-L03-110,Room L03-110
TB2-L-L03-111-1,TBCV2-L-L03-111,Room L03-111
TB2-L-L03-112-1,TBCV2-L-L03-112,Room L03-112
TB2-L-L03-113-1,TBCV2-L-L03-113,Room L03-113
TB2-L-L03-114-1,TBCV2-L-L03-114,Room L03-114
TB2-L-L03-115-1,TBCV2-L-L03-115,Room L03-115
TB2-L-L03-116-1,TBCV2-L-L03-116,Room L03-116
TB2-L-L03-117-1,TBCV2-L-L03-117,Room L03-117
TB2-L-L03-118-1,TBCV2-L-L03-118,Room L03-118
TB2-L-L04-001-1,TBCV2-L-L04-001,Room L04-001
TB2-L-L04-002-1,TBCV2-L-L04-002,Room L04-002
TB2-L-L04-003-1,TBCV2-L-L04-003,Room L04-003
TB2-L-L04-004-1,TBCV2-L-L04-004,Room L04-004
TB2-L-L04-005-1,TBCV2-L-L04-005,Room L04-005
TB2-L-L04-006-1,TBCV2-L-L04-006,Room L04-006
TB2-L-L04-007-1,TBCV2-L-L04-007,Room L04-007
TB2-L-L04-008-1,TBCV2-L-L04-008,Room L04-008
TB2-L-L04-009-1,TBCV2-L-L04-009,Room L04-009
TB2-L-L04-010-1,TBCV2-L-L04-010,Room L04-010
TB2-L-L04-011-1,TBCV2-L-L04-011,Room L04-011
TB2-L-L04-012-1,TBCV2-L-L04-012,Room L04-012
TB2-L-L04-013-1,TBCV2-L-L04-013,Room L04-013
TB2-L-L04-014-1,TBCV2-L-L04-014,Room L04-014
TB2-L-L04-015-1,TBCV2-L-L04-015,Room L04-015
TB2-L-L04-016-1,TBCV2-L-L04-016,Room L04-016
TB2-L-L04-017-1,TBCV2-L-L04-017,Room L04-017
TB2-L-L04-018-1,TBCV2-L-L04-018,Room L04-018
TB2-L-L04-101-1,TBCV2-L-L04-101,Room L04-101
TB2-L-L04-102-1,TBCV2-L-L04-102,Room L04-102
TB2-L-L04-103-1,TBCV2-L-L04-103,Room L04-103
TB2-L-L04-104-1,TBCV2-L-L04-104,Room L04-104
TB2-L-L04-105-1,TBCV2-L-L04-105,Room L04-105
TB2-L-L04-106-1,TBCV2-L-L04-106,Room L04-106
TB2-L-L04-107-1,TBCV2-L-L04-107,Room L04-107
TB2-L-L04-108-1,TBCV2-L-L04-108,Room L04-108
TB2-L-L04-109-1,TBCV2-L-L04-109,Room L04-109
TB2-L-L04-110-1,TBCV2-L-L04-110,Room L04-110
TB2-L-L04-111-1,TBCV2-L-L04-111,Room L04-111
TB2-L-L04-112-1,TBCV2-L-L04-112,Room L04-112
TB2-L-L04-113-1,TBCV2-L-L04-113,Room L04-113
TB2-L-L04-114-1,TBCV2-L-L04-114,Room L04-114
TB2-L-L04-115-1,TBCV2-L-L04-115,Room L04-115
TB2-L-L04-116-1,TBCV2-L-L04-116,Room L04-116
TB2-L-L04-117-1,TBCV2-L-L04-117,Room L04-117
TB2-L-L04-118-1,TBCV2-L-L04-118,Room L04-118
TB2-L-L05-001-1,TBCV2-L-L05-001,Room L05-001
TB2-L-L05-002-1,TBCV2-L-L05-002,Room L05-002
TB2-L-L05-003-1,TBCV2-L-L05-003,Room L05-003
TB2-L-L05-004-1,TBCV2-L-L05-004,Room L05-004
TB2-L-L05-005-1,TBCV2-L-L05-005,Room L05-005
TB2-L-L05-006-1,TBCV2-L-L05-006,Room L05-006
TB2-L-L05-007-1,TBCV2-L-L05-007,Room L05-007
TB2-L-L05-008-1,TBCV2-L-L05-008,Room L05-008
TB2-L-L05-009-1,TBCV2-L-L05-009,Room L05-009
TB2-L-L05-010-1,TBCV2-L-L05-010,Room L05-010
TB2-L-L05-011-1,TBCV2-L-L05-011,Room L05-011
TB2-L-L05-012-1,TBCV2-L-L05-012,Room L05-012
TB2-L-L05-013-1,TBCV2-L-L05-013,Room L05-013
TB2-L-L05-014-1,TBCV2-L-L05-014,Room L05-014
TB2-L-L05-015-1,TBCV2-L-L05-015,Room L05-015
TB2-L-L05-016-1,TBCV2-L-L05-016,Room L05-016
TB2-L-L05-017-1,TBCV2-L-L05-017,Room L05-017
TB2-L-L05-018-1,TBCV2-L-L05-018,Room L05-018
TB2-L-L05-101-1,TBCV2-L-L05-101,Room L05-101
TB2-L-L05-102-1,TBCV2-L-L05-102,Room L05-102
TB2-L-L05-103-1,TBCV2-L-L05-103,Room L05-103
TB2-L-L05-104-1,TBCV2-L-L05-104,Room L05-104
TB2-L-L05-105-1,TBCV2-L-L05-105,Room L05-105
TB2-L-L05-106-1,TBCV2-L-L05-106,Room L05-106
TB2-L-L05-107-1,TBCV2-L-L05-107,Room L05-107
TB2-L-L05-108-1,TBCV2-L-L05-108,Room L05-108
TB2-L-L05-109-1,TBCV2-L-L05-109,Room L05-109
TB2-L-L05-110-1,TBCV2-L-L05-110,Room L05-110
TB2-L-L05-111-1,TBCV2-L-L05-111,Room L05-111
TB2-L-L05-112-1,TBCV2-L-L05-112,Room L05-112
TB2-L-L05-113-1,TBCV2-L-L05-113,Room L05-113
TB2-L-L05-114-1,TBCV2-L-L05-114,Room L05-114
TB2-L-L05-115-1,TBCV2-L-L05-115,Room L05-115
TB2-L-L05-116-1,TBCV2-L-L05-116,Room L05-116
TB2-L-L05-117-1,TBCV2-L-L05-117,Room L05-117
TB2-L-L05-118-1,TBCV2-L-L05-118,Room L05-118
TB2-L-L06-001-1,TBCV2-L-L06-001,Room L06-001
TB2-L-L06-002-1,TBCV2-L-L06-002,Room L06-002
TB2-L-L06-003-1,TBCV2-L-L06-003,Room L06-003
TB2-L-L06-004-1,TBCV2-L-L06-004,Room L06-004
TB2-L-L06-005-1,TBCV2-L-L06-005,Room L06-005
TB2-L-L06-006-1,TBCV2-L-L06-006,Room L06-006
TB2-L-L06-007-1,TBCV2-L-L06-007,Room L06-007
TB2-L-L06-008-1,TBCV2-L-L06-008,Room L06-008
TB2-L-L06-009-1,TBCV2-L-L06-009,Room L06-009
TB2-L-L06-010-1,TBCV2-L-L06-010,Room L06-010
TB2-L-L06-011-1,TBCV2-L-L06-011,Room L06-011
TB2-L-L06-012-1,TBCV2-L-L06-012,Room L06-012
TB2-L-L06-013-1,TBCV2-L-L06-013,Room L06-013
TB2-L-L06-014-1,TBCV2-L-L06-014,Room L06-014
TB2-L-L06-015-1,TBCV2-L-L06-015,Room L06-015
TB2-L-L06-016-1,TBCV2-L-L06-016,Room L06-016
TB2-L-L06-017-1,TBCV2-L-L06-017,Room L06-017
TB2-L-L06-018-1,TBCV2-L-L06-018,Room L06-018
TB2-L-L06-101-1,TBCV2-L-L06-101,Room L06-101
TB2-L-L06-102-1,TBCV2-L-L06-102,Room L06-102
TB2-L-L06-103-1,TBCV2-L-L06-103,Room L06-103
TB2-L-L06-104-1,TBCV2-L-L06-104,Room L06-104
TB2-L-L06-105-1,TBCV2-L-L06-105,Room L06-105
TB2-L-L06-106-1,TBCV2-L-L06-106,Room L06-106
TB2-L-L06-107-1,TBCV2-L-L06-107,Room L06-107
TB2-L-L06-108-1,TBCV2-L-L06-108,Room L06-108
TB2-L-L06-109-1,TBCV2-L-L06-109,Room L06-109
TB2-L-L06-110-1,TBCV2-L-L06-110,Room L06-110
TB2-L-L06-111-1,TBCV2-L-L06-111,Room L06-111
TB2-L-L06-112-1,TBCV2-L-L06-112,Room L06-112
TB2-L-L06-113-1,TBCV2-L-L06-113,Room L06-113
TB2-L-L06-114-1,TBCV2-L-L06-114,Room L06-114
TB2-L-L06-115-1,TBCV2-L-L06-115,Room L06-115
TB2-L-L06-116-1,TBCV2-L-L06-116,Room L06-116
TB2-L-L06-117-1,TBCV2-L-L06-117,Room L06-117
TB2-L-L06-118-1,TBCV2-L-L06-118,Room L06-118
TB2-L-L07-001-1,TBCV2-L-L07-001,Room L07-001
TB2-L-L07-001-2,TBCV2-L-L07-001,Room L07-001
TB2-L-L07-002-1,TBCV2-L-L07-002,Room L07-002
TB2-L-L07-002-2,TBCV2-L-L07-002,Room L07-002
TB2-L-L07-003-1,TBCV2-L-L07-003,Room L07-003
TB2-L-L07-003-2,TBCV2-L-L07-003,Room L07-003
TB2-L-L07-004-1,TBCV2-L-L07-004,Room L07-004
TB2-L-L07-004-2,TBCV2-L-L07-004,Room L07-004
TB2-L-L07-005-1,TBCV2-L-L07-005,Room L07-005
TB2-L-L07-005-2,TBCV2-L-L07-005,Room L07-005
TB2-L-L07-006-1,TBCV2-L-L07-006,Room L07-006
TB2-L-L07-006-2,TBCV2-L-L07-006,Room L07-006
TB2-L-L07-007-1,TBCV2-L-L07-007,Room L07-007
TB2-L-L07-007-2,TBCV2-L-L07-007,Room L07-007
TB2-L-L07-008-1,TBCV2-L-L07-008,Room L07-008
TB2-L-L07-008-2,TBCV2-L-L07-008,Room L07-008
TB2-L-L07-009-1,TBCV2-L-L07-009,Room L07-009
TB2-L-L07-009-2,TBCV2-L-L07-009,Room L07-009
TB2-L-L07-010-1,TBCV2-L-L07-010,Room L07-010
TB2-L-L07-010-2,TBCV2-L-L07-010,Room L07-010
TB2-L-L07-011-1,TBCV2-L-L07-011,Room L07-011
TB2-L-L07-011-2,TBCV2-L-L07-011,Room L07-011
TB2-L-L07-012-1,TBCV2-L-L07-012,Room L07-012
TB2-L-L07-012-2,TBCV2-L-L07-012,Room L07-012
TB2-L-L07-101-1,TBCV2-L-L07-101,Room L07-101
TB2-L-L07-101-2,TBCV2-L-L07-101,Room L07-101
TB2-L-L07-102-1,TBCV2-L-L07-102,Room L07-102
TB2-L-L07-102-2,TBCV2-L-L07-102,Room L07-102
TB2-L-L07-103-1,TBCV2-L-L07-103,Room L07-103
TB2-L-L07-103-2,TBCV2-L-L07-103,Room L07-103
TB2-L-L07-104-1,TBCV2-L-L07-104,Room L07-104
TB2-L-L07-104-2,TBCV2-L-L07-104,Room L07-104
TB2-L-L07-105-1,TBCV2-L-L07-105,Room L07-105
TB2-L-L07-105-2,TBCV2-L-L07-105,Room L07-105
TB2-L-L07-106-1,TBCV2-L-L07-106,Room L07-106
TB2-L-L07-106-2,TBCV2-L-L07-106,Room L07-106
TB2-L-L07-107-1,TBCV2-L-L07-107,Room L07-107
TB2-L-L07-107-2,TBCV2-L-L07-107,Room L07-107
TB2-L-L07-108-1,TBCV2-L-L07-108,Room L07-108
TB2-L-L07-108-2,TBCV2-L-L07-108,Room L07-108
TB2-L-L07-109-1,TBCV2-L-L07-109,Room L07-109
TB2-L-L07-109-2,TBCV2-L-L07-109,Room L07-109
TB2-L-L07-110-1,TBCV2-L-L07-110,Room L07-110
TB2-L-L07-110-2,TBCV2-L-L07-110,Room L07-110
TB2-L-L07-111-1,TBCV2-L-L07-111,Room L07-111
TB2-L-L07-111-2,TBCV2-L-L07-111,Room L07-111
TB2-L-L07-112-1,TBCV2-L-L07-112,Room L07-112
TB2-L-L07-112-2,TBCV2-L-L07-112,Room L07-112
TB2-L-L08-001-1,TBCV2-L-L08-001,Room L08-001
TB2-L-L08-001-2,TBCV2-L-L08-001,Room L08-001
TB2-L-L08-002-1,TBCV2-L-L08-002,Room L08-002
TB2-L-L08-002-2,TBCV2-L-L08-002,Room L08-002
TB2-L-L08-003-1,TBCV2-L-L08-003,Room L08-003
TB2-L-L08-003-2,TBCV2-L-L08-003,Room L08-003
TB2-L-L08-004-1,TBCV2-L-L08-004,Room L08-004
TB2-L-L08-004-2,TBCV2-L-L08-004,Room L08-004
TB2-L-L08-005-1,TBCV2-L-L08-005,Room L08-005
TB2-L-L08-005-2,TBCV2-L-L08-005,Room L08-005
TB2-L-L08-006-1,TBCV2-L-L08-006,Room L08-006
TB2-L-L08-006-2,TBCV2-L-L08-006,Room L08-006
TB2-L-L08-007-1,TBCV2-L-L08-007,Room L08-007
TB2-L-L08-007-2,TBCV2-L-L08-007,Room L08-007
TB2-L-L08-008-1,TBCV2-L-L08-008,Room L08-008
TB2-L-L08-008-2,TBCV2-L-L08-008,Room L08-008
TB2-L-L08-009-1,TBCV2-L-L08-009,Room L08-009
TB2-L-L08-009-2,TBCV2-L-L08-009,Room L08-009
TB2-L-L08-010-1,TBCV2-L-L08-010,Room L08-010
TB2-L-L08-010-2,TBCV2-L-L08-010,Room L08-010
TB2-L-L08-011-1,TBCV2-L-L08-011,Room L08-011
TB2-L-L08-011-2,TBCV2-L-L08-011,Room L08-011
TB2-L-L08-012-1,TBCV2-L-L08-012,Room L08-012
TB2-L-L08-012-2,TBCV2-L-L08-012,Room L08-012
TB2-L-L08-101-1,TBCV2-L-L08-101,Room L08-101
TB2-L-L08-101-2,TBCV2-L-L08-101,Room L08-101
TB2-L-L08-102-1,TBCV2-L-L08-102,Room L08-102
TB2-L-L08-102-2,TBCV2-L-L08-102,Room L08-102
TB2-L-L08-103-1,TBCV2-L-L08-103,Room L08-103
TB2-L-L08-103-2,TBCV2-L-L08-103,Room L08-103
TB2-L-L08-104-1,TBCV2-L-L08-104,Room L08-104
TB2-L-L08-104-2,TBCV2-L-L08-104,Room L08-104
TB2-L-L08-105-1,TBCV2-L-L08-105,Room L08-105
TB2-L-L08-105-2,TBCV2-L-L08-105,Room L08-105
TB2-L-L08-106-1,TBCV2-L-L08-106,Room L08-106
TB2-L-L08-106-2,TBCV2-L-L08-106,Room L08-106
TB2-L-L08-107-1,TBCV2-L-L08-107,Room L08-107
TB2-L-L08-107-2,TBCV2-L-L08-107,Room L08-107
TB2-L-L08-108-1,TBCV2-L-L08-108,Room L08-108
TB2-L-L08-108-2,TBCV2-L-L08-108,Room L08-108
TB2-L-L08-109-1,TBCV2-L-L08-109,Room L08-109
TB2-L-L08-109-2,TBCV2-L-L08-109,Room L08-109
TB2-L-L08-110-1,TBCV2-L-L08-110,Room L08-110
TB2-L-L08-110-2,TBCV2-L-L08-110,Room L08-110
TB2-L-L08-111-1,TBCV2-L-L08-111,Room L08-111
TB2-L-L08-111-2,TBCV2-L-L08-111,Room L08-111
TB2-L-L08-112-1,TBCV2-L-L08-112,Room L08-112
TB2-L-L08-112-2,TBCV2-L-L08-112,Room L08-112
TB2-L-L09-001-1,TBCV2-L-L09-001,Room L09-001
TB2-L-L09-001-2,TBCV2-L-L09-001,Room L09-001
TB2-L-L09-002-1,TBCV2-L-L09-002,Room L09-002
TB2-L-L09-002-2,TBCV2-L-L09-002,Room L09-002
TB2-L-L09-003-1,TBCV2-L-L09-003,Room L09-003
TB2-L-L09-003-2,TBCV2-L-L09-003,Room L09-003
TB2-L-L09-004-1,TBCV2-L-L09-004,Room L09-004
TB2-L-L09-004-2,TBCV2-L-L09-004,Room L09-004
TB2-L-L09-005-1,TBCV2-L-L09-005,Room L09-005
TB2-L-L09-005-2,TBCV2-L-L09-005,Room L09-005
TB2-L-L09-006-1,TBCV2-L-L09-006,Room L09-006
TB2-L-L09-006-2,TBCV2-L-L09-006,Room L09-006
TB2-L-L09-007-1,TBCV2-L-L09-007,Room L09-007
TB2-L-L09-007-2,TBCV2-L-L09-007,Room L09-007
TB2-L-L09-008-1,TBCV2-L-L09-008,Room L09-008
TB2-L-L09-008-2,TBCV2-L-L09-008,Room L09-008
TB2-L-L09-009-1,TBCV2-L-L09-009,Room L09-009
TB2-L-L09-009-2,TBCV2-L-L09-009,Room L09-009
TB2-L-L09-010-1,TBCV2-L-L09-010,Room L09-010
TB2-L-L09-010-2,TBCV2-L-L09-010,Room L09-010
TB2-L-L09-011-1,TBCV2-L-L09-011,Room L09-011
TB2-L-L09-011-2,TBCV2-L-L09-011,Room L09-011
TB2-L-L09-012-1,TBCV2-L-L09-012,Room L09-012
TB2-L-L09-012-2,TBCV2-L-L09-012,Room L09-012
TB2-L-L09-101-1,TBCV2-L-L09-101,Room L09-101
TB2-L-L09-101-2,TBCV2-L-L09-101,Room L09-101
TB2-L-L09-102-1,TBCV2-L-L09-102,Room L09-102
TB2-L-L09-102-2,TBCV2-L-L09-102,Room L09-102
TB2-L-L09-103-1,TBCV2-L-L09-103,Room L09-103
TB2-L-L09-103-2,TBCV2-L-L09-103,Room L09-103
TB2-L-L09-104-1,TBCV2-L-L09-104,Room L09-104
TB2-L-L09-104-2,TBCV2-L-L09-104,Room L09-104
TB2-L-L09-105-1,TBCV2-L-L09-105,Room L09-105
TB2-L-L09-105-2,TBCV2-L-L09-105,Room L09-105
TB2-L-L09-106-1,TBCV2-L-L09-106,Room L09-106
TB2-L-L09-106-2,TBCV2-L-L09-106,Room L09-106
TB2-L-L09-107-1,TBCV2-L-L09-107,Room L09-107
TB2-L-L09-107-2,TBCV2-L-L09-107,Room L09-107
TB2-L-L09-108-1,TBCV2-L-L09-108,Room L09-108
TB2-L-L09-108-2,TBCV2-L-L09-108,Room L09-108
TB2-L-L09-109-1,TBCV2-L-L09-109,Room L09-109
TB2-L-L09-109-2,TBCV2-L-L09-109,Room L09-109
TB2-L-L09-110-1,TBCV2-L-L09-110,Room L09-110
TB2-L-L09-110-2,TBCV2-L-L09-110,Room L09-110
TB2-L-L09-111-1,TBCV2-L-L09-111,Room L09-111
TB2-L-L09-111-2,TBCV2-L-L09-111,Room L09-111
TB2-L-L09-112-1,TBCV2-L-L09-112,Room L09-112
TB2-L-L09-112-2,TBCV2-L-L09-112,Room L09-112
TB2-L-L10-001-1,TBCV2-L-L10-001,Room L10-001
TB2-L-L10-001-2,TBCV2-L-L10-001,Room L10-001
TB2-L-L10-002-1,TBCV2-L-L10-002,Room L10-002
TB2-L-L10-002-2,TBCV2-L-L10-002,Room L10-002
TB2-L-L10-003-1,TBCV2-L-L10-003,Room L10-003
TB2-L-L10-003-2,TBCV2-L-L10-003,Room L10-003
TB2-L-L10-004-1,TBCV2-L-L10-004,Room L10-004
TB2-L-L10-004-2,TBCV2-L-L10-004,Room L10-004
TB2-L-L10-005-1,TBCV2-L-L10-005,Room L10-005
TB2-L-L10-005-2,TBCV2-L-L10-005,Room L10-005
TB2-L-L10-006-1,TBCV2-L-L10-006,Room L10-006
TB2-L-L10-006-2,TBCV2-L-L10-006,Room L10-006
TB2-L-L10-007-1,TBCV2-L-L10-007,Room L10-007
TB2-L-L10-007-2,TBCV2-L-L10-007,Room L10-007
TB2-L-L10-008-1,TBCV2-L-L10-008,Room L10-008
TB2-L-L10-008-2,TBCV2-L-L10-008,Room L10-008
TB2-L-L10-009-1,TBCV2-L-L10-009,Room L10-009
TB2-L-L10-009-2,TBCV2-L-L10-009,Room L10-009
TB2-L-L10-010-1,TBCV2-L-L10-010,Room L10-010
TB2-L-L10-010-2,TBCV2-L-L10-010,Room L10-010
TB2-L-L10-011-1,TBCV2-L-L10-011,Room L10-011
TB2-L-L10-011-2,TBCV2-L-L10-011,Room L10-011
TB2-L-L10-012-1,TBCV2-L-L10-012,Room L10-012
TB2-L-L10-012-2,TBCV2-L-L10-012,Room L10-012
TB2-L-L10-101-1,TBCV2-L-L10-101,Room L10-101
TB2-L-L10-101-2,TBCV2-L-L10-101,Room L10-101
TB2-L-L10-102-1,TBCV2-L-L10-102,Room L10-102
TB2-L-L10-102-2,TBCV2-L-L10-102,Room L10-102
TB2-L-L10-103-1,TBCV2-L-L10-103,Room L10-103
TB2-L-L10-103-2,TBCV2-L-L10-103,Room L10-103
TB2-L-L10-104-1,TBCV2-L-L10-104,Room L10-104
TB2-L-L10-104-2,TBCV2-L-L10-104,Room L10-104
TB2-L-L10-105-1,TBCV2-L-L10-105,Room L10-105
TB2-L-L10-105-2,TBCV2-L-L10-105,Room L10-105
TB2-L-L10-106-1,TBCV2-L-L10-106,Room L10-106
TB2-L-L10-106-2,TBCV2-L-L10-106,Room L10-106
TB2-L-L10-107-1,TBCV2-L-L10-107,Room L10-107
TB2-L-L10-107-2,TBCV2-L-L10-107,Room L10-107
TB2-L-L10-108-1,TBCV2-L-L10-108,Room L10-108
TB2-L-L10-108-2,TBCV2-L-L10-108,Room L10-108
TB2-L-L10-109-1,TBCV2-L-L10-109,Room L10-109
TB2-L-L10-109-2,TBCV2-L-L10-109,Room L10-109
TB2-L-L10-110-1,TBCV2-L-L10-110,Room L10-110
TB2-L-L10-110-2,TBCV2-L-L10-110,Room L10-110
TB2-L-L10-111-1,TBCV2-L-L10-111,Room L10-111
TB2-L-L10-111-2,TBCV2-L-L10-111,Room L10-111
TB2-L-L10-112-1,TBCV2-L-L10-112,Room L10-112
TB2-L-L10-112-2,TBCV2-L-L10-112,Room L10-112
TB2-L-L11-001-1,TBCV2-L-L11-001,Room L11-001
TB2-L-L11-001-2,TBCV2-L-L11-001,Room L11-001
TB2-L-L11-002-1,TBCV2-L-L11-002,Room L11-002
TB2-L-L11-002-2,TBCV2-L-L11-002,Room L11-002
TB2-L-L11-003-1,TBCV2-L-L11-003,Room L11-003
TB2-L-L11-003-2,TBCV2-L-L11-003,Room L11-003
TB2-L-L11-004-1,TBCV2-L-L11-004,Room L11-004
TB2-L-L11-004-2,TBCV2-L-L11-004,Room L11-004
TB2-L-L11-005-1,TBCV2-L-L11-005,Room L11-005
TB2-L-L11-005-2,TBCV2-L-L11-005,Room L11-005
TB2-L-L11-006-1,TBCV2-L-L11-006,Room L11-006
TB2-L-L11-006-2,TBCV2-L-L11-006,Room L11-006
TB2-L-L11-007-1,TBCV2-L-L11-007,Room L11-007
TB2-L-L11-007-2,TBCV2-L-L11-007,Room L11-007
TB2-L-L11-008-1,TBCV2-L-L11-008,Room L11-008
TB2-L-L11-008-2,TBCV2-L-L11-008,Room L11-008
TB2-L-L11-009-1,TBCV2-L-L11-009,Room L11-009
TB2-L-L11-009-2,TBCV2-L-L11-009,Room L11-009
TB2-L-L11-010-1,TBCV2-L-L11-010,Room L11-010
TB2-L-L11-010-2,TBCV2-L-L11-010,Room L11-010
TB2-L-L11-011-1,TBCV2-L-L11-011,Room L11-011
TB2-L-L11-011-2,TBCV2-L-L11-011,Room L11-011
TB2-L-L11-012-1,TBCV2-L-L11-012,Room L11-012
TB2-L-L11-012-2,TBCV2-L-L11-012,Room L11-012
TB2-L-L11-101-1,TBCV2-L-L11-101,Room L11-101
TB2-L-L11-101-2,TBCV2-L-L11-101,Room L11-101
TB2-L-L11-102-1,TBCV2-L-L11-102,Room L11-102
TB2-L-L11-102-2,TBCV2-L-L11-102,Room L11-102
TB2-L-L11-103-1,TBCV2-L-L11-103,Room L11-103
TB2-L-L11-103-2,TBCV2-L-L11-103,Room L11-103
TB2-L-L11-104-1,TBCV2-L-L11-104,Room L11-104
TB2-L-L11-104-2,TBCV2-L-L11-104,Room L11-104
TB2-L-L11-105-1,TBCV2-L-L11-105,Room L11-105
TB2-L-L11-105-2,TBCV2-L-L11-105,Room L11-105
TB2-L-L11-106-1,TBCV2-L-L11-106,Room L11-106
TB2-L-L11-106-2,TBCV2-L-L11-106,Room L11-106
TB2-L-L11-107-1,TBCV2-L-L11-107,Room L11-107
TB2-L-L11-107-2,TBCV2-L-L11-107,Room L11-107
TB2-L-L11-108-1,TBCV2-L-L11-108,Room L11-108
TB2-L-L11-108-2,TBCV2-L-L11-108,Room L11-108
TB2-L-L11-109-1,TBCV2-L-L11-109,Room L11-109
TB2-L-L11-109-2,TBCV2-L-L11-109,Room L11-109
TB2-L-L11-110-1,TBCV2-L-L11-110,Room L11-110
TB2-L-L11-110-2,TBCV2-L-L11-110,Room L11-110
TB2-L-L11-111-1,TBCV2-L-L11-111,Room L11-111
TB2-L-L11-111-2,TBCV2-L-L11-111,Room L11-111
TB2-L-L11-112-1,TBCV2-L-L11-112,Room L11-112
TB2-L-L11-112-2,TBCV2-L-L11-112,Room L11-112
TB2-L-L12-001-1,TBCV2-L-L12-001,Room L12-001
TB2-L-L12-001-2,TBCV2-L-L12-001,Room L12-001
TB2-L-L12-002-1,TBCV2-L-L12-002,Room L12-002
TB2-L-L12-002-2,TBCV2-L-L12-002,Room L12-002
TB2-L-L12-003-1,TBCV2-L-L12-003,Room L12-003
TB2-L-L12-003-2,TBCV2-L-L12-003,Room L12-003
TB2-L-L12-004-1,TBCV2-L-L12-004,Room L12-004
TB2-L-L12-004-2,TBCV2-L-L12-004,Room L12-004
TB2-L-L12-005-1,TBCV2-L-L12-005,Room L12-005
TB2-L-L12-005-2,TBCV2-L-L12-005,Room L12-005
TB2-L-L12-006-1,TBCV2-L-L12-006,Room L12-006
TB2-L-L12-006-2,TBCV2-L-L12-006,Room L12-006
TB2-L-L12-007-1,TBCV2-L-L12-007,Room L12-007
TB2-L-L12-007-2,TBCV2-L-L12-007,Room L12-007
TB2-L-L12-008-1,TBCV2-L-L12-008,Room L12-008
TB2-L-L12-008-2,TBCV2-L-L12-008,Room L12-008
TB2-L-L12-009-1,TBCV2-L-L12-009,Room L12-009
TB2-L-L12-009-2,TBCV2-L-L12-009,Room L12-009
TB2-L-L12-010-1,TBCV2-L-L12-010,Room L12-010
TB2-L-L12-010-2,TBCV2-L-L12-010,Room L12-010
TB2-L-L12-011-1,TBCV2-L-L12-011,Room L12-011
TB2-L-L12-011-2,TBCV2-L-L12-011,Room L12-011
TB2-L-L12-012-1,TBCV2-L-L12-012,Room L12-012
TB2-L-L12-012-2,TBCV2-L-L12-012,Room L12-012
TB2-L-L12-101-1,TBCV2-L-L12-101,Room L12-101
TB2-L-L12-101-2,TBCV2-L-L12-101,Room L12-101
TB2-L-L12-102-1,TBCV2-L-L12-102,Room L12-102
TB2-L-L12-102-2,TBCV2-L-L12-102,Room L12-102
TB2-L-L12-103-1,TBCV2-L-L12-103,Room L12-103
TB2-L-L12-103-2,TBCV2-L-L12-103,Room L12-103
TB2-L-L12-104-1,TBCV2-L-L12-104,Room L12-104
TB2-L-L12-104-2,TBCV2-L-L12-104,Room L12-104
TB2-L-L12-105-1,TBCV2-L-L12-105,Room L12-105
TB2-L-L12-105-2,TBCV2-L-L12-105,Room L12-105
TB2-L-L12-106-1,TBCV2-L-L12-106,Room L12-106
TB2-L-L12-106-2,TBCV2-L-L12-106,Room L12-106
TB2-L-L12-107-1,TBCV2-L-L12-107,Room L12-107
TB2-L-L12-107-2,TBCV2-L-L12-107,Room L12-107
TB2-L-L12-108-1,TBCV2-L-L12-108,Room L12-108
TB2-L-L12-108-2,TBCV2-L-L12-108,Room L12-108
TB2-L-L12-109-1,TBCV2-L-L12-109,Room L12-109
TB2-L-L12-109-2,TBCV2-L-L12-109,Room L12-109
TB2-L-L12-110-1,TBCV2-L-L12-110,Room L12-110
TB2-L-L12-110-2,TBCV2-L-L12-110,Room L12-110
TB2-L-L12-111-1,TBCV2-L-L12-111,Room L12-111
TB2-L-L12-111-2,TBCV2-L-L12-111,Room L12-111
TB2-L-L12-112-1,TBCV2-L-L12-112,Room L12-112
TB2-L-L12-112-2,TBCV2-L-L12-112,Room L12-112
TB2-L-L13-001-1,TBCV2-L-L13-001,Room L13-001
TB2-L-L13-001-2,TBCV2-L-L13-001,Room L13-001
TB2-L-L13-002-1,TBCV2-L-L13-002,Room L13-002
TB2-L-L13-002-2,TBCV2-L-L13-002,Room L13-002
TB2-L-L13-003-1,TBCV2-L-L13-003,Room L13-003
TB2-L-L13-003-2,TBCV2-L-L13-003,Room L13-003
TB2-L-L13-004-1,TBCV2-L-L13-004,Room L13-004
TB2-L-L13-004-2,TBCV2-L-L13-004,Room L13-004
TB2-L-L13-005-1,TBCV2-L-L13-005,Room L13-005
TB2-L-L13-005-2,TBCV2-L-L13-005,Room L13-005
TB2-L-L13-006-1,TBCV2-L-L13-006,Room L13-006
TB2-L-L13-006-2,TBCV2-L-L13-006,Room L13-006
TB2-L-L13-007-1,TBCV2-L-L13-007,Room L13-007
TB2-L-L13-007-2,TBCV2-L-L13-007,Room L13-007
TB2-L-L13-008-1,TBCV2-L-L13-008,Room L13-008
TB2-L-L13-008-2,TBCV2-L-L13-008,Room L13-008
TB2-L-L13-009-1,TBCV2-L-L13-009,Room L13-009
TB2-L-L13-009-2,TBCV2-L-L13-009,Room L13-009
TB2-L-L13-010-1,TBCV2-L-L13-010,Room L13-010
TB2-L-L13-010-2,TBCV2-L-L13-010,Room L13-010
TB2-L-L13-011-1,TBCV2-L-L13-011,Room L13-011
TB2-L-L13-011-2,TBCV2-L-L13-011,Room L13-011
TB2-L-L13-012-1,TBCV2-L-L13-012,Room L13-012
TB2-L-L13-012-2,TBCV2-L-L13-012,Room L13-012
TB2-L-L13-101-1,TBCV2-L-L13-101,Room L13-101
TB2-L-L13-101-2,TBCV2-L-L13-101,Room L13-101
TB2-L-L13-102-1,TBCV2-L-L13-102,Room L13-102
TB2-L-L13-102-2,TBCV2-L-L13-102,Room L13-102
TB2-L-L13-103-1,TBCV2-L-L13-103,Room L13-103
TB2-L-L13-103-2,TBCV2-L-L13-103,Room L13-103
TB2-L-L13-104-1,TBCV2-L-L13-104,Room L13-104
TB2-L-L13-104-2,TBCV2-L-L13-104,Room L13-104
TB2-L-L13-105-1,TBCV2-L-L13-105,Room L13-105
TB2-L-L13-105-2,TBCV2-L-L13-105,Room L13-105
TB2-L-L13-106-1,TBCV2-L-L13-106,Room L13-106
TB2-L-L13-106-2,TBCV2-L-L13-106,Room L13-106
TB2-L-L13-107-1,TBCV2-L-L13-107,Room L13-107
TB2-L-L13-107-2,TBCV2-L-L13-107,Room L13-107
TB2-L-L13-108-1,TBCV2-L-L13-108,Room L13-108
TB2-L-L13-108-2,TBCV2-L-L13-108,Room L13-108
TB2-L-L13-109-1,TBCV2-L-L13-109,Room L13-109
TB2-L-L13-109-2,TBCV2-L-L13-109,Room L13-109
TB2-L-L13-110-1,TBCV2-L-L13-110,Room L13-110
TB2-L-L13-110-2,TBCV2-L-L13-110,Room L13-110
TB2-L-L13-111-1,TBCV2-L-L13-111,Room L13-111
TB2-L-L13-111-2,TBCV2-L-L13-111,Room L13-111
TB2-L-L13-112-1,TBCV2-L-L13-112,Room L13-112
TB2-L-L13-112-2,TBCV2-L-L13-112,Room L13-112
TB2-L-L14-001-1,TBCV2-L-L14-001,Room L14-001
TB2-L-L14-001-2,TBCV2-L-L14-001,Room L14-001
TB2-L-L14-002-1,TBCV2-L-L14-002,Room L14-002
TB2-L-L14-002-2,TBCV2-L-L14-002,Room L14-002
TB2-L-L14-003-1,TBCV2-L-L14-003,Room L14-003
TB2-L-L14-003-2,TBCV2-L-L14-003,Room L14-003
TB2-L-L14-004-1,TBCV2-L-L14-004,Room L14-004
TB2-L-L14-004-2,TBCV2-L-L14-004,Room L14-004
TB2-L-L14-005-1,TBCV2-L-L14-005,Room L14-005
TB2-L-L14-005-2,TBCV2-L-L14-005,Room L14-005
TB2-L-L14-006-1,TBCV2-L-L14-006,Room L14-006
TB2-L-L14-006-2,TBCV2-L-L14-006,Room L14-006
TB2-L-L14-007-1,TBCV2-L-L14-007,Room L14-007
TB2-L-L14-007-2,TBCV2-L-L14-007,Room L14-007
TB2-L-L14-008-1,TBCV2-L-L14-008,Room L14-008
TB2-L-L14-008-2,TBCV2-L-L14-008,Room L14-008
TB2-L-L14-009-1,TBCV2-L-L14-009,Room L14-009
TB2-L-L14-009-2,TBCV2-L-L14-009,Room L14-009
TB2-L-L14-010-1,TBCV2-L-L14-010,Room L14-010
TB2-L-L14-010-2,TBCV2-L-L14-010,Room L14-010
TB2-L-L14-011-1,TBCV2-L-L14-011,Room L14-011
TB2-L-L14-011-2,TBCV2-L-L14-011,Room L14-011
TB2-L-L14-012-1,TBCV2-L-L14-012,Room L14-012
TB2-L-L14-012-2,TBCV2-L-L14-012,Room L14-012
TB2-L-L14-101-1,TBCV2-L-L14-101,Room L14-101
TB2-L-L14-101-2,TBCV2-L-L14-101,Room L14-101
TB2-L-L14-102-1,TBCV2-L-L14-102,Room L14-102
TB2-L-L14-102-2,TBCV2-L-L14-102,Room L14-102
TB2-L-L14-103-1,TBCV2-L-L14-103,Room L14-103
TB2-L-L14-103-2,TBCV2-L-L14-103,Room L14-103
TB2-L-L14-104-1,TBCV2-L-L14-104,Room L14-104
TB2-L-L14-104-2,TBCV2-L-L14-104,Room L14-104
TB2-L-L14-105-1,TBCV2-L-L14-105,Room L14-105
TB2-L-L14-105-2,TBCV2-L-L14-105,Room L14-105
TB2-L-L14-106-1,TBCV2-L-L14-106,Room L14-106
TB2-L-L14-106-2,TBCV2-L-L14-106,Room L14-106
TB2-L-L14-107-1,TBCV2-L-L14-107,Room L14-107
TB2-L-L14-107-2,TBCV2-L-L14-107,Room L14-107
TB2-L-L14-108-1,TBCV2-L-L14-108,Room L14-108
TB2-L-L14-108-2,TBCV2-L-L14-108,Room L14-108
TB2-L-L14-109-1,TBCV2-L-L14-109,Room L14-109
TB2-L-L14-109-2,TBCV2-L-L14-109,Room L14-109
TB2-L-L14-110-1,TBCV2-L-L14-110,Room L14-110
TB2-L-L14-110-2,TBCV2-L-L14-110,Room L14-110
TB2-L-L14-111-1,TBCV2-L-L14-111,Room L14-111
TB2-L-L14-111-2,TBCV2-L-L14-111,Room L14-111
TB2-L-L14-112-1,TBCV2-L-L14-112,Room L14-112
TB2-L-L14-112-2,TBCV2-L-L14-112,Room L14-112
TB3-C-C01-001-1,TBCV3-C-C01-001,Room C01-001
TB3-C-C01-001-2,TBCV3-C-C01-001,Room C01-001
TB3-C-C01-001-3,TBCV3-C-C01-001,Room C01-001
TB3-C-C01-001-4,TBCV3-C-C01-001,Room C01-001
TB3-C-C01-001-5,TBCV3-C-C01-001,Room C01-001
TB3-C-C01-002-1,TBCV3-C-C01-002,Room C01-002
TB3-C-C01-002-2,TBCV3-C-C01-002,Room C01-002
TB3-C-C01-002-3,TBCV3-C-C01-002,Room C01-002
TB3-C-C01-002-4,TBCV3-C-C01-002,Room C01-002
TB3-C-C01-002-5,TBCV3-C-C01-002,Room C01-002
TB3-C-C01-003-1,TBCV3-C-C01-003,Room C01-003
TB3-C-C01-003-2,TBCV3-C-C01-003,Room C01-003
TB3-C-C01-003-3,TBCV3-C-C01-003,Room C01-003
TB3-C-C01-003-4,TBCV3-C-C01-003,Room C01-003
TB3-C-C01-003-5,TBCV3-C-C01-003,Room C01-003
TB3-C-C01-004-1,TBCV3-C-C01-004,Room C01-004
TB3-C-C01-004-2,TBCV3-C-C01-004,Room C01-004
TB3-C-C01-004-3,TBCV3-C-C01-004,Room C01-004
TB3-C-C01-004-4,TBCV3-C-C01-004,Room C01-004
TB3-C-C01-004-5,TBCV3-C-C01-004,Room C01-004
TB3-C-C01-005-1,TBCV3-C-C01-005,Room C01-005
TB3-C-C01-005-2,TBCV3-C-C01-005,Room C01-005
TB3-C-C01-005-3,TBCV3-C-C01-005,Room C01-005
TB3-C-C01-005-4,TBCV3-C-C01-005,Room C01-005
TB3-C-C01-005-5,TBCV3-C-C01-005,Room C01-005
TB3-C-C01-006-1,TBCV3-C-C01-006,Room C01-006
TB3-C-C01-006-2,TBCV3-C-C01-006,Room C01-006
TB3-C-C01-006-3,TBCV3-C-C01-006,Room C01-006
TB3-C-C01-006-4,TBCV3-C-C01-006,Room C01-006
TB3-C-C01-006-5,TBCV3-C-C01-006,Room C01-006
TB3-C-C01-007-1,TBCV3-C-C01-007,Room C01-007
TB3-C-C01-007-2,TBCV3-C-C01-007,Room C01-007
TB3-C-C01-007-3,TBCV3-C-C01-007,Room C01-007
TB3-C-C01-007-4,TBCV3-C-C01-007,Room C01-007
TB3-C-C01-007-5,TBCV3-C-C01-007,Room C01-007
TB3-C-C01-008-1,TBCV3-C-C01-008,Room C01-008
TB3-C-C01-008-2,TBCV3-C-C01-008,Room C01-008
TB3-C-C01-008-3,TBCV3-C-C01-008,Room C01-008
TB3-C-C01-008-4,TBCV3-C-C01-008,Room C01-008
TB3-C-C01-008-5,TBCV3-C-C01-008,Room C01-008
TB3-C-C01-009-1,TBCV3-C-C01-009,Room C01-009
TB3-C-C01-009-2,TBCV3-C-C01-009,Room C01-009
TB3-C-C01-009-3,TBCV3-C-C01-009,Room C01-009
TB3-C-C01-009-4,TBCV3-C-C01-009,Room C01-009
TB3-C-C01-009-5,TBCV3-C-C01-009,Room C01-009
TB3-C-C01-010-1,TBCV3-C-C01-010,Room C01-010
TB3-C-C01-010-2,TBCV3-C-C01-010,Room C01-010
TB3-C-C01-010-3,TBCV3-C-C01-010,Room C01-010
TB3-C-C01-010-4,TBCV3-C-C01-010,Room C01-010
TB3-C-C01-010-5,TBCV3-C-C01-010,Room C01-010
TB3-C-C01-011-1,TBCV3-C-C01-011,Room C01-011
TB3-C-C01-011-2,TBCV3-C-C01-011,Room C01-011
TB3-C-C01-011-3,TBCV3-C-C01-011,Room C01-011
TB3-C-C01-011-4,TBCV3-C-C01-011,Room C01-011
TB3-C-C01-011-5,TBCV3-C-C01-011,Room C01-011
TB3-C-C01-012-1,TBCV3-C-C01-012,Room C01-012
TB3-C-C01-012-2,TBCV3-C-C01-012,Room C01-012
TB3-C-C01-012-3,TBCV3-C-C01-012,Room C01-012
TB3-C-C01-012-4,TBCV3-C-C01-012,Room C01-012
TB3-C-C01-012-5,TBCV3-C-C01-012,Room C01-012
TB3-C-C01-101-1,TBCV3-C-C01-101,Room C01-101
TB3-C-C01-101-2,TBCV3-C-C01-101,Room C01-101
TB3-C-C01-101-3,TBCV3-C-C01-101,Room C01-101
TB3-C-C01-101-4,TBCV3-C-C01-101,Room C01-101
TB3-C-C01-102-1,TBCV3-C-C01-102,Room C01-102
TB3-C-C01-102-2,TBCV3-C-C01-102,Room C01-102
TB3-C-C01-102-3,TBCV3-C-C01-102,Room C01-102
TB3-C-C01-102-4,TBCV3-C-C01-102,Room C01-102
TB3-C-C01-103-1,TBCV3-C-C01-103,Room C01-103
TB3-C-C01-103-2,TBCV3-C-C01-103,Room C01-103
TB3-C-C01-103-3,TBCV3-C-C01-103,Room C01-103
TB3-C-C01-103-4,TBCV3-C-C01-103,Room C01-103
TB3-C-C01-104-1,TBCV3-C-C01-104,Room C01-104
TB3-C-C01-104-2,TBCV3-C-C01-104,Room C01-104
TB3-C-C01-104-3,TBCV3-C-C01-104,Room C01-104
TB3-C-C01-104-4,TBCV3-C-C01-104,Room C01-104
TB3-C-C01-105-1,TBCV3-C-C01-105,Room C01-105
TB3-C-C01-105-2,TBCV3-C-C01-105,Room C01-105
TB3-C-C01-105-3,TBCV3-C-C01-105,Room C01-105
TB3-C-C01-105-4,TBCV3-C-C01-105,Room C01-105
TB3-C-C01-106-1,TBCV3-C-C01-106,Room C01-106
TB3-C-C01-106-2,TBCV3-C-C01-106,Room C01-106
TB3-C-C01-106-3,TBCV3-C-C01-106,Room C01-106
TB3-C-C01-106-4,TBCV3-C-C01-106,Room C01-106
TB3-C-C01-107-1,TBCV3-C-C01-107,Room C01-107
TB3-C-C01-107-2,TBCV3-C-C01-107,Room C01-107
TB3-C-C01-107-3,TBCV3-C-C01-107,Room C01-107
TB3-C-C01-107-4,TBCV3-C-C01-107,Room C01-107
TB3-C-C01-108-1,TBCV3-C-C01-108,Room C01-108
TB3-C-C01-108-2,TBCV3-C-C01-108,Room C01-108
TB3-C-C01-108-3,TBCV3-C-C01-108,Room C01-108
TB3-C-C01-108-4,TBCV3-C-C01-108,Room C01-108
TB3-C-C01-109-1,TBCV3-C-C01-109,Room C01-109
TB3-C-C01-109-2,TBCV3-C-C01-109,Room C01-109
TB3-C-C01-109-3,TBCV3-C-C01-109,Room C01-109
TB3-C-C01-109-4,TBCV3-C-C01-109,Room C01-109
TB3-C-C01-110-1,TBCV3-C-C01-110,Room C01-110
TB3-C-C01-110-2,TBCV3-C-C01-110,Room C01-110
TB3-C-C01-110-3,TBCV3-C-C01-110,Room C01-110
TB3-C-C01-110-4,TBCV3-C-C01-110,Room C01-110
TB3-C-C01-111-1,TBCV3-C-C01-111,Room C01-111
TB3-C-C01-111-2,TBCV3-C-C01-111,Room C01-111
TB3-C-C01-111-3,TBCV3-C-C01-111,Room C01-111
TB3-C-C01-111-4,TBCV3-C-C01-111,Room C01-111
TB3-C-C01-112-1,TBCV3-C-C01-112,Room C01-112
TB3-C-C01-112-2,TBCV3-C-C01-112,Room C01-112
TB3-C-C01-112-3,TBCV3-C-C01-112,Room C01-112
TB3-C-C01-112-4,TBCV3-C-C01-112,Room C01-112
TB3-C-C02-001-1,TBCV3-C-C02-001,Room C02-001
TB3-C-C02-001-2,TBCV3-C-C02-001,Room C02-001
TB3-C-C02-001-3,TBCV3-C-C02-001,Room C02-001
TB3-C-C02-001-4,TBCV3-C-C02-001,Room C02-001
TB3-C-C02-001-5,TBCV3-C-C02-001,Room C02-001
TB3-C-C02-002-1,TBCV3-C-C02-002,Room C02-002
TB3-C-C02-002-2,TBCV3-C-C02-002,Room C02-002
TB3-C-C02-002-3,TBCV3-C-C02-002,Room C02-002
TB3-C-C02-002-4,TBCV3-C-C02-002,Room C02-002
TB3-C-C02-002-5,TBCV3-C-C02-002,Room C02-002
TB3-C-C02-003-1,TBCV3-C-C02-003,Room C02-003
TB3-C-C02-003-2,TBCV3-C-C02-003,Room C02-003
TB3-C-C02-003-3,TBCV3-C-C02-003,Room C02-003
TB3-C-C02-003-4,TBCV3-C-C02-003,Room C02-003
TB3-C-C02-003-5,TBCV3-C-C02-003,Room C02-003
TB3-C-C02-004-1,TBCV3-C-C02-004,Room C02-004
TB3-C-C02-004-2,TBCV3-C-C02-004,Room C02-004
TB3-C-C02-004-3,TBCV3-C-C02-004,Room C02-004
TB3-C-C02-004-4,TBCV3-C-C02-004,Room C02-004
TB3-C-C02-004-5,TBCV3-C-C02-004,Room C02-004
TB3-C-C02-005-1,TBCV3-C-C02-005,Room C02-005
TB3-C-C02-005-2,TBCV3-C-C02-005,Room C02-005
TB3-C-C02-005-3,TBCV3-C-C02-005,Room C02-005
TB3-C-C02-005-4,TBCV3-C-C02-005,Room C02-005
TB3-C-C02-005-5,TBCV3-C-C02-005,Room C02-005
TB3-C-C02-006-1,TBCV3-C-C02-006,Room C02-006
TB3-C-C02-006-2,TBCV3-C-C02-006,Room C02-006
TB3-C-C02-006-3,TBCV3-C-C02-006,Room C02-006
TB3-C-C02-006-4,TBCV3-C-C02-006,Room C02-006
TB3-C-C02-006-5,TBCV3-C-C02-006,Room C02-006
TB3-C-C02-007-1,TBCV3-C-C02-007,Room C02-007
TB3-C-C02-007-2,TBCV3-C-C02-007,Room C02-007
TB3-C-C02-007-3,TBCV3-C-C02-007,Room C02-007
TB3-C-C02-007-4,TBCV3-C-C02-007,Room C02-007
TB3-C-C02-007-5,TBCV3-C-C02-007,Room C02-007
TB3-C-C02-008-1,TBCV3-C-C02-008,Room C02-008
TB3-C-C02-008-2,TBCV3-C-C02-008,Room C02-008
TB3-C-C02-008-3,TBCV3-C-C02-008,Room C02-008
TB3-C-C02-008-4,TBCV3-C-C02-008,Room C02-008
TB3-C-C02-008-5,TBCV3-C-C02-008,Room C02-008
TB3-C-C02-009-1,TBCV3-C-C02-009,Room C02-009
TB3-C-C02-009-2,TBCV3-C-C02-009,Room C02-009
TB3-C-C02-009-3,TBCV3-C-C02-009,Room C02-009
TB3-C-C02-009-4,TBCV3-C-C02-009,Room C02-009
TB3-C-C02-009-5,TBCV3-C-C02-009,Room C02-009
TB3-C-C02-010-1,TBCV3-C-C02-010,Room C02-010
TB3-C-C02-010-2,TBCV3-C-C02-010,Room C02-010
TB3-C-C02-010-3,TBCV3-C-C02-010,Room C02-010
TB3-C-C02-010-4,TBCV3-C-C02-010,Room C02-010
TB3-C-C02-010-5,TBCV3-C-C02-010,Room C02-010
TB3-C-C02-011-1,TBCV3-C-C02-011,Room C02-011
TB3-C-C02-011-2,TBCV3-C-C02-011,Room C02-011
TB3-C-C02-011-3,TBCV3-C-C02-011,Room C02-011
TB3-C-C02-011-4,TBCV3-C-C02-011,Room C02-011
TB3-C-C02-011-5,TBCV3-C-C02-011,Room C02-011
TB3-C-C02-012-1,TBCV3-C-C02-012,Room C02-012
TB3-C-C02-012-2,TBCV3-C-C02-012,Room C02-012
TB3-C-C02-012-3,TBCV3-C-C02-012,Room C02-012
TB3-C-C02-012-4,TBCV3-C-C02-012,Room C02-012
TB3-C-C02-012-5,TBCV3-C-C02-012,Room C02-012
TB3-C-C02-101-1,TBCV3-C-C02-101,Room C02-101
TB3-C-C02-101-2,TBCV3-C-C02-101,Room C02-101
TB3-C-C02-101-3,TBCV3-C-C02-101,Room C02-101
TB3-C-C02-101-4,TBCV3-C-C02-101,Room C02-101
TB3-C-C02-102-1,TBCV3-C-C02-102,Room C02-102
TB3-C-C02-102-2,TBCV3-C-C02-102,Room C02-102
TB3-C-C02-102-3,TBCV3-C-C02-102,Room C02-102
TB3-C-C02-102-4,TBCV3-C-C02-102,Room C02-102
TB3-C-C02-103-1,TBCV3-C-C02-103,Room C02-103
TB3-C-C02-103-2,TBCV3-C-C02-103,Room C02-103
TB3-C-C02-103-3,TBCV3-C-C02-103,Room C02-103
TB3-C-C02-103-4,TBCV3-C-C02-103,Room C02-103
TB3-C-C02-104-1,TBCV3-C-C02-104,Room C02-104
TB3-C-C02-104-2,TBCV3-C-C02-104,Room C02-104
TB3-C-C02-104-3,TBCV3-C-C02-104,Room C02-104
TB3-C-C02-104-4,TBCV3-C-C02-104,Room C02-104
TB3-C-C02-105-1,TBCV3-C-C02-105,Room C02-105
TB3-C-C02-105-2,TBCV3-C-C02-105,Room C02-105
TB3-C-C02-105-3,TBCV3-C-C02-105,Room C02-105
TB3-C-C02-105-4,TBCV3-C-C02-105,Room C02-105
TB3-C-C02-106-1,TBCV3-C-C02-106,Room C02-106
TB3-C-C02-106-2,TBCV3-C-C02-106,Room C02-106
TB3-C-C02-106-3,TBCV3-C-C02-106,Room C02-106
TB3-C-C02-106-4,TBCV3-C-C02-106,Room C02-106
TB3-C-C02-107-1,TBCV3-C-C02-107,Room C02-107
TB3-C-C02-107-2,TBCV3-C-C02-107,Room C02-107
TB3-C-C02-107-3,TBCV3-C-C02-107,Room C02-107
TB3-C-C02-107-4,TBCV3-C-C02-107,Room C02-107
TB3-C-C02-108-1,TBCV3-C-C02-108,Room C02-108
TB3-C-C02-108-2,TBCV3-C-C02-108,Room C02-108
TB3-C-C02-108-3,TBCV3-C-C02-108,Room C02-108
TB3-C-C02-108-4,TBCV3-C-C02-108,Room C02-108
TB3-C-C02-109-1,TBCV3-C-C02-109,Room C02-109
TB3-C-C02-109-2,TBCV3-C-C02-109,Room C02-109
TB3-C-C02-109-3,TBCV3-C-C02-109,Room C02-109
TB3-C-C02-109-4,TBCV3-C-C02-109,Room C02-109
TB3-C-C02-110-1,TBCV3-C-C02-110,Room C02-110
TB3-C-C02-110-2,TBCV3-C-C02-110,Room C02-110
TB3-C-C02-110-3,TBCV3-C-C02-110,Room C02-110
TB3-C-C02-110-4,TBCV3-C-C02-110,Room C02-110
TB3-C-C02-111-1,TBCV3-C-C02-111,Room C02-111
TB3-C-C02-111-2,TBCV3-C-C02-111,Room C02-111
TB3-C-C02-111-3,TBCV3-C-C02-111,Room C02-111
TB3-C-C02-111-4,TBCV3-C-C02-111,Room C02-111
TB3-C-C02-112-1,TBCV3-C-C02-112,Room C02-112
TB3-C-C02-112-2,TBCV3-C-C02-112,Room C02-112
TB3-C-C02-112-3,TBCV3-C-C02-112,Room C02-112
TB3-C-C02-112-4,TBCV3-C-C02-112,Room C02-112
TB3-C-C03-001-1,TBCV3-C-C03-001,Room C03-001
TB3-C-C03-001-2,TBCV3-C-C03-001,Room C03-001
TB3-C-C03-001-3,TBCV3-C-C03-001,Room C03-001
TB3-C-C03-001-4,TBCV3-C-C03-001,Room C03-001
TB3-C-C03-001-5,TBCV3-C-C03-001,Room C03-001
TB3-C-C03-002-1,TBCV3-C-C03-002,Room C03-002
TB3-C-C03-002-2,TBCV3-C-C03-002,Room C03-002
TB3-C-C03-002-3,TBCV3-C-C03-002,Room C03-002
TB3-C-C03-002-4,TBCV3-C-C03-002,Room C03-002
TB3-C-C03-002-5,TBCV3-C-C03-002,Room C03-002
TB3-C-C03-003-1,TBCV3-C-C03-003,Room C03-003
TB3-C-C03-003-2,TBCV3-C-C03-003,Room C03-003
TB3-C-C03-003-3,TBCV3-C-C03-003,Room C03-003
TB3-C-C03-003-4,TBCV3-C-C03-003,Room C03-003
TB3-C-C03-003-5,TBCV3-C-C03-003,Room C03-003
TB3-C-C03-004-1,TBCV3-C-C03-004,Room C03-004
TB3-C-C03-004-2,TBCV3-C-C03-004,Room C03-004
TB3-C-C03-004-3,TBCV3-C-C03-004,Room C03-004
TB3-C-C03-004-4,TBCV3-C-C03-004,Room C03-004
TB3-C-C03-004-5,TBCV3-C-C03-004,Room C03-004
TB3-C-C03-005-1,TBCV3-C-C03-005,Room C03-005
TB3-C-C03-005-2,TBCV3-C-C03-005,Room C03-005
TB3-C-C03-005-3,TBCV3-C-C03-005,Room C03-005
TB3-C-C03-005-4,TBCV3-C-C03-005,Room C03-005
TB3-C-C03-005-5,TBCV3-C-C03-005,Room C03-005
TB3-C-C03-006-1,TBCV3-C-C03-006,Room C03-006
TB3-C-C03-006-2,TBCV3-C-C03-006,Room C03-006
TB3-C-C03-006-3,TBCV3-C-C03-006,Room C03-006
TB3-C-C03-006-4,TBCV3-C-C03-006,Room C03-006
TB3-C-C03-006-5,TBCV3-C-C03-006,Room C03-006
TB3-C-C03-007-1,TBCV3-C-C03-007,Room C03-007
TB3-C-C03-007-2,TBCV3-C-C03-007,Room C03-007
TB3-C-C03-007-3,TBCV3-C-C03-007,Room C03-007
TB3-C-C03-007-4,TBCV3-C-C03-007,Room C03-007
TB3-C-C03-007-5,TBCV3-C-C03-007,Room C03-007
TB3-C-C03-008-1,TBCV3-C-C03-008,Room C03-008
TB3-C-C03-008-2,TBCV3-C-C03-008,Room C03-008
TB3-C-C03-008-3,TBCV3-C-C03-008,Room C03-008
TB3-C-C03-008-4,TBCV3-C-C03-008,Room C03-008
TB3-C-C03-008-5,TBCV3-C-C03-008,Room C03-008
TB3-C-C03-009-1,TBCV3-C-C03-009,Room C03-009
TB3-C-C03-009-2,TBCV3-C-C03-009,Room C03-009
TB3-C-C03-009-3,TBCV3-C-C03-009,Room C03-009
TB3-C-C03-009-4,TBCV3-C-C03-009,Room C03-009
TB3-C-C03-009-5,TBCV3-C-C03-009,Room C03-009
TB3-C-C03-010-1,TBCV3-C-C03-010,Room C03-010
TB3-C-C03-010-2,TBCV3-C-C03-010,Room C03-010
TB3-C-C03-010-3,TBCV3-C-C03-010,Room C03-010
TB3-C-C03-010-4,TBCV3-C-C03-010,Room C03-010
TB3-C-C03-010-5,TBCV3-C-C03-010,Room C03-010
TB3-C-C03-011-1,TBCV3-C-C03-011,Room C03-011
TB3-C-C03-011-2,TBCV3-C-C03-011,Room C03-011
TB3-C-C03-011-3,TBCV3-C-C03-011,Room C03-011
TB3-C-C03-011-4,TBCV3-C-C03-011,Room C03-011
TB3-C-C03-011-5,TBCV3-C-C03-011,Room C03-011
TB3-C-C03-012-1,TBCV3-C-C03-012,Room C03-012
TB3-C-C03-012-2,TBCV3-C-C03-012,Room C03-012
TB3-C-C03-012-3,TBCV3-C-C03-012,Room C03-012
TB3-C-C03-012-4,TBCV3-C-C03-012,Room C03-012
TB3-C-C03-012-5,TBCV3-C-C03-012,Room C03-012
TB3-C-C03-101-1,TBCV3-C-C03-101,Room C03-101
TB3-C-C03-101-2,TBCV3-C-C03-101,Room C03-101
TB3-C-C03-101-3,TBCV3-C-C03-101,Room C03-101
TB3-C-C03-101-4,TBCV3-C-C03-101,Room C03-101
TB3-C-C03-102-1,TBCV3-C-C03-102,Room C03-102
TB3-C-C03-102-2,TBCV3-C-C03-102,Room C03-102
TB3-C-C03-102-3,TBCV3-C-C03-102,Room C03-102
TB3-C-C03-102-4,TBCV3-C-C03-102,Room C03-102
TB3-C-C03-103-1,TBCV3-C-C03-103,Room C03-103
TB3-C-C03-103-2,TBCV3-C-C03-103,Room C03-103
TB3-C-C03-103-3,TBCV3-C-C03-103,Room C03-103
TB3-C-C03-103-4,TBCV3-C-C03-103,Room C03-103
TB3-C-C03-104-1,TBCV3-C-C03-104,Room C03-104
TB3-C-C03-104-2,TBCV3-C-C03-104,Room C03-104
TB3-C-C03-104-3,TBCV3-C-C03-104,Room C03-104
TB3-C-C03-104-4,TBCV3-C-C03-104,Room C03-104
TB3-C-C03-105-1,TBCV3-C-C03-105,Room C03-105
TB3-C-C03-105-2,TBCV3-C-C03-105,Room C03-105
TB3-C-C03-105-3,TBCV3-C-C03-105,Room C03-105
TB3-C-C03-105-4,TBCV3-C-C03-105,Room C03-105
TB3-C-C03-106-1,TBCV3-C-C03-106,Room C03-106
TB3-C-C03-106-2,TBCV3-C-C03-106,Room C03-106
TB3-C-C03-106-3,TBCV3-C-C03-106,Room C03-106
TB3-C-C03-106-4,TBCV3-C-C03-106,Room C03-106
TB3-C-C03-107-1,TBCV3-C-C03-107,Room C03-107
TB3-C-C03-107-2,TBCV3-C-C03-107,Room C03-107
TB3-C-C03-107-3,TBCV3-C-C03-107,Room C03-107
TB3-C-C03-107-4,TBCV3-C-C03-107,Room C03-107
TB3-C-C03-108-1,TBCV3-C-C03-108,Room C03-108
TB3-C-C03-108-2,TBCV3-C-C03-108,Room C03-108
TB3-C-C03-108-3,TBCV3-C-C03-108,Room C03-108
TB3-C-C03-108-4,TBCV3-C-C03-108,Room C03-108
TB3-C-C03-109-1,TBCV3-C-C03-109,Room C03-109
TB3-C-C03-109-2,TBCV3-C-C03-109,Room C03-109
TB3-C-C03-109-3,TBCV3-C-C03-109,Room C03-109
TB3-C-C03-109-4,TBCV3-C-C03-109,Room C03-109
TB3-C-C03-110-1,TBCV3-C-C03-110,Room C03-110
TB3-C-C03-110-2,TBCV3-C-C03-110,Room C03-110
TB3-C-C03-110-3,TBCV3-C-C03-110,Room C03-110
TB3-C-C03-110-4,TBCV3-C-C03-110,Room C03-110
TB3-C-C03-111-1,TBCV3-C-C03-111,Room C03-111
TB3-C-C03-111-2,TBCV3-C-C03-111,Room C03-111
TB3-C-C03-111-3,TBCV3-C-C03-111,Room C03-111
TB3-C-C03-111-4,TBCV3-C-C03-111,Room C03-111
TB3-C-C03-112-1,TBCV3-C-C03-112,Room C03-112
TB3-C-C03-112-2,TBCV3-C-C03-112,Room C03-112
TB3-C-C03-112-3,TBCV3-C-C03-112,Room C03-112
TB3-C-C03-112-4,TBCV3-C-C03-112,Room C03-112
TB3-C-C04-001-1,TBCV3-C-C04-001,Room C04-001
TB3-C-C04-001-2,TBCV3-C-C04-001,Room C04-001
TB3-C-C04-001-3,TBCV3-C-C04-001,Room C04-001
TB3-C-C04-001-4,TBCV3-C-C04-001,Room C04-001
TB3-C-C04-001-5,TBCV3-C-C04-001,Room C04-001
TB3-C-C04-002-1,TBCV3-C-C04-002,Room C04-002
TB3-C-C04-002-2,TBCV3-C-C04-002,Room C04-002
TB3-C-C04-002-3,TBCV3-C-C04-002,Room C04-002
TB3-C-C04-002-4,TBCV3-C-C04-002,Room C04-002
TB3-C-C04-002-5,TBCV3-C-C04-002,Room C04-002
TB3-C-C04-003-1,TBCV3-C-C04-003,Room C04-003
TB3-C-C04-003-2,TBCV3-C-C04-003,Room C04-003
TB3-C-C04-003-3,TBCV3-C-C04-003,Room C04-003
TB3-C-C04-003-4,TBCV3-C-C04-003,Room C04-003
TB3-C-C04-003-5,TBCV3-C-C04-003,Room C04-003
TB3-C-C04-004-1,TBCV3-C-C04-004,Room C04-004
TB3-C-C04-004-2,TBCV3-C-C04-004,Room C04-004
TB3-C-C04-004-3,TBCV3-C-C04-004,Room C04-004
TB3-C-C04-004-4,TBCV3-C-C04-004,Room C04-004
TB3-C-C04-004-5,TBCV3-C-C04-004,Room C04-004
TB3-C-C04-005-1,TBCV3-C-C04-005,Room C04-005
TB3-C-C04-005-2,TBCV3-C-C04-005,Room C04-005
TB3-C-C04-005-3,TBCV3-C-C04-005,Room C04-005
TB3-C-C04-005-4,TBCV3-C-C04-005,Room C04-005
TB3-C-C04-005-5,TBCV3-C-C04-005,Room C04-005
TB3-C-C04-006-1,TBCV3-C-C04-006,Room C04-006
TB3-C-C04-006-2,TBCV3-C-C04-006,Room C04-006
TB3-C-C04-006-3,TBCV3-C-C04-006,Room C04-006
TB3-C-C04-006-4,TBCV3-C-C04-006,Room C04-006
TB3-C-C04-006-5,TBCV3-C-C04-006,Room C04-006
TB3-C-C04-007-1,TBCV3-C-C04-007,Room C04-007
TB3-C-C04-007-2,TBCV3-C-C04-007,Room C04-007
TB3-C-C04-007-3,TBCV3-C-C04-007,Room C04-007
TB3-C-C04-007-4,TBCV3-C-C04-007,Room C04-007
TB3-C-C04-007-5,TBCV3-C-C04-007,Room C04-007
TB3-C-C04-008-1,TBCV3-C-C04-008,Room C04-008
TB3-C-C04-008-2,TBCV3-C-C04-008,Room C04-008
TB3-C-C04-008-3,TBCV3-C-C04-008,Room C04-008
TB3-C-C04-008-4,TBCV3-C-C04-008,Room C04-008
TB3-C-C04-008-5,TBCV3-C-C04-008,Room C04-008
TB3-C-C04-009-1,TBCV3-C-C04-009,Room C04-009
TB3-C-C04-009-2,TBCV3-C-C04-009,Room C04-009
TB3-C-C04-009-3,TBCV3-C-C04-009,Room C04-009
TB3-C-C04-009-4,TBCV3-C-C04-009,Room C04-009
TB3-C-C04-009-5,TBCV3-C-C04-009,Room C04-009
TB3-C-C04-010-1,TBCV3-C-C04-010,Room C04-010
TB3-C-C04-010-2,TBCV3-C-C04-010,Room C04-010
TB3-C-C04-010-3,TBCV3-C-C04-010,Room C04-010
TB3-C-C04-010-4,TBCV3-C-C04-010,Room C04-010
TB3-C-C04-010-5,TBCV3-C-C04-010,Room C04-010
TB3-C-C04-011-1,TBCV3-C-C04-011,Room C04-011
TB3-C-C04-011-2,TBCV3-C-C04-011,Room C04-011
TB3-C-C04-011-3,TBCV3-C-C04-011,Room C04-011
TB3-C-C04-011-4,TBCV3-C-C04-011,Room C04-011
TB3-C-C04-011-5,TBCV3-C-C04-011,Room C04-011
TB3-C-C04-012-1,TBCV3-C-C04-012,Room C04-012
TB3-C-C04-012-2,TBCV3-C-C04-012,Room C04-012
TB3-C-C04-012-3,TBCV3-C-C04-012,Room C04-012
TB3-C-C04-012-4,TBCV3-C-C04-012,Room C04-012
TB3-C-C04-012-5,TBCV3-C-C04-012,Room C04-012
TB3-C-C04-101-1,TBCV3-C-C04-101,Room C04-101
TB3-C-C04-101-2,TBCV3-C-C04-101,Room C04-101
TB3-C-C04-101-3,TBCV3-C-C04-101,Room C04-101
TB3-C-C04-101-4,TBCV3-C-C04-101,Room C04-101
TB3-C-C04-102-1,TBCV3-C-C04-102,Room C04-102
TB3-C-C04-102-2,TBCV3-C-C04-102,Room C04-102
TB3-C-C04-102-3,TBCV3-C-C04-102,Room C04-102
TB3-C-C04-102-4,TBCV3-C-C04-102,Room C04-102
TB3-C-C04-103-1,TBCV3-C-C04-103,Room C04-103
TB3-C-C04-103-2,TBCV3-C-C04-103,Room C04-103
TB3-C-C04-103-3,TBCV3-C-C04-103,Room C04-103
TB3-C-C04-103-4,TBCV3-C-C04-103,Room C04-103
TB3-C-C04-104-1,TBCV3-C-C04-104,Room C04-104
TB3-C-C04-104-2,TBCV3-C-C04-104,Room C04-104
TB3-C-C04-104-3,TBCV3-C-C04-104,Room C04-104
TB3-C-C04-104-4,TBCV3-C-C04-104,Room C04-104
TB3-C-C04-105-1,TBCV3-C-C04-105,Room C04-105
TB3-C-C04-105-2,TBCV3-C-C04-105,Room C04-105
TB3-C-C04-105-3,TBCV3-C-C04-105,Room C04-105
TB3-C-C04-105-4,TBCV3-C-C04-105,Room C04-105
TB3-C-C04-106-1,TBCV3-C-C04-106,Room C04-106
TB3-C-C04-106-2,TBCV3-C-C04-106,Room C04-106
TB3-C-C04-106-3,TBCV3-C-C04-106,Room C04-106
TB3-C-C04-106-4,TBCV3-C-C04-106,Room C04-106
TB3-C-C04-107-1,TBCV3-C-C04-107,Room C04-107
TB3-C-C04-107-2,TBCV3-C-C04-107,Room C04-107
TB3-C-C04-107-3,TBCV3-C-C04-107,Room C04-107
TB3-C-C04-107-4,TBCV3-C-C04-107,Room C04-107
TB3-C-C04-108-1,TBCV3-C-C04-108,Room C04-108
TB3-C-C04-108-2,TBCV3-C-C04-108,Room C04-108
TB3-C-C04-108-3,TBCV3-C-C04-108,Room C04-108
TB3-C-C04-108-4,TBCV3-C-C04-108,Room C04-108
TB3-C-C04-109-1,TBCV3-C-C04-109,Room C04-109
TB3-C-C04-109-2,TBCV3-C-C04-109,Room C04-109
TB3-C-C04-109-3,TBCV3-C-C04-109,Room C04-109
TB3-C-C04-109-4,TBCV3-C-C04-109,Room C04-109
TB3-C-C04-110-1,TBCV3-C-C04-110,Room C04-110
TB3-C-C04-110-2,TBCV3-C-C04-110,Room C04-110
TB3-C-C04-110-3,TBCV3-C-C04-110,Room C04-110
TB3-C-C04-110-4,TBCV3-C-C04-110,Room C04-110
TB3-C-C04-111-1,TBCV3-C-C04-111,Room C04-111
TB3-C-C04-111-2,TBCV3-C-C04-111,Room C04-111
TB3-C-C04-111-3,TBCV3-C-C04-111,Room C04-111
TB3-C-C04-111-4,TBCV3-C-C04-111,Room C04-111
TB3-C-C04-112-1,TBCV3-C-C04-112,Room C04-112
TB3-C-C04-112-2,TBCV3-C-C04-112,Room C04-112
TB3-C-C04-112-3,TBCV3-C-C04-112,Room C04-112
TB3-C-C04-112-4,TBCV3-C-C04-112,Room C04-112
TB3-C-C05-001-1,TBCV3-C-C05-001,Room C05-001
TB3-C-C05-001-2,TBCV3-C-C05-001,Room C05-001
TB3-C-C05-001-3,TBCV3-C-C05-001,Room C05-001
TB3-C-C05-001-4,TBCV3-C-C05-001,Room C05-001
TB3-C-C05-001-5,TBCV3-C-C05-001,Room C05-001
TB3-C-C05-002-1,TBCV3-C-C05-002,Room C05-002
TB3-C-C05-002-2,TBCV3-C-C05-002,Room C05-002
TB3-C-C05-002-3,TBCV3-C-C05-002,Room C05-002
TB3-C-C05-002-4,TBCV3-C-C05-002,Room C05-002
TB3-C-C05-002-5,TBCV3-C-C05-002,Room C05-002
TB3-C-C05-003-1,TBCV3-C-C05-003,Room C05-003
TB3-C-C05-003-2,TBCV3-C-C05-003,Room C05-003
TB3-C-C05-003-3,TBCV3-C-C05-003,Room C05-003
TB3-C-C05-003-4,TBCV3-C-C05-003,Room C05-003
TB3-C-C05-003-5,TBCV3-C-C05-003,Room C05-003
TB3-C-C05-004-1,TBCV3-C-C05-004,Room C05-004
TB3-C-C05-004-2,TBCV3-C-C05-004,Room C05-004
TB3-C-C05-004-3,TBCV3-C-C05-004,Room C05-004
TB3-C-C05-004-4,TBCV3-C-C05-004,Room C05-004
TB3-C-C05-004-5,TBCV3-C-C05-004,Room C05-004
TB3-C-C05-005-1,TBCV3-C-C05-005,Room C05-005
TB3-C-C05-005-2,TBCV3-C-C05-005,Room C05-005
TB3-C-C05-005-3,TBCV3-C-C05-005,Room C05-005
TB3-C-C05-005-4,TBCV3-C-C05-005,Room C05-005
TB3-C-C05-005-5,TBCV3-C-C05-005,Room C05-005
TB3-C-C05-006-1,TBCV3-C-C05-006,Room C05-006
TB3-C-C05-006-2,TBCV3-C-C05-006,Room C05-006
TB3-C-C05-006-3,TBCV3-C-C05-006,Room C05-006
TB3-C-C05-006-4,TBCV3-C-C05-006,Room C05-006
TB3-C-C05-006-5,TBCV3-C-C05-006,Room C05-006
TB3-C-C05-007-1,TBCV3-C-C05-007,Room C05-007
TB3-C-C05-007-2,TBCV3-C-C05-007,Room C05-007
TB3-C-C05-007-3,TBCV3-C-C05-007,Room C05-007
TB3-C-C05-007-4,TBCV3-C-C05-007,Room C05-007
TB3-C-C05-007-5,TBCV3-C-C05-007,Room C05-007
TB3-C-C05-008-1,TBCV3-C-C05-008,Room C05-008
TB3-C-C05-008-2,TBCV3-C-C05-008,Room C05-008
TB3-C-C05-008-3,TBCV3-C-C05-008,Room C05-008
TB3-C-C05-008-4,TBCV3-C-C05-008,Room C05-008
TB3-C-C05-008-5,TBCV3-C-C05-008,Room C05-008
TB3-C-C05-009-1,TBCV3-C-C05-009,Room C05-009
TB3-C-C05-009-2,TBCV3-C-C05-009,Room C05-009
TB3-C-C05-009-3,TBCV3-C-C05-009,Room C05-009
TB3-C-C05-009-4,TBCV3-C-C05-009,Room C05-009
TB3-C-C05-009-5,TBCV3-C-C05-009,Room C05-009
TB3-C-C05-010-1,TBCV3-C-C05-010,Room C05-010
TB3-C-C05-010-2,TBCV3-C-C05-010,Room C05-010
TB3-C-C05-010-3,TBCV3-C-C05-010,Room C05-010
TB3-C-C05-010-4,TBCV3-C-C05-010,Room C05-010
TB3-C-C05-010-5,TBCV3-C-C05-010,Room C05-010
TB3-C-C05-011-1,TBCV3-C-C05-011,Room C05-011
TB3-C-C05-011-2,TBCV3-C-C05-011,Room C05-011
TB3-C-C05-011-3,TBCV3-C-C05-011,Room C05-011
TB3-C-C05-011-4,TBCV3-C-C05-011,Room C05-011
TB3-C-C05-011-5,TBCV3-C-C05-011,Room C05-011
TB3-C-C05-012-1,TBCV3-C-C05-012,Room C05-012
TB3-C-C05-012-2,TBCV3-C-C05-012,Room C05-012
TB3-C-C05-012-3,TBCV3-C-C05-012,Room C05-012
TB3-C-C05-012-4,TBCV3-C-C05-012,Room C05-012
TB3-C-C05-012-5,TBCV3-C-C05-012,Room C05-012
TB3-C-C05-101-1,TBCV3-C-C05-101,Room C05-101
TB3-C-C05-101-2,TBCV3-C-C05-101,Room C05-101
TB3-C-C05-101-3,TBCV3-C-C05-101,Room C05-101
TB3-C-C05-101-4,TBCV3-C-C05-101,Room C05-101
TB3-C-C05-102-1,TBCV3-C-C05-102,Room C05-102
TB3-C-C05-102-2,TBCV3-C-C05-102,Room C05-102
TB3-C-C05-102-3,TBCV3-C-C05-102,Room C05-102
TB3-C-C05-102-4,TBCV3-C-C05-102,Room C05-102
TB3-C-C05-103-1,TBCV3-C-C05-103,Room C05-103
TB3-C-C05-103-2,TBCV3-C-C05-103,Room C05-103
TB3-C-C05-103-3,TBCV3-C-C05-103,Room C05-103
TB3-C-C05-103-4,TBCV3-C-C05-103,Room C05-103
TB3-C-C05-104-1,TBCV3-C-C05-104,Room C05-104
TB3-C-C05-104-2,TBCV3-C-C05-104,Room C05-104
TB3-C-C05-104-3,TBCV3-C-C05-104,Room C05-104
TB3-C-C05-104-4,TBCV3-C-C05-104,Room C05-104
TB3-C-C05-105-1,TBCV3-C-C05-105,Room C05-105
TB3-C-C05-105-2,TBCV3-C-C05-105,Room C05-105
TB3-C-C05-105-3,TBCV3-C-C05-105,Room C05-105
TB3-C-C05-105-4,TBCV3-C-C05-105,Room C05-105
TB3-C-C05-106-1,TBCV3-C-C05-106,Room C05-106
TB3-C-C05-106-2,TBCV3-C-C05-106,Room C05-106
TB3-C-C05-106-3,TBCV3-C-C05-106,Room C05-106
TB3-C-C05-106-4,TBCV3-C-C05-106,Room C05-106
TB3-C-C05-107-1,TBCV3-C-C05-107,Room C05-107
TB3-C-C05-107-2,TBCV3-C-C05-107,Room C05-107
TB3-C-C05-107-3,TBCV3-C-C05-107,Room C05-107
TB3-C-C05-107-4,TBCV3-C-C05-107,Room C05-107
TB3-C-C05-108-1,TBCV3-C-C05-108,Room C05-108
TB3-C-C05-108-2,TBCV3-C-C05-108,Room C05-108
TB3-C-C05-108-3,TBCV3-C-C05-108,Room C05-108
TB3-C-C05-108-4,TBCV3-C-C05-108,Room C05-108
TB3-C-C05-109-1,TBCV3-C-C05-109,Room C05-109
TB3-C-C05-109-2,TBCV3-C-C05-109,Room C05-109
TB3-C-C05-109-3,TBCV3-C-C05-109,Room C05-109
TB3-C-C05-109-4,TBCV3-C-C05-109,Room C05-109
TB3-C-C05-110-1,TBCV3-C-C05-110,Room C05-110
TB3-C-C05-110-2,TBCV3-C-C05-110,Room C05-110
TB3-C-C05-110-3,TBCV3-C-C05-110,Room C05-110
TB3-C-C05-110-4,TBCV3-C-C05-110,Room C05-110
TB3-C-C05-111-1,TBCV3-C-C05-111,Room C05-111
TB3-C-C05-111-2,TBCV3-C-C05-111,Room C05-111
TB3-C-C05-111-3,TBCV3-C-C05-111,Room C05-111
TB3-C-C05-111-4,TBCV3-C-C05-111,Room C05-111
TB3-C-C05-112-1,TBCV3-C-C05-112,Room C05-112
TB3-C-C05-112-2,TBCV3-C-C05-112,Room C05-112
TB3-C-C05-112-3,TBCV3-C-C05-112,Room C05-112
TB3-C-C05-112-4,TBCV3-C-C05-112,Room C05-112
TB3-C-C06-001-1,TBCV3-C-C06-001,Room C06-001
TB3-C-C06-001-2,TBCV3-C-C06-001,Room C06-001
TB3-C-C06-001-3,TBCV3-C-C06-001,Room C06-001
TB3-C-C06-001-4,TBCV3-C-C06-001,Room C06-001
TB3-C-C06-001-5,TBCV3-C-C06-001,Room C06-001
TB3-C-C06-002-1,TBCV3-C-C06-002,Room C06-002
TB3-C-C06-002-2,TBCV3-C-C06-002,Room C06-002
TB3-C-C06-002-3,TBCV3-C-C06-002,Room C06-002
TB3-C-C06-002-4,TBCV3-C-C06-002,Room C06-002
TB3-C-C06-002-5,TBCV3-C-C06-002,Room C06-002
TB3-C-C06-003-1,TBCV3-C-C06-003,Room C06-003
TB3-C-C06-003-2,TBCV3-C-C06-003,Room C06-003
TB3-C-C06-003-3,TBCV3-C-C06-003,Room C06-003
TB3-C-C06-003-4,TBCV3-C-C06-003,Room C06-003
TB3-C-C06-003-5,TBCV3-C-C06-003,Room C06-003
TB3-C-C06-004-1,TBCV3-C-C06-004,Room C06-004
TB3-C-C06-004-2,TBCV3-C-C06-004,Room C06-004
TB3-C-C06-004-3,TBCV3-C-C06-004,Room C06-004
TB3-C-C06-004-4,TBCV3-C-C06-004,Room C06-004
TB3-C-C06-004-5,TBCV3-C-C06-004,Room C06-004
TB3-C-C06-005-1,TBCV3-C-C06-005,Room C06-005
TB3-C-C06-005-2,TBCV3-C-C06-005,Room C06-005
TB3-C-C06-005-3,TBCV3-C-C06-005,Room C06-005
TB3-C-C06-005-4,TBCV3-C-C06-005,Room C06-005
TB3-C-C06-005-5,TBCV3-C-C06-005,Room C06-005
TB3-C-C06-006-1,TBCV3-C-C06-006,Room C06-006
TB3-C-C06-006-2,TBCV3-C-C06-006,Room C06-006
TB3-C-C06-006-3,TBCV3-C-C06-006,Room C06-006
TB3-C-C06-006-4,TBCV3-C-C06-006,Room C06-006
TB3-C-C06-006-5,TBCV3-C-C06-006,Room C06-006
TB3-C-C06-007-1,TBCV3-C-C06-007,Room C06-007
TB3-C-C06-007-2,TBCV3-C-C06-007,Room C06-007
TB3-C-C06-007-3,TBCV3-C-C06-007,Room C06-007
TB3-C-C06-007-4,TBCV3-C-C06-007,Room C06-007
TB3-C-C06-007-5,TBCV3-C-C06-007,Room C06-007
TB3-C-C06-008-1,TBCV3-C-C06-008,Room C06-008
TB3-C-C06-008-2,TBCV3-C-C06-008,Room C06-008
TB3-C-C06-008-3,TBCV3-C-C06-008,Room C06-008
TB3-C-C06-008-4,TBCV3-C-C06-008,Room C06-008
TB3-C-C06-008-5,TBCV3-C-C06-008,Room C06-008
TB3-C-C06-009-1,TBCV3-C-C06-009,Room C06-009
TB3-C-C06-009-2,TBCV3-C-C06-009,Room C06-009
TB3-C-C06-009-3,TBCV3-C-C06-009,Room C06-009
TB3-C-C06-009-4,TBCV3-C-C06-009,Room C06-009
TB3-C-C06-009-5,TBCV3-C-C06-009,Room C06-009
TB3-C-C06-010-1,TBCV3-C-C06-010,Room C06-010
TB3-C-C06-010-2,TBCV3-C-C06-010,Room C06-010
TB3-C-C06-010-3,TBCV3-C-C06-010,Room C06-010
TB3-C-C06-010-4,TBCV3-C-C06-010,Room C06-010
TB3-C-C06-010-5,TBCV3-C-C06-010,Room C06-010
TB3-C-C06-011-1,TBCV3-C-C06-011,Room C06-011
TB3-C-C06-011-2,TBCV3-C-C06-011,Room C06-011
TB3-C-C06-011-3,TBCV3-C-C06-011,Room C06-011
TB3-C-C06-011-4,TBCV3-C-C06-011,Room C06-011
TB3-C-C06-011-5,TBCV3-C-C06-011,Room C06-011
TB3-C-C06-012-1,TBCV3-C-C06-012,Room C06-012
TB3-C-C06-012-2,TBCV3-C-C06-012,Room C06-012
TB3-C-C06-012-3,TBCV3-C-C06-012,Room C06-012
TB3-C-C06-012-4,TBCV3-C-C06-012,Room C06-012
TB3-C-C06-012-5,TBCV3-C-C06-012,Room C06-012
TB3-C-C06-101-1,TBCV3-C-C06-101,Room C06-101
TB3-C-C06-101-2,TBCV3-C-C06-101,Room C06-101
TB3-C-C06-101-3,TBCV3-C-C06-101,Room C06-101
TB3-C-C06-101-4,TBCV3-C-C06-101,Room C06-101
TB3-C-C06-102-1,TBCV3-C-C06-102,Room C06-102
TB3-C-C06-102-2,TBCV3-C-C06-102,Room C06-102
TB3-C-C06-102-3,TBCV3-C-C06-102,Room C06-102
TB3-C-C06-102-4,TBCV3-C-C06-102,Room C06-102
TB3-C-C06-103-1,TBCV3-C-C06-103,Room C06-103
TB3-C-C06-103-2,TBCV3-C-C06-103,Room C06-103
TB3-C-C06-103-3,TBCV3-C-C06-103,Room C06-103
TB3-C-C06-103-4,TBCV3-C-C06-103,Room C06-103
TB3-C-C06-104-1,TBCV3-C-C06-104,Room C06-104
TB3-C-C06-104-2,TBCV3-C-C06-104,Room C06-104
TB3-C-C06-104-3,TBCV3-C-C06-104,Room C06-104
TB3-C-C06-104-4,TBCV3-C-C06-104,Room C06-104
TB3-C-C06-105-1,TBCV3-C-C06-105,Room C06-105
TB3-C-C06-105-2,TBCV3-C-C06-105,Room C06-105
TB3-C-C06-105-3,TBCV3-C-C06-105,Room C06-105
TB3-C-C06-105-4,TBCV3-C-C06-105,Room C06-105
TB3-C-C06-106-1,TBCV3-C-C06-106,Room C06-106
TB3-C-C06-106-2,TBCV3-C-C06-106,Room C06-106
TB3-C-C06-106-3,TBCV3-C-C06-106,Room C06-106
TB3-C-C06-106-4,TBCV3-C-C06-106,Room C06-106
TB3-C-C06-107-1,TBCV3-C-C06-107,Room C06-107
TB3-C-C06-107-2,TBCV3-C-C06-107,Room C06-107
TB3-C-C06-107-3,TBCV3-C-C06-107,Room C06-107
TB3-C-C06-107-4,TBCV3-C-C06-107,Room C06-107
TB3-C-C06-108-1,TBCV3-C-C06-108,Room C06-108
TB3-C-C06-108-2,TBCV3-C-C06-108,Room C06-108
TB3-C-C06-108-3,TBCV3-C-C06-108,Room C06-108
TB3-C-C06-108-4,TBCV3-C-C06-108,Room C06-108
TB3-C-C06-109-1,TBCV3-C-C06-109,Room C06-109
TB3-C-C06-109-2,TBCV3-C-C06-109,Room C06-109
TB3-C-C06-109-3,TBCV3-C-C06-109,Room C06-109
TB3-C-C06-109-4,TBCV3-C-C06-109,Room C06-109
TB3-C-C06-110-1,TBCV3-C-C06-110,Room C06-110
TB3-C-C06-110-2,TBCV3-C-C06-110,Room C06-110
TB3-C-C06-110-3,TBCV3-C-C06-110,Room C06-110
TB3-C-C06-110-4,TBCV3-C-C06-110,Room C06-110
TB3-C-C06-111-1,TBCV3-C-C06-111,Room C06-111
TB3-C-C06-111-2,TBCV3-C-C06-111,Room C06-111
TB3-C-C06-111-3,TBCV3-C-C06-111,Room C06-111
TB3-C-C06-111-4,TBCV3-C-C06-111,Room C06-111
TB3-C-C06-112-1,TBCV3-C-C06-112,Room C06-112
TB3-C-C06-112-2,TBCV3-C-C06-112,Room C06-112
TB3-C-C06-112-3,TBCV3-C-C06-112,Room C06-112
TB3-C-C06-112-4,TBCV3-C-C06-112,Room C06-112
TB3-C-C07-001-1,TBCV3-C-C07-001,Room C07-001
TB3-C-C07-001-2,TBCV3-C-C07-001,Room C07-001
TB3-C-C07-001-3,TBCV3-C-C07-001,Room C07-001
TB3-C-C07-001-4,TBCV3-C-C07-001,Room C07-001
TB3-C-C07-001-5,TBCV3-C-C07-001,Room C07-001
TB3-C-C07-002-1,TBCV3-C-C07-002,Room C07-002
TB3-C-C07-002-2,TBCV3-C-C07-002,Room C07-002
TB3-C-C07-002-3,TBCV3-C-C07-002,Room C07-002
TB3-C-C07-002-4,TBCV3-C-C07-002,Room C07-002
TB3-C-C07-002-5,TBCV3-C-C07-002,Room C07-002
TB3-C-C07-003-1,TBCV3-C-C07-003,Room C07-003
TB3-C-C07-003-2,TBCV3-C-C07-003,Room C07-003
TB3-C-C07-003-3,TBCV3-C-C07-003,Room C07-003
TB3-C-C07-003-4,TBCV3-C-C07-003,Room C07-003
TB3-C-C07-003-5,TBCV3-C-C07-003,Room C07-003
TB3-C-C07-004-1,TBCV3-C-C07-004,Room C07-004
TB3-C-C07-004-2,TBCV3-C-C07-004,Room C07-004
TB3-C-C07-004-3,TBCV3-C-C07-004,Room C07-004
TB3-C-C07-004-4,TBCV3-C-C07-004,Room C07-004
TB3-C-C07-004-5,TBCV3-C-C07-004,Room C07-004
TB3-C-C07-005-1,TBCV3-C-C07-005,Room C07-005
TB3-C-C07-005-2,TBCV3-C-C07-005,Room C07-005
TB3-C-C07-005-3,TBCV3-C-C07-005,Room C07-005
TB3-C-C07-005-4,TBCV3-C-C07-005,Room C07-005
TB3-C-C07-005-5,TBCV3-C-C07-005,Room C07-005
TB3-C-C07-006-1,TBCV3-C-C07-006,Room C07-006
TB3-C-C07-006-2,TBCV3-C-C07-006,Room C07-006
TB3-C-C07-006-3,TBCV3-C-C07-006,Room C07-006
TB3-C-C07-006-4,TBCV3-C-C07-006,Room C07-006
TB3-C-C07-006-5,TBCV3-C-C07-006,Room C07-006
TB3-C-C07-007-1,TBCV3-C-C07-007,Room C07-007
TB3-C-C07-007-2,TBCV3-C-C07-007,Room C07-007
TB3-C-C07-007-3,TBCV3-C-C07-007,Room C07-007
TB3-C-C07-007-4,TBCV3-C-C07-007,Room C07-007
TB3-C-C07-007-5,TBCV3-C-C07-007,Room C07-007
TB3-C-C07-008-1,TBCV3-C-C07-008,Room C07-008
TB3-C-C07-008-2,TBCV3-C-C07-008,Room C07-008
TB3-C-C07-008-3,TBCV3-C-C07-008,Room C07-008
TB3-C-C07-008-4,TBCV3-C-C07-008,Room C07-008
TB3-C-C07-008-5,TBCV3-C-C07-008,Room C07-008
TB3-C-C07-009-1,TBCV3-C-C07-009,Room C07-009
TB3-C-C07-009-2,TBCV3-C-C07-009,Room C07-009
TB3-C-C07-009-3,TBCV3-C-C07-009,Room C07-009
TB3-C-C07-009-4,TBCV3-C-C07-009,Room C07-009
TB3-C-C07-009-5,TBCV3-C-C07-009,Room C07-009
TB3-C-C07-010-1,TBCV3-C-C07-010,Room C07-010
TB3-C-C07-010-2,TBCV3-C-C07-010,Room C07-010
TB3-C-C07-010-3,TBCV3-C-C07-010,Room C07-010
TB3-C-C07-010-4,TBCV3-C-C07-010,Room C07-010
TB3-C-C07-010-5,TBCV3-C-C07-010,Room C07-010
TB3-C-C07-011-1,TBCV3-C-C07-011,Room C07-011
TB3-C-C07-011-2,TBCV3-C-C07-011,Room C07-011
TB3-C-C07-011-3,TBCV3-C-C07-011,Room C07-011
TB3-C-C07-011-4,TBCV3-C-C07-011,Room C07-011
TB3-C-C07-011-5,TBCV3-C-C07-011,Room C07-011
TB3-C-C07-012-1,TBCV3-C-C07-012,Room C07-012
TB3-C-C07-012-2,TBCV3-C-C07-012,Room C07-012
TB3-C-C07-012-3,TBCV3-C-C07-012,Room C07-012
TB3-C-C07-012-4,TBCV3-C-C07-012,Room C07-012
TB3-C-C07-012-5,TBCV3-C-C07-012,Room C07-012
TB3-C-C07-101-1,TBCV3-C-C07-101,Room C07-101
TB3-C-C07-101-2,TBCV3-C-C07-101,Room C07-101
TB3-C-C07-101-3,TBCV3-C-C07-101,Room C07-101
TB3-C-C07-101-4,TBCV3-C-C07-101,Room C07-101
TB3-C-C07-102-1,TBCV3-C-C07-102,Room C07-102
TB3-C-C07-102-2,TBCV3-C-C07-102,Room C07-102
TB3-C-C07-102-3,TBCV3-C-C07-102,Room C07-102
TB3-C-C07-102-4,TBCV3-C-C07-102,Room C07-102
TB3-C-C07-103-1,TBCV3-C-C07-103,Room C07-103
TB3-C-C07-103-2,TBCV3-C-C07-103,Room C07-103
TB3-C-C07-103-3,TBCV3-C-C07-103,Room C07-103
TB3-C-C07-103-4,TBCV3-C-C07-103,Room C07-103
TB3-C-C07-104-1,TBCV3-C-C07-104,Room C07-104
TB3-C-C07-104-2,TBCV3-C-C07-104,Room C07-104
TB3-C-C07-104-3,TBCV3-C-C07-104,Room C07-104
TB3-C-C07-104-4,TBCV3-C-C07-104,Room C07-104
TB3-C-C07-105-1,TBCV3-C-C07-105,Room C07-105
TB3-C-C07-105-2,TBCV3-C-C07-105,Room C07-105
TB3-C-C07-105-3,TBCV3-C-C07-105,Room C07-105
TB3-C-C07-105-4,TBCV3-C-C07-105,Room C07-105
TB3-C-C07-106-1,TBCV3-C-C07-106,Room C07-106
TB3-C-C07-106-2,TBCV3-C-C07-106,Room C07-106
TB3-C-C07-106-3,TBCV3-C-C07-106,Room C07-106
TB3-C-C07-106-4,TBCV3-C-C07-106,Room C07-106
TB3-C-C07-107-1,TBCV3-C-C07-107,Room C07-107
TB3-C-C07-107-2,TBCV3-C-C07-107,Room C07-107
TB3-C-C07-107-3,TBCV3-C-C07-107,Room C07-107
TB3-C-C07-107-4,TBCV3-C-C07-107,Room C07-107
TB3-C-C07-108-1,TBCV3-C-C07-108,Room C07-108
TB3-C-C07-108-2,TBCV3-C-C07-108,Room C07-108
TB3-C-C07-108-3,TBCV3-C-C07-108,Room C07-108
TB3-C-C07-108-4,TBCV3-C-C07-108,Room C07-108
TB3-C-C07-109-1,TBCV3-C-C07-109,Room C07-109
TB3-C-C07-109-2,TBCV3-C-C07-109,Room C07-109
TB3-C-C07-109-3,TBCV3-C-C07-109,Room C07-109
TB3-C-C07-109-4,TBCV3-C-C07-109,Room C07-109
TB3-C-C07-110-1,TBCV3-C-C07-110,Room C07-110
TB3-C-C07-110-2,TBCV3-C-C07-110,Room C07-110
TB3-C-C07-110-3,TBCV3-C-C07-110,Room C07-110
TB3-C-C07-110-4,TBCV3-C-C07-110,Room C07-110
TB3-C-C07-111-1,TBCV3-C-C07-111,Room C07-111
TB3-C-C07-111-2,TBCV3-C-C07-111,Room C07-111
TB3-C-C07-111-3,TBCV3-C-C07-111,Room C07-111
TB3-C-C07-111-4,TBCV3-C-C07-111,Room C07-111
TB3-C-C07-112-1,TBCV3-C-C07-112,Room C07-112
TB3-C-C07-112-2,TBCV3-C-C07-112,Room C07-112
TB3-C-C07-112-3,TBCV3-C-C07-112,Room C07-112
TB3-C-C07-112-4,TBCV3-C-C07-112,Room C07-112
TB3-C-C08-001-1,TBCV3-C-C08-001,Room C08-001
TB3-C-C08-001-2,TBCV3-C-C08-001,Room C08-001
TB3-C-C08-001-3,TBCV3-C-C08-001,Room C08-001
TB3-C-C08-001-4,TBCV3-C-C08-001,Room C08-001
TB3-C-C08-001-5,TBCV3-C-C08-001,Room C08-001
TB3-C-C08-002-1,TBCV3-C-C08-002,Room C08-002
TB3-C-C08-002-2,TBCV3-C-C08-002,Room C08-002
TB3-C-C08-002-3,TBCV3-C-C08-002,Room C08-002
TB3-C-C08-002-4,TBCV3-C-C08-002,Room C08-002
TB3-C-C08-002-5,TBCV3-C-C08-002,Room C08-002
TB3-C-C08-003-1,TBCV3-C-C08-003,Room C08-003
TB3-C-C08-003-2,TBCV3-C-C08-003,Room C08-003
TB3-C-C08-003-3,TBCV3-C-C08-003,Room C08-003
TB3-C-C08-003-4,TBCV3-C-C08-003,Room C08-003
TB3-C-C08-003-5,TBCV3-C-C08-003,Room C08-003
TB3-C-C08-004-1,TBCV3-C-C08-004,Room C08-004
TB3-C-C08-004-2,TBCV3-C-C08-004,Room C08-004
TB3-C-C08-004-3,TBCV3-C-C08-004,Room C08-004
TB3-C-C08-004-4,TBCV3-C-C08-004,Room C08-004
TB3-C-C08-004-5,TBCV3-C-C08-004,Room C08-004
TB3-C-C08-005-1,TBCV3-C-C08-005,Room C08-005
TB3-C-C08-005-2,TBCV3-C-C08-005,Room C08-005
TB3-C-C08-005-3,TBCV3-C-C08-005,Room C08-005
TB3-C-C08-005-4,TBCV3-C-C08-005,Room C08-005
TB3-C-C08-005-5,TBCV3-C-C08-005,Room C08-005
TB3-C-C08-006-1,TBCV3-C-C08-006,Room C08-006
TB3-C-C08-006-2,TBCV3-C-C08-006,Room C08-006
TB3-C-C08-006-3,TBCV3-C-C08-006,Room C08-006
TB3-C-C08-006-4,TBCV3-C-C08-006,Room C08-006
TB3-C-C08-006-5,TBCV3-C-C08-006,Room C08-006
TB3-C-C08-007-1,TBCV3-C-C08-007,Room C08-007
TB3-C-C08-007-2,TBCV3-C-C08-007,Room C08-007
TB3-C-C08-007-3,TBCV3-C-C08-007,Room C08-007
TB3-C-C08-007-4,TBCV3-C-C08-007,Room C08-007
TB3-C-C08-007-5,TBCV3-C-C08-007,Room C08-007
TB3-C-C08-008-1,TBCV3-C-C08-008,Room C08-008
TB3-C-C08-008-2,TBCV3-C-C08-008,Room C08-008
TB3-C-C08-008-3,TBCV3-C-C08-008,Room C08-008
TB3-C-C08-008-4,TBCV3-C-C08-008,Room C08-008
TB3-C-C08-008-5,TBCV3-C-C08-008,Room C08-008
TB3-C-C08-009-1,TBCV3-C-C08-009,Room C08-009
TB3-C-C08-009-2,TBCV3-C-C08-009,Room C08-009
TB3-C-C08-009-3,TBCV3-C-C08-009,Room C08-009
TB3-C-C08-009-4,TBCV3-C-C08-009,Room C08-009
TB3-C-C08-009-5,TBCV3-C-C08-009,Room C08-009
TB3-C-C08-010-1,TBCV3-C-C08-010,Room C08-010
TB3-C-C08-010-2,TBCV3-C-C08-010,Room C08-010
TB3-C-C08-010-3,TBCV3-C-C08-010,Room C08-010
TB3-C-C08-010-4,TBCV3-C-C08-010,Room C08-010
TB3-C-C08-010-5,TBCV3-C-C08-010,Room C08-010
TB3-C-C08-011-1,TBCV3-C-C08-011,Room C08-011
TB3-C-C08-011-2,TBCV3-C-C08-011,Room C08-011
TB3-C-C08-011-3,TBCV3-C-C08-011,Room C08-011
TB3-C-C08-011-4,TBCV3-C-C08-011,Room C08-011
TB3-C-C08-011-5,TBCV3-C-C08-011,Room C08-011
TB3-C-C08-012-1,TBCV3-C-C08-012,Room C08-012
TB3-C-C08-012-2,TBCV3-C-C08-012,Room C08-012
TB3-C-C08-012-3,TBCV3-C-C08-012,Room C08-012
TB3-C-C08-012-4,TBCV3-C-C08-012,Room C08-012
TB3-C-C08-012-5,TBCV3-C-C08-012,Room C08-012
TB3-C-C08-101-1,TBCV3-C-C08-101,Room C08-101
TB3-C-C08-101-2,TBCV3-C-C08-101,Room C08-101
TB3-C-C08-101-3,TBCV3-C-C08-101,Room C08-101
TB3-C-C08-101-4,TBCV3-C-C08-101,Room C08-101
TB3-C-C08-102-1,TBCV3-C-C08-102,Room C08-102
TB3-C-C08-102-2,TBCV3-C-C08-102,Room C08-102
TB3-C-C08-102-3,TBCV3-C-C08-102,Room C08-102
TB3-C-C08-102-4,TBCV3-C-C08-102,Room C08-102
TB3-C-C08-103-1,TBCV3-C-C08-103,Room C08-103
TB3-C-C08-103-2,TBCV3-C-C08-103,Room C08-103
TB3-C-C08-103-3,TBCV3-C-C08-103,Room C08-103
TB3-C-C08-103-4,TBCV3-C-C08-103,Room C08-103
TB3-C-C08-104-1,TBCV3-C-C08-104,Room C08-104
TB3-C-C08-104-2,TBCV3-C-C08-104,Room C08-104
TB3-C-C08-104-3,TBCV3-C-C08-104,Room C08-104
TB3-C-C08-104-4,TBCV3-C-C08-104,Room C08-104
TB3-C-C08-105-1,TBCV3-C-C08-105,Room C08-105
TB3-C-C08-105-2,TBCV3-C-C08-105,Room C08-105
TB3-C-C08-105-3,TBCV3-C-C08-105,Room C08-105
TB3-C-C08-105-4,TBCV3-C-C08-105,Room C08-105
TB3-C-C08-106-1,TBCV3-C-C08-106,Room C08-106
TB3-C-C08-106-2,TBCV3-C-C08-106,Room C08-106
TB3-C-C08-106-3,TBCV3-C-C08-106,Room C08-106
TB3-C-C08-106-4,TBCV3-C-C08-106,Room C08-106
TB3-C-C08-107-1,TBCV3-C-C08-107,Room C08-107
TB3-C-C08-107-2,TBCV3-C-C08-107,Room C08-107
TB3-C-C08-107-3,TBCV3-C-C08-107,Room C08-107
TB3-C-C08-107-4,TBCV3-C-C08-107,Room C08-107
TB3-C-C08-108-1,TBCV3-C-C08-108,Room C08-108
TB3-C-C08-108-2,TBCV3-C-C08-108,Room C08-108
TB3-C-C08-108-3,TBCV3-C-C08-108,Room C08-108
TB3-C-C08-108-4,TBCV3-C-C08-108,Room C08-108
TB3-C-C08-109-1,TBCV3-C-C08-109,Room C08-109
TB3-C-C08-109-2,TBCV3-C-C08-109,Room C08-109
TB3-C-C08-109-3,TBCV3-C-C08-109,Room C08-109
TB3-C-C08-109-4,TBCV3-C-C08-109,Room C08-109
TB3-C-C08-110-1,TBCV3-C-C08-110,Room C08-110
TB3-C-C08-110-2,TBCV3-C-C08-110,Room C08-110
TB3-C-C08-110-3,TBCV3-C-C08-110,Room C08-110
TB3-C-C08-110-4,TBCV3-C-C08-110,Room C08-110
TB3-C-C08-111-1,TBCV3-C-C08-111,Room C08-111
TB3-C-C08-111-2,TBCV3-C-C08-111,Room C08-111
TB3-C-C08-111-3,TBCV3-C-C08-111,Room C08-111
TB3-C-C08-111-4,TBCV3-C-C08-111,Room C08-111
TB3-C-C08-112-1,TBCV3-C-C08-112,Room C08-112
TB3-C-C08-112-2,TBCV3-C-C08-112,Room C08-112
TB3-C-C08-112-3,TBCV3-C-C08-112,Room C08-112
TB3-C-C08-112-4,TBCV3-C-C08-112,Room C08-112
TB3-C-C09-001-1,TBCV3-C-C09-001,Room C09-001
TB3-C-C09-001-2,TBCV3-C-C09-001,Room C09-001
TB3-C-C09-001-3,TBCV3-C-C09-001,Room C09-001
TB3-C-C09-001-4,TBCV3-C-C09-001,Room C09-001
TB3-C-C09-001-5,TBCV3-C-C09-001,Room C09-001
TB3-C-C09-002-1,TBCV3-C-C09-002,Room C09-002
TB3-C-C09-002-2,TBCV3-C-C09-002,Room C09-002
TB3-C-C09-002-3,TBCV3-C-C09-002,Room C09-002
TB3-C-C09-002-4,TBCV3-C-C09-002,Room C09-002
TB3-C-C09-002-5,TBCV3-C-C09-002,Room C09-002
TB3-C-C09-003-1,TBCV3-C-C09-003,Room C09-003
TB3-C-C09-003-2,TBCV3-C-C09-003,Room C09-003
TB3-C-C09-003-3,TBCV3-C-C09-003,Room C09-003
TB3-C-C09-003-4,TBCV3-C-C09-003,Room C09-003
TB3-C-C09-003-5,TBCV3-C-C09-003,Room C09-003
TB3-C-C09-004-1,TBCV3-C-C09-004,Room C09-004
TB3-C-C09-004-2,TBCV3-C-C09-004,Room C09-004
TB3-C-C09-004-3,TBCV3-C-C09-004,Room C09-004
TB3-C-C09-004-4,TBCV3-C-C09-004,Room C09-004
TB3-C-C09-004-5,TBCV3-C-C09-004,Room C09-004
TB3-C-C09-005-1,TBCV3-C-C09-005,Room C09-005
TB3-C-C09-005-2,TBCV3-C-C09-005,Room C09-005
TB3-C-C09-005-3,TBCV3-C-C09-005,Room C09-005
TB3-C-C09-005-4,TBCV3-C-C09-005,Room C09-005
TB3-C-C09-005-5,TBCV3-C-C09-005,Room C09-005
TB3-C-C09-006-1,TBCV3-C-C09-006,Room C09-006
TB3-C-C09-006-2,TBCV3-C-C09-006,Room C09-006
TB3-C-C09-006-3,TBCV3-C-C09-006,Room C09-006
TB3-C-C09-006-4,TBCV3-C-C09-006,Room C09-006
TB3-C-C09-006-5,TBCV3-C-C09-006,Room C09-006
TB3-C-C09-007-1,TBCV3-C-C09-007,Room C09-007
TB3-C-C09-007-2,TBCV3-C-C09-007,Room C09-007
TB3-C-C09-007-3,TBCV3-C-C09-007,Room C09-007
TB3-C-C09-007-4,TBCV3-C-C09-007,Room C09-007
TB3-C-C09-007-5,TBCV3-C-C09-007,Room C09-007
TB3-C-C09-008-1,TBCV3-C-C09-008,Room C09-008
TB3-C-C09-008-2,TBCV3-C-C09-008,Room C09-008
TB3-C-C09-008-3,TBCV3-C-C09-008,Room C09-008
TB3-C-C09-008-4,TBCV3-C-C09-008,Room C09-008
TB3-C-C09-008-5,TBCV3-C-C09-008,Room C09-008
TB3-C-C09-009-1,TBCV3-C-C09-009,Room C09-009
TB3-C-C09-009-2,TBCV3-C-C09-009,Room C09-009
TB3-C-C09-009-3,TBCV3-C-C09-009,Room C09-009
TB3-C-C09-009-4,TBCV3-C-C09-009,Room C09-009
TB3-C-C09-009-5,TBCV3-C-C09-009,Room C09-009
TB3-C-C09-010-1,TBCV3-C-C09-010,Room C09-010
TB3-C-C09-010-2,TBCV3-C-C09-010,Room C09-010
TB3-C-C09-010-3,TBCV3-C-C09-010,Room C09-010
TB3-C-C09-010-4,TBCV3-C-C09-010,Room C09-010
TB3-C-C09-010-5,TBCV3-C-C09-010,Room C09-010
TB3-C-C09-011-1,TBCV3-C-C09-011,Room C09-011
TB3-C-C09-011-2,TBCV3-C-C09-011,Room C09-011
TB3-C-C09-011-3,TBCV3-C-C09-011,Room C09-011
TB3-C-C09-011-4,TBCV3-C-C09-011,Room C09-011
TB3-C-C09-011-5,TBCV3-C-C09-011,Room C09-011
TB3-C-C09-012-1,TBCV3-C-C09-012,Room C09-012
TB3-C-C09-012-2,TBCV3-C-C09-012,Room C09-012
TB3-C-C09-012-3,TBCV3-C-C09-012,Room C09-012
TB3-C-C09-012-4,TBCV3-C-C09-012,Room C09-012
TB3-C-C09-012-5,TBCV3-C-C09-012,Room C09-012
TB3-C-C09-101-1,TBCV3-C-C09-101,Room C09-101
TB3-C-C09-101-2,TBCV3-C-C09-101,Room C09-101
TB3-C-C09-101-3,TBCV3-C-C09-101,Room C09-101
TB3-C-C09-101-4,TBCV3-C-C09-101,Room C09-101
TB3-C-C09-102-1,TBCV3-C-C09-102,Room C09-102
TB3-C-C09-102-2,TBCV3-C-C09-102,Room C09-102
TB3-C-C09-102-3,TBCV3-C-C09-102,Room C09-102
TB3-C-C09-102-4,TBCV3-C-C09-102,Room C09-102
TB3-C-C09-103-1,TBCV3-C-C09-103,Room C09-103
TB3-C-C09-103-2,TBCV3-C-C09-103,Room C09-103
TB3-C-C09-103-3,TBCV3-C-C09-103,Room C09-103
TB3-C-C09-103-4,TBCV3-C-C09-103,Room C09-103
TB3-C-C09-104-1,TBCV3-C-C09-104,Room C09-104
TB3-C-C09-104-2,TBCV3-C-C09-104,Room C09-104
TB3-C-C09-104-3,TBCV3-C-C09-104,Room C09-104
TB3-C-C09-104-4,TBCV3-C-C09-104,Room C09-104
TB3-C-C09-105-1,TBCV3-C-C09-105,Room C09-105
TB3-C-C09-105-2,TBCV3-C-C09-105,Room C09-105
TB3-C-C09-105-3,TBCV3-C-C09-105,Room C09-105
TB3-C-C09-105-4,TBCV3-C-C09-105,Room C09-105
TB3-C-C09-106-1,TBCV3-C-C09-106,Room C09-106
TB3-C-C09-106-2,TBCV3-C-C09-106,Room C09-106
TB3-C-C09-106-3,TBCV3-C-C09-106,Room C09-106
TB3-C-C09-106-4,TBCV3-C-C09-106,Room C09-106
TB3-C-C09-107-1,TBCV3-C-C09-107,Room C09-107
TB3-C-C09-107-2,TBCV3-C-C09-107,Room C09-107
TB3-C-C09-107-3,TBCV3-C-C09-107,Room C09-107
TB3-C-C09-107-4,TBCV3-C-C09-107,Room C09-107
TB3-C-C09-108-1,TBCV3-C-C09-108,Room C09-108
TB3-C-C09-108-2,TBCV3-C-C09-108,Room C09-108
TB3-C-C09-108-3,TBCV3-C-C09-108,Room C09-108
TB3-C-C09-108-4,TBCV3-C-C09-108,Room C09-108
TB3-C-C09-109-1,TBCV3-C-C09-109,Room C09-109
TB3-C-C09-109-2,TBCV3-C-C09-109,Room C09-109
TB3-C-C09-109-3,TBCV3-C-C09-109,Room C09-109
TB3-C-C09-109-4,TBCV3-C-C09-109,Room C09-109
TB3-C-C09-110-1,TBCV3-C-C09-110,Room C09-110
TB3-C-C09-110-2,TBCV3-C-C09-110,Room C09-110
TB3-C-C09-110-3,TBCV3-C-C09-110,Room C09-110
TB3-C-C09-110-4,TBCV3-C-C09-110,Room C09-110
TB3-C-C09-111-1,TBCV3-C-C09-111,Room C09-111
TB3-C-C09-111-2,TBCV3-C-C09-111,Room C09-111
TB3-C-C09-111-3,TBCV3-C-C09-111,Room C09-111
TB3-C-C09-111-4,TBCV3-C-C09-111,Room C09-111
TB3-C-C09-112-1,TBCV3-C-C09-112,Room C09-112
TB3-C-C09-112-2,TBCV3-C-C09-112,Room C09-112
TB3-C-C09-112-3,TBCV3-C-C09-112,Room C09-112
TB3-C-C09-112-4,TBCV3-C-C09-112,Room C09-112
TB3-C-C10-001-1,TBCV3-C-C10-001,Room C10-001
TB3-C-C10-001-2,TBCV3-C-C10-001,Room C10-001
TB3-C-C10-001-3,TBCV3-C-C10-001,Room C10-001
TB3-C-C10-001-4,TBCV3-C-C10-001,Room C10-001
TB3-C-C10-001-5,TBCV3-C-C10-001,Room C10-001
TB3-C-C10-002-1,TBCV3-C-C10-002,Room C10-002
TB3-C-C10-002-2,TBCV3-C-C10-002,Room C10-002
TB3-C-C10-002-3,TBCV3-C-C10-002,Room C10-002
TB3-C-C10-002-4,TBCV3-C-C10-002,Room C10-002
TB3-C-C10-002-5,TBCV3-C-C10-002,Room C10-002
TB3-C-C10-003-1,TBCV3-C-C10-003,Room C10-003
TB3-C-C10-003-2,TBCV3-C-C10-003,Room C10-003
TB3-C-C10-003-3,TBCV3-C-C10-003,Room C10-003
TB3-C-C10-003-4,TBCV3-C-C10-003,Room C10-003
TB3-C-C10-003-5,TBCV3-C-C10-003,Room C10-003
TB3-C-C10-004-1,TBCV3-C-C10-004,Room C10-004
TB3-C-C10-004-2,TBCV3-C-C10-004,Room C10-004
TB3-C-C10-004-3,TBCV3-C-C10-004,Room C10-004
TB3-C-C10-004-4,TBCV3-C-C10-004,Room C10-004
TB3-C-C10-004-5,TBCV3-C-C10-004,Room C10-004
TB3-C-C10-005-1,TBCV3-C-C10-005,Room C10-005
TB3-C-C10-005-2,TBCV3-C-C10-005,Room C10-005
TB3-C-C10-005-3,TBCV3-C-C10-005,Room C10-005
TB3-C-C10-005-4,TBCV3-C-C10-005,Room C10-005
TB3-C-C10-005-5,TBCV3-C-C10-005,Room C10-005
TB3-C-C10-006-1,TBCV3-C-C10-006,Room C10-006
TB3-C-C10-006-2,TBCV3-C-C10-006,Room C10-006
TB3-C-C10-006-3,TBCV3-C-C10-006,Room C10-006
TB3-C-C10-006-4,TBCV3-C-C10-006,Room C10-006
TB3-C-C10-006-5,TBCV3-C-C10-006,Room C10-006
TB3-C-C10-007-1,TBCV3-C-C10-007,Room C10-007
TB3-C-C10-007-2,TBCV3-C-C10-007,Room C10-007
TB3-C-C10-007-3,TBCV3-C-C10-007,Room C10-007
TB3-C-C10-007-4,TBCV3-C-C10-007,Room C10-007
TB3-C-C10-007-5,TBCV3-C-C10-007,Room C10-007
TB3-C-C10-008-1,TBCV3-C-C10-008,Room C10-008
TB3-C-C10-008-2,TBCV3-C-C10-008,Room C10-008
TB3-C-C10-008-3,TBCV3-C-C10-008,Room C10-008
TB3-C-C10-008-4,TBCV3-C-C10-008,Room C10-008
TB3-C-C10-008-5,TBCV3-C-C10-008,Room C10-008
TB3-C-C10-009-1,TBCV3-C-C10-009,Room C10-009
TB3-C-C10-009-2,TBCV3-C-C10-009,Room C10-009
TB3-C-C10-009-3,TBCV3-C-C10-009,Room C10-009
TB3-C-C10-009-4,TBCV3-C-C10-009,Room C10-009
TB3-C-C10-009-5,TBCV3-C-C10-009,Room C10-009
TB3-C-C10-010-1,TBCV3-C-C10-010,Room C10-010
TB3-C-C10-010-2,TBCV3-C-C10-010,Room C10-010
TB3-C-C10-010-3,TBCV3-C-C10-010,Room C10-010
TB3-C-C10-010-4,TBCV3-C-C10-010,Room C10-010
TB3-C-C10-010-5,TBCV3-C-C10-010,Room C10-010
TB3-C-C10-011-1,TBCV3-C-C10-011,Room C10-011
TB3-C-C10-011-2,TBCV3-C-C10-011,Room C10-011
TB3-C-C10-011-3,TBCV3-C-C10-011,Room C10-011
TB3-C-C10-011-4,TBCV3-C-C10-011,Room C10-011
TB3-C-C10-011-5,TBCV3-C-C10-011,Room C10-011
TB3-C-C10-012-1,TBCV3-C-C10-012,Room C10-012
TB3-C-C10-012-2,TBCV3-C-C10-012,Room C10-012
TB3-C-C10-012-3,TBCV3-C-C10-012,Room C10-012
TB3-C-C10-012-4,TBCV3-C-C10-012,Room C10-012
TB3-C-C10-012-5,TBCV3-C-C10-012,Room C10-012
TB3-C-C10-101-1,TBCV3-C-C10-101,Room C10-101
TB3-C-C10-101-2,TBCV3-C-C10-101,Room C10-101
TB3-C-C10-101-3,TBCV3-C-C10-101,Room C10-101
TB3-C-C10-101-4,TBCV3-C-C10-101,Room C10-101
TB3-C-C10-102-1,TBCV3-C-C10-102,Room C10-102
TB3-C-C10-102-2,TBCV3-C-C10-102,Room C10-102
TB3-C-C10-102-3,TBCV3-C-C10-102,Room C10-102
TB3-C-C10-102-4,TBCV3-C-C10-102,Room C10-102
TB3-C-C10-103-1,TBCV3-C-C10-103,Room C10-103
TB3-C-C10-103-2,TBCV3-C-C10-103,Room C10-103
TB3-C-C10-103-3,TBCV3-C-C10-103,Room C10-103
TB3-C-C10-103-4,TBCV3-C-C10-103,Room C10-103
TB3-C-C10-104-1,TBCV3-C-C10-104,Room C10-104
TB3-C-C10-104-2,TBCV3-C-C10-104,Room C10-104
TB3-C-C10-104-3,TBCV3-C-C10-104,Room C10-104
TB3-C-C10-104-4,TBCV3-C-C10-104,Room C10-104
TB3-C-C10-105-1,TBCV3-C-C10-105,Room C10-105
TB3-C-C10-105-2,TBCV3-C-C10-105,Room C10-105
TB3-C-C10-105-3,TBCV3-C-C10-105,Room C10-105
TB3-C-C10-105-4,TBCV3-C-C10-105,Room C10-105
TB3-C-C10-106-1,TBCV3-C-C10-106,Room C10-106
TB3-C-C10-106-2,TBCV3-C-C10-106,Room C10-106
TB3-C-C10-106-3,TBCV3-C-C10-106,Room C10-106
TB3-C-C10-106-4,TBCV3-C-C10-106,Room C10-106
TB3-C-C10-107-1,TBCV3-C-C10-107,Room C10-107
TB3-C-C10-107-2,TBCV3-C-C10-107,Room C10-107
TB3-C-C10-107-3,TBCV3-C-C10-107,Room C10-107
TB3-C-C10-107-4,TBCV3-C-C10-107,Room C10-107
TB3-C-C10-108-1,TBCV3-C-C10-108,Room C10-108
TB3-C-C10-108-2,TBCV3-C-C10-108,Room C10-108
TB3-C-C10-108-3,TBCV3-C-C10-108,Room C10-108
TB3-C-C10-108-4,TBCV3-C-C10-108,Room C10-108
TB3-C-C10-109-1,TBCV3-C-C10-109,Room C10-109
TB3-C-C10-109-2,TBCV3-C-C10-109,Room C10-109
TB3-C-C10-109-3,TBCV3-C-C10-109,Room C10-109
TB3-C-C10-109-4,TBCV3-C-C10-109,Room C10-109
TB3-C-C10-110-1,TBCV3-C-C10-110,Room C10-110
TB3-C-C10-110-2,TBCV3-C-C10-110,Room C10-110
TB3-C-C10-110-3,TBCV3-C-C10-110,Room C10-110
TB3-C-C10-110-4,TBCV3-C-C10-110,Room C10-110
TB3-C-C10-111-1,TBCV3-C-C10-111,Room C10-111
TB3-C-C10-111-2,TBCV3-C-C10-111,Room C10-111
TB3-C-C10-111-3,TBCV3-C-C10-111,Room C10-111
TB3-C-C10-111-4,TBCV3-C-C10-111,Room C10-111
TB3-C-C10-112-1,TBCV3-C-C10-112,Room C10-112
TB3-C-C10-112-2,TBCV3-C-C10-112,Room C10-112
TB3-C-C10-112-3,TBCV3-C-C10-112,Room C10-112
TB3-C-C10-112-4,TBCV3-C-C10-112,Room C10-112
TB3-C-C11-001-1,TBCV3-C-C11-001,Room C11-001
TB3-C-C11-001-2,TBCV3-C-C11-001,Room C11-001
TB3-C-C11-001-3,TBCV3-C-C11-001,Room C11-001
TB3-C-C11-001-4,TBCV3-C-C11-001,Room C11-001
TB3-C-C11-001-5,TBCV3-C-C11-001,Room C11-001
TB3-C-C11-002-1,TBCV3-C-C11-002,Room C11-002
TB3-C-C11-002-2,TBCV3-C-C11-002,Room C11-002
TB3-C-C11-002-3,TBCV3-C-C11-002,Room C11-002
TB3-C-C11-002-4,TBCV3-C-C11-002,Room C11-002
TB3-C-C11-002-5,TBCV3-C-C11-002,Room C11-002
TB3-C-C11-003-1,TBCV3-C-C11-003,Room C11-003
TB3-C-C11-003-2,TBCV3-C-C11-003,Room C11-003
TB3-C-C11-003-3,TBCV3-C-C11-003,Room C11-003
TB3-C-C11-003-4,TBCV3-C-C11-003,Room C11-003
TB3-C-C11-003-5,TBCV3-C-C11-003,Room C11-003
TB3-C-C11-004-1,TBCV3-C-C11-004,Room C11-004
TB3-C-C11-004-2,TBCV3-C-C11-004,Room C11-004
TB3-C-C11-004-3,TBCV3-C-C11-004,Room C11-004
TB3-C-C11-004-4,TBCV3-C-C11-004,Room C11-004
TB3-C-C11-004-5,TBCV3-C-C11-004,Room C11-004
TB3-C-C11-005-1,TBCV3-C-C11-005,Room C11-005
TB3-C-C11-005-2,TBCV3-C-C11-005,Room C11-005
TB3-C-C11-005-3,TBCV3-C-C11-005,Room C11-005
TB3-C-C11-005-4,TBCV3-C-C11-005,Room C11-005
TB3-C-C11-005-5,TBCV3-C-C11-005,Room C11-005
TB3-C-C11-006-1,TBCV3-C-C11-006,Room C11-006
TB3-C-C11-006-2,TBCV3-C-C11-006,Room C11-006
TB3-C-C11-006-3,TBCV3-C-C11-006,Room C11-006
TB3-C-C11-006-4,TBCV3-C-C11-006,Room C11-006
TB3-C-C11-006-5,TBCV3-C-C11-006,Room C11-006
TB3-C-C11-007-1,TBCV3-C-C11-007,Room C11-007
TB3-C-C11-007-2,TBCV3-C-C11-007,Room C11-007
TB3-C-C11-007-3,TBCV3-C-C11-007,Room C11-007
TB3-C-C11-007-4,TBCV3-C-C11-007,Room C11-007
TB3-C-C11-007-5,TBCV3-C-C11-007,Room C11-007
TB3-C-C11-008-1,TBCV3-C-C11-008,Room C11-008
TB3-C-C11-008-2,TBCV3-C-C11-008,Room C11-008
TB3-C-C11-008-3,TBCV3-C-C11-008,Room C11-008
TB3-C-C11-008-4,TBCV3-C-C11-008,Room C11-008
TB3-C-C11-008-5,TBCV3-C-C11-008,Room C11-008
TB3-C-C11-009-1,TBCV3-C-C11-009,Room C11-009
TB3-C-C11-009-2,TBCV3-C-C11-009,Room C11-009
TB3-C-C11-009-3,TBCV3-C-C11-009,Room C11-009
TB3-C-C11-009-4,TBCV3-C-C11-009,Room C11-009
TB3-C-C11-009-5,TBCV3-C-C11-009,Room C11-009
TB3-C-C11-010-1,TBCV3-C-C11-010,Room C11-010
TB3-C-C11-010-2,TBCV3-C-C11-010,Room C11-010
TB3-C-C11-010-3,TBCV3-C-C11-010,Room C11-010
TB3-C-C11-010-4,TBCV3-C-C11-010,Room C11-010
TB3-C-C11-010-5,TBCV3-C-C11-010,Room C11-010
TB3-C-C11-011-1,TBCV3-C-C11-011,Room C11-011
TB3-C-C11-011-2,TBCV3-C-C11-011,Room C11-011
TB3-C-C11-011-3,TBCV3-C-C11-011,Room C11-011
TB3-C-C11-011-4,TBCV3-C-C11-011,Room C11-011
TB3-C-C11-011-5,TBCV3-C-C11-011,Room C11-011
TB3-C-C11-012-1,TBCV3-C-C11-012,Room C11-012
TB3-C-C11-012-2,TBCV3-C-C11-012,Room C11-012
TB3-C-C11-012-3,TBCV3-C-C11-012,Room C11-012
TB3-C-C11-012-4,TBCV3-C-C11-012,Room C11-012
TB3-C-C11-012-5,TBCV3-C-C11-012,Room C11-012
TB3-C-C11-101-1,TBCV3-C-C11-101,Room C11-101
TB3-C-C11-101-2,TBCV3-C-C11-101,Room C11-101
TB3-C-C11-101-3,TBCV3-C-C11-101,Room C11-101
TB3-C-C11-101-4,TBCV3-C-C11-101,Room C11-101
TB3-C-C11-102-1,TBCV3-C-C11-102,Room C11-102
TB3-C-C11-102-2,TBCV3-C-C11-102,Room C11-102
TB3-C-C11-102-3,TBCV3-C-C11-102,Room C11-102
TB3-C-C11-102-4,TBCV3-C-C11-102,Room C11-102
TB3-C-C11-103-1,TBCV3-C-C11-103,Room C11-103
TB3-C-C11-103-2,TBCV3-C-C11-103,Room C11-103
TB3-C-C11-103-3,TBCV3-C-C11-103,Room C11-103
TB3-C-C11-103-4,TBCV3-C-C11-103,Room C11-103
TB3-C-C11-104-1,TBCV3-C-C11-104,Room C11-104
TB3-C-C11-104-2,TBCV3-C-C11-104,Room C11-104
TB3-C-C11-104-3,TBCV3-C-C11-104,Room C11-104
TB3-C-C11-104-4,TBCV3-C-C11-104,Room C11-104
TB3-C-C11-105-1,TBCV3-C-C11-105,Room C11-105
TB3-C-C11-105-2,TBCV3-C-C11-105,Room C11-105
TB3-C-C11-105-3,TBCV3-C-C11-105,Room C11-105
TB3-C-C11-105-4,TBCV3-C-C11-105,Room C11-105
TB3-C-C11-106-1,TBCV3-C-C11-106,Room C11-106
TB3-C-C11-106-2,TBCV3-C-C11-106,Room C11-106
TB3-C-C11-106-3,TBCV3-C-C11-106,Room C11-106
TB3-C-C11-106-4,TBCV3-C-C11-106,Room C11-106
TB3-C-C11-107-1,TBCV3-C-C11-107,Room C11-107
TB3-C-C11-107-2,TBCV3-C-C11-107,Room C11-107
TB3-C-C11-107-3,TBCV3-C-C11-107,Room C11-107
TB3-C-C11-107-4,TBCV3-C-C11-107,Room C11-107
TB3-C-C11-108-1,TBCV3-C-C11-108,Room C11-108
TB3-C-C11-108-2,TBCV3-C-C11-108,Room C11-108
TB3-C-C11-108-3,TBCV3-C-C11-108,Room C11-108
TB3-C-C11-108-4,TBCV3-C-C11-108,Room C11-108
TB3-C-C11-109-1,TBCV3-C-C11-109,Room C11-109
TB3-C-C11-109-2,TBCV3-C-C11-109,Room C11-109
TB3-C-C11-109-3,TBCV3-C-C11-109,Room C11-109
TB3-C-C11-109-4,TBCV3-C-C11-109,Room C11-109
TB3-C-C11-110-1,TBCV3-C-C11-110,Room C11-110
TB3-C-C11-110-2,TBCV3-C-C11-110,Room C11-110
TB3-C-C11-110-3,TBCV3-C-C11-110,Room C11-110
TB3-C-C11-110-4,TBCV3-C-C11-110,Room C11-110
TB3-C-C11-111-1,TBCV3-C-C11-111,Room C11-111
TB3-C-C11-111-2,TBCV3-C-C11-111,Room C11-111
TB3-C-C11-111-3,TBCV3-C-C11-111,Room C11-111
TB3-C-C11-111-4,TBCV3-C-C11-111,Room C11-111
TB3-C-C11-112-1,TBCV3-C-C11-112,Room C11-112
TB3-C-C11-112-2,TBCV3-C-C11-112,Room C11-112
TB3-C-C11-112-3,TBCV3-C-C11-112,Room C11-112
TB3-C-C11-112-4,TBCV3-C-C11-112,Room C11-112
TB3-C-C12-001-1,TBCV3-C-C12-001,Room C12-001
TB3-C-C12-001-2,TBCV3-C-C12-001,Room C12-001
TB3-C-C12-001-3,TBCV3-C-C12-001,Room C12-001
TB3-C-C12-001-4,TBCV3-C-C12-001,Room C12-001
TB3-C-C12-001-5,TBCV3-C-C12-001,Room C12-001
TB3-C-C12-002-1,TBCV3-C-C12-002,Room C12-002
TB3-C-C12-002-2,TBCV3-C-C12-002,Room C12-002
TB3-C-C12-002-3,TBCV3-C-C12-002,Room C12-002
TB3-C-C12-002-4,TBCV3-C-C12-002,Room C12-002
TB3-C-C12-002-5,TBCV3-C-C12-002,Room C12-002
TB3-C-C12-003-1,TBCV3-C-C12-003,Room C12-003
TB3-C-C12-003-2,TBCV3-C-C12-003,Room C12-003
TB3-C-C12-003-3,TBCV3-C-C12-003,Room C12-003
TB3-C-C12-003-4,TBCV3-C-C12-003,Room C12-003
TB3-C-C12-003-5,TBCV3-C-C12-003,Room C12-003
TB3-C-C12-004-1,TBCV3-C-C12-004,Room C12-004
TB3-C-C12-004-2,TBCV3-C-C12-004,Room C12-004
TB3-C-C12-004-3,TBCV3-C-C12-004,Room C12-004
TB3-C-C12-004-4,TBCV3-C-C12-004,Room C12-004
TB3-C-C12-004-5,TBCV3-C-C12-004,Room C12-004
TB3-C-C12-005-1,TBCV3-C-C12-005,Room C12-005
TB3-C-C12-005-2,TBCV3-C-C12-005,Room C12-005
TB3-C-C12-005-3,TBCV3-C-C12-005,Room C12-005
TB3-C-C12-005-4,TBCV3-C-C12-005,Room C12-005
TB3-C-C12-005-5,TBCV3-C-C12-005,Room C12-005
TB3-C-C12-006-1,TBCV3-C-C12-006,Room C12-006
TB3-C-C12-006-2,TBCV3-C-C12-006,Room C12-006
TB3-C-C12-006-3,TBCV3-C-C12-006,Room C12-006
TB3-C-C12-006-4,TBCV3-C-C12-006,Room C12-006
TB3-C-C12-006-5,TBCV3-C-C12-006,Room C12-006
TB3-C-C12-007-1,TBCV3-C-C12-007,Room C12-007
TB3-C-C12-007-2,TBCV3-C-C12-007,Room C12-007
TB3-C-C12-007-3,TBCV3-C-C12-007,Room C12-007
TB3-C-C12-007-4,TBCV3-C-C12-007,Room C12-007
TB3-C-C12-007-5,TBCV3-C-C12-007,Room C12-007
TB3-C-C12-008-1,TBCV3-C-C12-008,Room C12-008
TB3-C-C12-008-2,TBCV3-C-C12-008,Room C12-008
TB3-C-C12-008-3,TBCV3-C-C12-008,Room C12-008
TB3-C-C12-008-4,TBCV3-C-C12-008,Room C12-008
TB3-C-C12-008-5,TBCV3-C-C12-008,Room C12-008
TB3-C-C12-009-1,TBCV3-C-C12-009,Room C12-009
TB3-C-C12-009-2,TBCV3-C-C12-009,Room C12-009
TB3-C-C12-009-3,TBCV3-C-C12-009,Room C12-009
TB3-C-C12-009-4,TBCV3-C-C12-009,Room C12-009
TB3-C-C12-009-5,TBCV3-C-C12-009,Room C12-009
TB3-C-C12-010-1,TBCV3-C-C12-010,Room C12-010
TB3-C-C12-010-2,TBCV3-C-C12-010,Room C12-010
TB3-C-C12-010-3,TBCV3-C-C12-010,Room C12-010
TB3-C-C12-010-4,TBCV3-C-C12-010,Room C12-010
TB3-C-C12-010-5,TBCV3-C-C12-010,Room C12-010
TB3-C-C12-011-1,TBCV3-C-C12-011,Room C12-011
TB3-C-C12-011-2,TBCV3-C-C12-011,Room C12-011
TB3-C-C12-011-3,TBCV3-C-C12-011,Room C12-011
TB3-C-C12-011-4,TBCV3-C-C12-011,Room C12-011
TB3-C-C12-011-5,TBCV3-C-C12-011,Room C12-011
TB3-C-C12-012-1,TBCV3-C-C12-012,Room C12-012
TB3-C-C12-012-2,TBCV3-C-C12-012,Room C12-012
TB3-C-C12-012-3,TBCV3-C-C12-012,Room C12-012
TB3-C-C12-012-4,TBCV3-C-C12-012,Room C12-012
TB3-C-C12-012-5,TBCV3-C-C12-012,Room C12-012
TB3-C-C12-101-1,TBCV3-C-C12-101,Room C12-101
TB3-C-C12-101-2,TBCV3-C-C12-101,Room C12-101
TB3-C-C12-101-3,TBCV3-C-C12-101,Room C12-101
TB3-C-C12-101-4,TBCV3-C-C12-101,Room C12-101
TB3-C-C12-102-1,TBCV3-C-C12-102,Room C12-102
TB3-C-C12-102-2,TBCV3-C-C12-102,Room C12-102
TB3-C-C12-102-3,TBCV3-C-C12-102,Room C12-102
TB3-C-C12-102-4,TBCV3-C-C12-102,Room C12-102
TB3-C-C12-103-1,TBCV3-C-C12-103,Room C12-103
TB3-C-C12-103-2,TBCV3-C-C12-103,Room C12-103
TB3-C-C12-103-3,TBCV3-C-C12-103,Room C12-103
TB3-C-C12-103-4,TBCV3-C-C12-103,Room C12-103
TB3-C-C12-104-1,TBCV3-C-C12-104,Room C12-104
TB3-C-C12-104-2,TBCV3-C-C12-104,Room C12-104
TB3-C-C12-104-3,TBCV3-C-C12-104,Room C12-104
TB3-C-C12-104-4,TBCV3-C-C12-104,Room C12-104
TB3-C-C12-105-1,TBCV3-C-C12-105,Room C12-105
TB3-C-C12-105-2,TBCV3-C-C12-105,Room C12-105
TB3-C-C12-105-3,TBCV3-C-C12-105,Room C12-105
TB3-C-C12-105-4,TBCV3-C-C12-105,Room C12-105
TB3-C-C12-106-1,TBCV3-C-C12-106,Room C12-106
TB3-C-C12-106-2,TBCV3-C-C12-106,Room C12-106
TB3-C-C12-106-3,TBCV3-C-C12-106,Room C12-106
TB3-C-C12-106-4,TBCV3-C-C12-106,Room C12-106
TB3-C-C12-107-1,TBCV3-C-C12-107,Room C12-107
TB3-C-C12-107-2,TBCV3-C-C12-107,Room C12-107
TB3-C-C12-107-3,TBCV3-C-C12-107,Room C12-107
TB3-C-C12-107-4,TBCV3-C-C12-107,Room C12-107
TB3-C-C12-108-1,TBCV3-C-C12-108,Room C12-108
TB3-C-C12-108-2,TBCV3-C-C12-108,Room C12-108
TB3-C-C12-108-3,TBCV3-C-C12-108,Room C12-108
TB3-C-C12-108-4,TBCV3-C-C12-108,Room C12-108
TB3-C-C12-109-1,TBCV3-C-C12-109,Room C12-109
TB3-C-C12-109-2,TBCV3-C-C12-109,Room C12-109
TB3-C-C12-109-3,TBCV3-C-C12-109,Room C12-109
TB3-C-C12-109-4,TBCV3-C-C12-109,Room C12-109
TB3-C-C12-110-1,TBCV3-C-C12-110,Room C12-110
TB3-C-C12-110-2,TBCV3-C-C12-110,Room C12-110
TB3-C-C12-110-3,TBCV3-C-C12-110,Room C12-110
TB3-C-C12-110-4,TBCV3-C-C12-110,Room C12-110
TB3-C-C12-111-1,TBCV3-C-C12-111,Room C12-111
TB3-C-C12-111-2,TBCV3-C-C12-111,Room C12-111
TB3-C-C12-111-3,TBCV3-C-C12-111,Room C12-111
TB3-C-C12-111-4,TBCV3-C-C12-111,Room C12-111
TB3-C-C12-112-1,TBCV3-C-C12-112,Room C12-112
TB3-C-C12-112-2,TBCV3-C-C12-112,Room C12-112
TB3-C-C12-112-3,TBCV3-C-C12-112,Room C12-112
TB3-C-C12-112-4,TBCV3-C-C12-112,Room C12-112
TB3-C-C13-001-1,TBCV3-C-C13-001,Room C13-001
TB3-C-C13-001-2,TBCV3-C-C13-001,Room C13-001
TB3-C-C13-001-3,TBCV3-C-C13-001,Room C13-001
TB3-C-C13-001-4,TBCV3-C-C13-001,Room C13-001
TB3-C-C13-001-5,TBCV3-C-C13-001,Room C13-001
TB3-C-C13-002-1,TBCV3-C-C13-002,Room C13-002
TB3-C-C13-002-2,TBCV3-C-C13-002,Room C13-002
TB3-C-C13-002-3,TBCV3-C-C13-002,Room C13-002
TB3-C-C13-002-4,TBCV3-C-C13-002,Room C13-002
TB3-C-C13-002-5,TBCV3-C-C13-002,Room C13-002
TB3-C-C13-003-1,TBCV3-C-C13-003,Room C13-003
TB3-C-C13-003-2,TBCV3-C-C13-003,Room C13-003
TB3-C-C13-003-3,TBCV3-C-C13-003,Room C13-003
TB3-C-C13-003-4,TBCV3-C-C13-003,Room C13-003
TB3-C-C13-003-5,TBCV3-C-C13-003,Room C13-003
TB3-C-C13-004-1,TBCV3-C-C13-004,Room C13-004
TB3-C-C13-004-2,TBCV3-C-C13-004,Room C13-004
TB3-C-C13-004-3,TBCV3-C-C13-004,Room C13-004
TB3-C-C13-004-4,TBCV3-C-C13-004,Room C13-004
TB3-C-C13-004-5,TBCV3-C-C13-004,Room C13-004
TB3-C-C13-005-1,TBCV3-C-C13-005,Room C13-005
TB3-C-C13-005-2,TBCV3-C-C13-005,Room C13-005
TB3-C-C13-005-3,TBCV3-C-C13-005,Room C13-005
TB3-C-C13-005-4,TBCV3-C-C13-005,Room C13-005
TB3-C-C13-005-5,TBCV3-C-C13-005,Room C13-005
TB3-C-C13-006-1,TBCV3-C-C13-006,Room C13-006
TB3-C-C13-006-2,TBCV3-C-C13-006,Room C13-006
TB3-C-C13-006-3,TBCV3-C-C13-006,Room C13-006
TB3-C-C13-006-4,TBCV3-C-C13-006,Room C13-006
TB3-C-C13-006-5,TBCV3-C-C13-006,Room C13-006
TB3-C-C13-007-1,TBCV3-C-C13-007,Room C13-007
TB3-C-C13-007-2,TBCV3-C-C13-007,Room C13-007
TB3-C-C13-007-3,TBCV3-C-C13-007,Room C13-007
TB3-C-C13-007-4,TBCV3-C-C13-007,Room C13-007
TB3-C-C13-007-5,TBCV3-C-C13-007,Room C13-007
TB3-C-C13-008-1,TBCV3-C-C13-008,Room C13-008
TB3-C-C13-008-2,TBCV3-C-C13-008,Room C13-008
TB3-C-C13-008-3,TBCV3-C-C13-008,Room C13-008
TB3-C-C13-008-4,TBCV3-C-C13-008,Room C13-008
TB3-C-C13-008-5,TBCV3-C-C13-008,Room C13-008
TB3-C-C13-009-1,TBCV3-C-C13-009,Room C13-009
TB3-C-C13-009-2,TBCV3-C-C13-009,Room C13-009
TB3-C-C13-009-3,TBCV3-C-C13-009,Room C13-009
TB3-C-C13-009-4,TBCV3-C-C13-009,Room C13-009
TB3-C-C13-009-5,TBCV3-C-C13-009,Room C13-009
TB3-C-C13-010-1,TBCV3-C-C13-010,Room C13-010
TB3-C-C13-010-2,TBCV3-C-C13-010,Room C13-010
TB3-C-C13-010-3,TBCV3-C-C13-010,Room C13-010
TB3-C-C13-010-4,TBCV3-C-C13-010,Room C13-010
TB3-C-C13-010-5,TBCV3-C-C13-010,Room C13-010
TB3-C-C13-011-1,TBCV3-C-C13-011,Room C13-011
TB3-C-C13-011-2,TBCV3-C-C13-011,Room C13-011
TB3-C-C13-011-3,TBCV3-C-C13-011,Room C13-011
TB3-C-C13-011-4,TBCV3-C-C13-011,Room C13-011
TB3-C-C13-011-5,TBCV3-C-C13-011,Room C13-011
TB3-C-C13-012-1,TBCV3-C-C13-012,Room C13-012
TB3-C-C13-012-2,TBCV3-C-C13-012,Room C13-012
TB3-C-C13-012-3,TBCV3-C-C13-012,Room C13-012
TB3-C-C13-012-4,TBCV3-C-C13-012,Room C13-012
TB3-C-C13-012-5,TBCV3-C-C13-012,Room C13-012
TB3-C-C13-101-1,TBCV3-C-C13-101,Room C13-101
TB3-C-C13-101-2,TBCV3-C-C13-101,Room C13-101
TB3-C-C13-101-3,TBCV3-C-C13-101,Room C13-101
TB3-C-C13-101-4,TBCV3-C-C13-101,Room C13-101
TB3-C-C13-102-1,TBCV3-C-C13-102,Room C13-102
TB3-C-C13-102-2,TBCV3-C-C13-102,Room C13-102
TB3-C-C13-102-3,TBCV3-C-C13-102,Room C13-102
TB3-C-C13-102-4,TBCV3-C-C13-102,Room C13-102
TB3-C-C13-103-1,TBCV3-C-C13-103,Room C13-103
TB3-C-C13-103-2,TBCV3-C-C13-103,Room C13-103
TB3-C-C13-103-3,TBCV3-C-C13-103,Room C13-103
TB3-C-C13-103-4,TBCV3-C-C13-103,Room C13-103
TB3-C-C13-104-1,TBCV3-C-C13-104,Room C13-104
TB3-C-C13-104-2,TBCV3-C-C13-104,Room C13-104
TB3-C-C13-104-3,TBCV3-C-C13-104,Room C13-104
TB3-C-C13-104-4,TBCV3-C-C13-104,Room C13-104
TB3-C-C13-105-1,TBCV3-C-C13-105,Room C13-105
TB3-C-C13-105-2,TBCV3-C-C13-105,Room C13-105
TB3-C-C13-105-3,TBCV3-C-C13-105,Room C13-105
TB3-C-C13-105-4,TBCV3-C-C13-105,Room C13-105
TB3-C-C13-106-1,TBCV3-C-C13-106,Room C13-106
TB3-C-C13-106-2,TBCV3-C-C13-106,Room C13-106
TB3-C-C13-106-3,TBCV3-C-C13-106,Room C13-106
TB3-C-C13-106-4,TBCV3-C-C13-106,Room C13-106
TB3-C-C13-107-1,TBCV3-C-C13-107,Room C13-107
TB3-C-C13-107-2,TBCV3-C-C13-107,Room C13-107
TB3-C-C13-107-3,TBCV3-C-C13-107,Room C13-107
TB3-C-C13-107-4,TBCV3-C-C13-107,Room C13-107
TB3-C-C13-108-1,TBCV3-C-C13-108,Room C13-108
TB3-C-C13-108-2,TBCV3-C-C13-108,Room C13-108
TB3-C-C13-108-3,TBCV3-C-C13-108,Room C13-108
TB3-C-C13-108-4,TBCV3-C-C13-108,Room C13-108
TB3-C-C13-109-1,TBCV3-C-C13-109,Room C13-109
TB3-C-C13-109-2,TBCV3-C-C13-109,Room C13-109
TB3-C-C13-109-3,TBCV3-C-C13-109,Room C13-109
TB3-C-C13-109-4,TBCV3-C-C13-109,Room C13-109
TB3-C-C13-110-1,TBCV3-C-C13-110,Room C13-110
TB3-C-C13-110-2,TBCV3-C-C13-110,Room C13-110
TB3-C-C13-110-3,TBCV3-C-C13-110,Room C13-110
TB3-C-C13-110-4,TBCV3-C-C13-110,Room C13-110
TB3-C-C13-111-1,TBCV3-C-C13-111,Room C13-111
TB3-C-C13-111-2,TBCV3-C-C13-111,Room C13-111
TB3-C-C13-111-3,TBCV3-C-C13-111,Room C13-111
TB3-C-C13-111-4,TBCV3-C-C13-111,Room C13-111
TB3-C-C13-112-1,TBCV3-C-C13-112,Room C13-112
TB3-C-C13-112-2,TBCV3-C-C13-112,Room C13-112
TB3-C-C13-112-3,TBCV3-C-C13-112,Room C13-112
TB3-C-C13-112-4,TBCV3-C-C13-112,Room C13-112
TB3-C-C14-001-1,TBCV3-C-C14-001,Room C14-001
TB3-C-C14-001-2,TBCV3-C-C14-001,Room C14-001
TB3-C-C14-001-3,TBCV3-C-C14-001,Room C14-001
TB3-C-C14-001-4,TBCV3-C-C14-001,Room C14-001
TB3-C-C14-001-5,TBCV3-C-C14-001,Room C14-001
TB3-C-C14-002-1,TBCV3-C-C14-002,Room C14-002
TB3-C-C14-002-2,TBCV3-C-C14-002,Room C14-002
TB3-C-C14-002-3,TBCV3-C-C14-002,Room C14-002
TB3-C-C14-002-4,TBCV3-C-C14-002,Room C14-002
TB3-C-C14-002-5,TBCV3-C-C14-002,Room C14-002
TB3-C-C14-003-1,TBCV3-C-C14-003,Room C14-003
TB3-C-C14-003-2,TBCV3-C-C14-003,Room C14-003
TB3-C-C14-003-3,TBCV3-C-C14-003,Room C14-003
TB3-C-C14-003-4,TBCV3-C-C14-003,Room C14-003
TB3-C-C14-003-5,TBCV3-C-C14-003,Room C14-003
TB3-C-C14-004-1,TBCV3-C-C14-004,Room C14-004
TB3-C-C14-004-2,TBCV3-C-C14-004,Room C14-004
TB3-C-C14-004-3,TBCV3-C-C14-004,Room C14-004
TB3-C-C14-004-4,TBCV3-C-C14-004,Room C14-004
TB3-C-C14-004-5,TBCV3-C-C14-004,Room C14-004
TB3-C-C14-005-1,TBCV3-C-C14-005,Room C14-005
TB3-C-C14-005-2,TBCV3-C-C14-005,Room C14-005
TB3-C-C14-005-3,TBCV3-C-C14-005,Room C14-005
TB3-C-C14-005-4,TBCV3-C-C14-005,Room C14-005
TB3-C-C14-005-5,TBCV3-C-C14-005,Room C14-005
TB3-C-C14-006-1,TBCV3-C-C14-006,Room C14-006
TB3-C-C14-006-2,TBCV3-C-C14-006,Room C14-006
TB3-C-C14-006-3,TBCV3-C-C14-006,Room C14-006
TB3-C-C14-006-4,TBCV3-C-C14-006,Room C14-006
TB3-C-C14-006-5,TBCV3-C-C14-006,Room C14-006
TB3-C-C14-007-1,TBCV3-C-C14-007,Room C14-007
TB3-C-C14-007-2,TBCV3-C-C14-007,Room C14-007
TB3-C-C14-007-3,TBCV3-C-C14-007,Room C14-007
TB3-C-C14-007-4,TBCV3-C-C14-007,Room C14-007
TB3-C-C14-007-5,TBCV3-C-C14-007,Room C14-007
TB3-C-C14-008-1,TBCV3-C-C14-008,Room C14-008
TB3-C-C14-008-2,TBCV3-C-C14-008,Room C14-008
TB3-C-C14-008-3,TBCV3-C-C14-008,Room C14-008
TB3-C-C14-008-4,TBCV3-C-C14-008,Room C14-008
TB3-C-C14-008-5,TBCV3-C-C14-008,Room C14-008
TB3-C-C14-009-1,TBCV3-C-C14-009,Room C14-009
TB3-C-C14-009-2,TBCV3-C-C14-009,Room C14-009
TB3-C-C14-009-3,TBCV3-C-C14-009,Room C14-009
TB3-C-C14-009-4,TBCV3-C-C14-009,Room C14-009
TB3-C-C14-009-5,TBCV3-C-C14-009,Room C14-009
TB3-C-C14-010-1,TBCV3-C-C14-010,Room C14-010
TB3-C-C14-010-2,TBCV3-C-C14-010,Room C14-010
TB3-C-C14-010-3,TBCV3-C-C14-010,Room C14-010
TB3-C-C14-010-4,TBCV3-C-C14-010,Room C14-010
TB3-C-C14-010-5,TBCV3-C-C14-010,Room C14-010
TB3-C-C14-011-1,TBCV3-C-C14-011,Room C14-011
TB3-C-C14-011-2,TBCV3-C-C14-011,Room C14-011
TB3-C-C14-011-3,TBCV3-C-C14-011,Room C14-011
TB3-C-C14-011-4,TBCV3-C-C14-011,Room C14-011
TB3-C-C14-011-5,TBCV3-C-C14-011,Room C14-011
TB3-C-C14-012-1,TBCV3-C-C14-012,Room C14-012
TB3-C-C14-012-2,TBCV3-C-C14-012,Room C14-012
TB3-C-C14-012-3,TBCV3-C-C14-012,Room C14-012
TB3-C-C14-012-4,TBCV3-C-C14-012,Room C14-012
TB3-C-C14-012-5,TBCV3-C-C14-012,Room C14-012
TB3-C-C14-101-1,TBCV3-C-C14-101,Room C14-101
TB3-C-C14-101-2,TBCV3-C-C14-101,Room C14-101
TB3-C-C14-101-3,TBCV3-C-C14-101,Room C14-101
TB3-C-C14-101-4,TBCV3-C-C14-101,Room C14-101
TB3-C-C14-102-1,TBCV3-C-C14-102,Room C14-102
TB3-C-C14-102-2,TBCV3-C-C14-102,Room C14-102
TB3-C-C14-102-3,TBCV3-C-C14-102,Room C14-102
TB3-C-C14-102-4,TBCV3-C-C14-102,Room C14-102
TB3-C-C14-103-1,TBCV3-C-C14-103,Room C14-103
TB3-C-C14-103-2,TBCV3-C-C14-103,Room C14-103
TB3-C-C14-103-3,TBCV3-C-C14-103,Room C14-103
TB3-C-C14-103-4,TBCV3-C-C14-103,Room C14-103
TB3-C-C14-104-1,TBCV3-C-C14-104,Room C14-104
TB3-C-C14-104-2,TBCV3-C-C14-104,Room C14-104
TB3-C-C14-104-3,TBCV3-C-C14-104,Room C14-104
TB3-C-C14-104-4,TBCV3-C-C14-104,Room C14-104
TB3-C-C14-105-1,TBCV3-C-C14-105,Room C14-105
TB3-C-C14-105-2,TBCV3-C-C14-105,Room C14-105
TB3-C-C14-105-3,TBCV3-C-C14-105,Room C14-105
TB3-C-C14-105-4,TBCV3-C-C14-105,Room C14-105
TB3-C-C14-106-1,TBCV3-C-C14-106,Room C14-106
TB3-C-C14-106-2,TBCV3-C-C14-106,Room C14-106
TB3-C-C14-106-3,TBCV3-C-C14-106,Room C14-106
TB3-C-C14-106-4,TBCV3-C-C14-106,Room C14-106
TB3-C-C14-107-1,TBCV3-C-C14-107,Room C14-107
TB3-C-C14-107-2,TBCV3-C-C14-107,Room C14-107
TB3-C-C14-107-3,TBCV3-C-C14-107,Room C14-107
TB3-C-C14-107-4,TBCV3-C-C14-107,Room C14-107
TB3-C-C14-108-1,TBCV3-C-C14-108,Room C14-108
TB3-C-C14-108-2,TBCV3-C-C14-108,Room C14-108
TB3-C-C14-108-3,TBCV3-C-C14-108,Room C14-108
TB3-C-C14-108-4,TBCV3-C-C14-108,Room C14-108
TB3-C-C14-109-1,TBCV3-C-C14-109,Room C14-109
TB3-C-C14-109-2,TBCV3-C-C14-109,Room C14-109
TB3-C-C14-109-3,TBCV3-C-C14-109,Room C14-109
TB3-C-C14-109-4,TBCV3-C-C14-109,Room C14-109
TB3-C-C14-110-1,TBCV3-C-C14-110,Room C14-110
TB3-C-C14-110-2,TBCV3-C-C14-110,Room C14-110
TB3-C-C14-110-3,TBCV3-C-C14-110,Room C14-110
TB3-C-C14-110-4,TBCV3-C-C14-110,Room C14-110
TB3-C-C14-111-1,TBCV3-C-C14-111,Room C14-111
TB3-C-C14-111-2,TBCV3-C-C14-111,Room C14-111
TB3-C-C14-111-3,TBCV3-C-C14-111,Room C14-111
TB3-C-C14-111-4,TBCV3-C-C14-111,Room C14-111
TB3-C-C14-112-1,TBCV3-C-C14-112,Room C14-112
TB3-C-C14-112-2,TBCV3-C-C14-112,Room C14-112
TB3-C-C14-112-3,TBCV3-C-C14-112,Room C14-112
TB3-C-C14-112-4,TBCV3-C-C14-112,Room C14-112
TB3-C-C15-001-1,TBCV3-C-C15-001,Room C15-001
TB3-C-C15-001-2,TBCV3-C-C15-001,Room C15-001
TB3-C-C15-001-3,TBCV3-C-C15-001,Room C15-001
TB3-C-C15-001-4,TBCV3-C-C15-001,Room C15-001
TB3-C-C15-001-5,TBCV3-C-C15-001,Room C15-001
TB3-C-C15-002-1,TBCV3-C-C15-002,Room C15-002
TB3-C-C15-002-2,TBCV3-C-C15-002,Room C15-002
TB3-C-C15-002-3,TBCV3-C-C15-002,Room C15-002
TB3-C-C15-002-4,TBCV3-C-C15-002,Room C15-002
TB3-C-C15-002-5,TBCV3-C-C15-002,Room C15-002
TB3-C-C15-003-1,TBCV3-C-C15-003,Room C15-003
TB3-C-C15-003-2,TBCV3-C-C15-003,Room C15-003
TB3-C-C15-003-3,TBCV3-C-C15-003,Room C15-003
TB3-C-C15-003-4,TBCV3-C-C15-003,Room C15-003
TB3-C-C15-003-5,TBCV3-C-C15-003,Room C15-003
TB3-C-C15-004-1,TBCV3-C-C15-004,Room C15-004
TB3-C-C15-004-2,TBCV3-C-C15-004,Room C15-004
TB3-C-C15-004-3,TBCV3-C-C15-004,Room C15-004
TB3-C-C15-004-4,TBCV3-C-C15-004,Room C15-004
TB3-C-C15-004-5,TBCV3-C-C15-004,Room C15-004
TB3-C-C15-005-1,TBCV3-C-C15-005,Room C15-005
TB3-C-C15-005-2,TBCV3-C-C15-005,Room C15-005
TB3-C-C15-005-3,TBCV3-C-C15-005,Room C15-005
TB3-C-C15-005-4,TBCV3-C-C15-005,Room C15-005
TB3-C-C15-005-5,TBCV3-C-C15-005,Room C15-005
TB3-C-C15-006-1,TBCV3-C-C15-006,Room C15-006
TB3-C-C15-006-2,TBCV3-C-C15-006,Room C15-006
TB3-C-C15-006-3,TBCV3-C-C15-006,Room C15-006
TB3-C-C15-006-4,TBCV3-C-C15-006,Room C15-006
TB3-C-C15-006-5,TBCV3-C-C15-006,Room C15-006
TB3-C-C15-007-1,TBCV3-C-C15-007,Room C15-007
TB3-C-C15-007-2,TBCV3-C-C15-007,Room C15-007
TB3-C-C15-007-3,TBCV3-C-C15-007,Room C15-007
TB3-C-C15-007-4,TBCV3-C-C15-007,Room C15-007
TB3-C-C15-007-5,TBCV3-C-C15-007,Room C15-007
TB3-C-C15-008-1,TBCV3-C-C15-008,Room C15-008
TB3-C-C15-008-2,TBCV3-C-C15-008,Room C15-008
TB3-C-C15-008-3,TBCV3-C-C15-008,Room C15-008
TB3-C-C15-008-4,TBCV3-C-C15-008,Room C15-008
TB3-C-C15-008-5,TBCV3-C-C15-008,Room C15-008
TB3-C-C15-009-1,TBCV3-C-C15-009,Room C15-009
TB3-C-C15-009-2,TBCV3-C-C15-009,Room C15-009
TB3-C-C15-009-3,TBCV3-C-C15-009,Room C15-009
TB3-C-C15-009-4,TBCV3-C-C15-009,Room C15-009
TB3-C-C15-009-5,TBCV3-C-C15-009,Room C15-009
TB3-C-C15-010-1,TBCV3-C-C15-010,Room C15-010
TB3-C-C15-010-2,TBCV3-C-C15-010,Room C15-010
TB3-C-C15-010-3,TBCV3-C-C15-010,Room C15-010
TB3-C-C15-010-4,TBCV3-C-C15-010,Room C15-010
TB3-C-C15-010-5,TBCV3-C-C15-010,Room C15-010
TB3-C-C15-011-1,TBCV3-C-C15-011,Room C15-011
TB3-C-C15-011-2,TBCV3-C-C15-011,Room C15-011
TB3-C-C15-011-3,TBCV3-C-C15-011,Room C15-011
TB3-C-C15-011-4,TBCV3-C-C15-011,Room C15-011
TB3-C-C15-011-5,TBCV3-C-C15-011,Room C15-011
TB3-C-C15-012-1,TBCV3-C-C15-012,Room C15-012
TB3-C-C15-012-2,TBCV3-C-C15-012,Room C15-012
TB3-C-C15-012-3,TBCV3-C-C15-012,Room C15-012
TB3-C-C15-012-4,TBCV3-C-C15-012,Room C15-012
TB3-C-C15-012-5,TBCV3-C-C15-012,Room C15-012
TB3-C-C15-101-1,TBCV3-C-C15-101,Room C15-101
TB3-C-C15-101-2,TBCV3-C-C15-101,Room C15-101
TB3-C-C15-101-3,TBCV3-C-C15-101,Room C15-101
TB3-C-C15-101-4,TBCV3-C-C15-101,Room C15-101
TB3-C-C15-102-1,TBCV3-C-C15-102,Room C15-102
TB3-C-C15-102-2,TBCV3-C-C15-102,Room C15-102
TB3-C-C15-102-3,TBCV3-C-C15-102,Room C15-102
TB3-C-C15-102-4,TBCV3-C-C15-102,Room C15-102
TB3-C-C15-103-1,TBCV3-C-C15-103,Room C15-103
TB3-C-C15-103-2,TBCV3-C-C15-103,Room C15-103
TB3-C-C15-103-3,TBCV3-C-C15-103,Room C15-103
TB3-C-C15-103-4,TBCV3-C-C15-103,Room C15-103
TB3-C-C15-104-1,TBCV3-C-C15-104,Room C15-104
TB3-C-C15-104-2,TBCV3-C-C15-104,Room C15-104
TB3-C-C15-104-3,TBCV3-C-C15-104,Room C15-104
TB3-C-C15-104-4,TBCV3-C-C15-104,Room C15-104
TB3-C-C15-105-1,TBCV3-C-C15-105,Room C15-105
TB3-C-C15-105-2,TBCV3-C-C15-105,Room C15-105
TB3-C-C15-105-3,TBCV3-C-C15-105,Room C15-105
TB3-C-C15-105-4,TBCV3-C-C15-105,Room C15-105
TB3-C-C15-106-1,TBCV3-C-C15-106,Room C15-106
TB3-C-C15-106-2,TBCV3-C-C15-106,Room C15-106
TB3-C-C15-106-3,TBCV3-C-C15-106,Room C15-106
TB3-C-C15-106-4,TBCV3-C-C15-106,Room C15-106
TB3-C-C15-107-1,TBCV3-C-C15-107,Room C15-107
TB3-C-C15-107-2,TBCV3-C-C15-107,Room C15-107
TB3-C-C15-107-3,TBCV3-C-C15-107,Room C15-107
TB3-C-C15-107-4,TBCV3-C-C15-107,Room C15-107
TB3-C-C15-108-1,TBCV3-C-C15-108,Room C15-108
TB3-C-C15-108-2,TBCV3-C-C15-108,Room C15-108
TB3-C-C15-108-3,TBCV3-C-C15-108,Room C15-108
TB3-C-C15-108-4,TBCV3-C-C15-108,Room C15-108
TB3-C-C15-109-1,TBCV3-C-C15-109,Room C15-109
TB3-C-C15-109-2,TBCV3-C-C15-109,Room C15-109
TB3-C-C15-109-3,TBCV3-C-C15-109,Room C15-109
TB3-C-C15-109-4,TBCV3-C-C15-109,Room C15-109
TB3-C-C15-110-1,TBCV3-C-C15-110,Room C15-110
TB3-C-C15-110-2,TBCV3-C-C15-110,Room C15-110
TB3-C-C15-110-3,TBCV3-C-C15-110,Room C15-110
TB3-C-C15-110-4,TBCV3-C-C15-110,Room C15-110
TB3-C-C15-111-1,TBCV3-C-C15-111,Room C15-111
TB3-C-C15-111-2,TBCV3-C-C15-111,Room C15-111
TB3-C-C15-111-3,TBCV3-C-C15-111,Room C15-111
TB3-C-C15-111-4,TBCV3-C-C15-111,Room C15-111
TB3-C-C15-112-1,TBCV3-C-C15-112,Room C15-112
TB3-C-C15-112-2,TBCV3-C-C15-112,Room C15-112
TB3-C-C15-112-3,TBCV3-C-C15-112,Room C15-112
TB3-C-C15-112-4,TBCV3-C-C15-112,Room C15-112
TB3-C-C16-001-1,TBCV3-C-C16-001,Room C16-001
TB3-C-C16-001-2,TBCV3-C-C16-001,Room C16-001
TB3-C-C16-001-3,TBCV3-C-C16-001,Room C16-001
TB3-C-C16-001-4,TBCV3-C-C16-001,Room C16-001
TB3-C-C16-001-5,TBCV3-C-C16-001,Room C16-001
TB3-C-C16-002-1,TBCV3-C-C16-002,Room C16-002
TB3-C-C16-002-2,TBCV3-C-C16-002,Room C16-002
TB3-C-C16-002-3,TBCV3-C-C16-002,Room C16-002
TB3-C-C16-002-4,TBCV3-C-C16-002,Room C16-002
TB3-C-C16-002-5,TBCV3-C-C16-002,Room C16-002
TB3-C-C16-003-1,TBCV3-C-C16-003,Room C16-003
TB3-C-C16-003-2,TBCV3-C-C16-003,Room C16-003
TB3-C-C16-003-3,TBCV3-C-C16-003,Room C16-003
TB3-C-C16-003-4,TBCV3-C-C16-003,Room C16-003
TB3-C-C16-003-5,TBCV3-C-C16-003,Room C16-003
TB3-C-C16-004-1,TBCV3-C-C16-004,Room C16-004
TB3-C-C16-004-2,TBCV3-C-C16-004,Room C16-004
TB3-C-C16-004-3,TBCV3-C-C16-004,Room C16-004
TB3-C-C16-004-4,TBCV3-C-C16-004,Room C16-004
TB3-C-C16-004-5,TBCV3-C-C16-004,Room C16-004
TB3-C-C16-005-1,TBCV3-C-C16-005,Room C16-005
TB3-C-C16-005-2,TBCV3-C-C16-005,Room C16-005
TB3-C-C16-005-3,TBCV3-C-C16-005,Room C16-005
TB3-C-C16-005-4,TBCV3-C-C16-005,Room C16-005
TB3-C-C16-005-5,TBCV3-C-C16-005,Room C16-005
TB3-C-C16-006-1,TBCV3-C-C16-006,Room C16-006
TB3-C-C16-006-2,TBCV3-C-C16-006,Room C16-006
TB3-C-C16-006-3,TBCV3-C-C16-006,Room C16-006
TB3-C-C16-006-4,TBCV3-C-C16-006,Room C16-006
TB3-C-C16-006-5,TBCV3-C-C16-006,Room C16-006
TB3-C-C16-007-1,TBCV3-C-C16-007,Room C16-007
TB3-C-C16-007-2,TBCV3-C-C16-007,Room C16-007
TB3-C-C16-007-3,TBCV3-C-C16-007,Room C16-007
TB3-C-C16-007-4,TBCV3-C-C16-007,Room C16-007
TB3-C-C16-007-5,TBCV3-C-C16-007,Room C16-007
TB3-C-C16-008-1,TBCV3-C-C16-008,Room C16-008
TB3-C-C16-008-2,TBCV3-C-C16-008,Room C16-008
TB3-C-C16-008-3,TBCV3-C-C16-008,Room C16-008
TB3-C-C16-008-4,TBCV3-C-C16-008,Room C16-008
TB3-C-C16-008-5,TBCV3-C-C16-008,Room C16-008
TB3-C-C16-009-1,TBCV3-C-C16-009,Room C16-009
TB3-C-C16-009-2,TBCV3-C-C16-009,Room C16-009
TB3-C-C16-009-3,TBCV3-C-C16-009,Room C16-009
TB3-C-C16-009-4,TBCV3-C-C16-009,Room C16-009
TB3-C-C16-009-5,TBCV3-C-C16-009,Room C16-009
TB3-C-C16-010-1,TBCV3-C-C16-010,Room C16-010
TB3-C-C16-010-2,TBCV3-C-C16-010,Room C16-010
TB3-C-C16-010-3,TBCV3-C-C16-010,Room C16-010
TB3-C-C16-010-4,TBCV3-C-C16-010,Room C16-010
TB3-C-C16-010-5,TBCV3-C-C16-010,Room C16-010
TB3-C-C16-011-1,TBCV3-C-C16-011,Room C16-011
TB3-C-C16-011-2,TBCV3-C-C16-011,Room C16-011
TB3-C-C16-011-3,TBCV3-C-C16-011,Room C16-011
TB3-C-C16-011-4,TBCV3-C-C16-011,Room C16-011
TB3-C-C16-011-5,TBCV3-C-C16-011,Room C16-011
TB3-C-C16-012-1,TBCV3-C-C16-012,Room C16-012
TB3-C-C16-012-2,TBCV3-C-C16-012,Room C16-012
TB3-C-C16-012-3,TBCV3-C-C16-012,Room C16-012
TB3-C-C16-012-4,TBCV3-C-C16-012,Room C16-012
TB3-C-C16-012-5,TBCV3-C-C16-012,Room C16-012
TB3-C-C16-101-1,TBCV3-C-C16-101,Room C16-101
TB3-C-C16-101-2,TBCV3-C-C16-101,Room C16-101
TB3-C-C16-101-3,TBCV3-C-C16-101,Room C16-101
TB3-C-C16-101-4,TBCV3-C-C16-101,Room C16-101
TB3-C-C16-102-1,TBCV3-C-C16-102,Room C16-102
TB3-C-C16-102-2,TBCV3-C-C16-102,Room C16-102
TB3-C-C16-102-3,TBCV3-C-C16-102,Room C16-102
TB3-C-C16-102-4,TBCV3-C-C16-102,Room C16-102
TB3-C-C16-103-1,TBCV3-C-C16-103,Room C16-103
TB3-C-C16-103-2,TBCV3-C-C16-103,Room C16-103
TB3-C-C16-103-3,TBCV3-C-C16-103,Room C16-103
TB3-C-C16-103-4,TBCV3-C-C16-103,Room C16-103
TB3-C-C16-104-1,TBCV3-C-C16-104,Room C16-104
TB3-C-C16-104-2,TBCV3-C-C16-104,Room C16-104
TB3-C-C16-104-3,TBCV3-C-C16-104,Room C16-104
TB3-C-C16-104-4,TBCV3-C-C16-104,Room C16-104
TB3-C-C16-105-1,TBCV3-C-C16-105,Room C16-105
TB3-C-C16-105-2,TBCV3-C-C16-105,Room C16-105
TB3-C-C16-105-3,TBCV3-C-C16-105,Room C16-105
TB3-C-C16-105-4,TBCV3-C-C16-105,Room C16-105
TB3-C-C16-106-1,TBCV3-C-C16-106,Room C16-106
TB3-C-C16-106-2,TBCV3-C-C16-106,Room C16-106
TB3-C-C16-106-3,TBCV3-C-C16-106,Room C16-106
TB3-C-C16-106-4,TBCV3-C-C16-106,Room C16-106
TB3-C-C16-107-1,TBCV3-C-C16-107,Room C16-107
TB3-C-C16-107-2,TBCV3-C-C16-107,Room C16-107
TB3-C-C16-107-3,TBCV3-C-C16-107,Room C16-107
TB3-C-C16-107-4,TBCV3-C-C16-107,Room C16-107
TB3-C-C16-108-1,TBCV3-C-C16-108,Room C16-108
TB3-C-C16-108-2,TBCV3-C-C16-108,Room C16-108
TB3-C-C16-108-3,TBCV3-C-C16-108,Room C16-108
TB3-C-C16-108-4,TBCV3-C-C16-108,Room C16-108
TB3-C-C16-109-1,TBCV3-C-C16-109,Room C16-109
TB3-C-C16-109-2,TBCV3-C-C16-109,Room C16-109
TB3-C-C16-109-3,TBCV3-C-C16-109,Room C16-109
TB3-C-C16-109-4,TBCV3-C-C16-109,Room C16-109
TB3-C-C16-110-1,TBCV3-C-C16-110,Room C16-110
TB3-C-C16-110-2,TBCV3-C-C16-110,Room C16-110
TB3-C-C16-110-3,TBCV3-C-C16-110,Room C16-110
TB3-C-C16-110-4,TBCV3-C-C16-110,Room C16-110
TB3-C-C16-111-1,TBCV3-C-C16-111,Room C16-111
TB3-C-C16-111-2,TBCV3-C-C16-111,Room C16-111
TB3-C-C16-111-3,TBCV3-C-C16-111,Room C16-111
TB3-C-C16-111-4,TBCV3-C-C16-111,Room C16-111
TB3-C-C16-112-1,TBCV3-C-C16-112,Room C16-112
TB3-C-C16-112-2,TBCV3-C-C16-112,Room C16-112
TB3-C-C16-112-3,TBCV3-C-C16-112,Room C16-112
TB3-C-C16-112-4,TBCV3-C-C16-112,Room C16-112
TB3-A-A01-001-1,TBCV3-A-A01-001,Room A01-001
TB3-A-A01-001-2,TBCV3-A-A01-001,Room A01-001
TB3-A-A01-001-3,TBCV3-A-A01-001,Room A01-001
TB3-A-A01-001-4,TBCV3-A-A01-001,Room A01-001
TB3-A-A01-001-5,TBCV3-A-A01-001,Room A01-001
TB3-A-A01-002-1,TBCV3-A-A01-002,Room A01-002
TB3-A-A01-002-2,TBCV3-A-A01-002,Room A01-002
TB3-A-A01-002-3,TBCV3-A-A01-002,Room A01-002
TB3-A-A01-002-4,TBCV3-A-A01-002,Room A01-002
TB3-A-A01-002-5,TBCV3-A-A01-002,Room A01-002
TB3-A-A01-003-1,TBCV3-A-A01-003,Room A01-003
TB3-A-A01-003-2,TBCV3-A-A01-003,Room A01-003
TB3-A-A01-003-3,TBCV3-A-A01-003,Room A01-003
TB3-A-A01-003-4,TBCV3-A-A01-003,Room A01-003
TB3-A-A01-003-5,TBCV3-A-A01-003,Room A01-003
TB3-A-A01-004-1,TBCV3-A-A01-004,Room A01-004
TB3-A-A01-004-2,TBCV3-A-A01-004,Room A01-004
TB3-A-A01-004-3,TBCV3-A-A01-004,Room A01-004
TB3-A-A01-004-4,TBCV3-A-A01-004,Room A01-004
TB3-A-A01-004-5,TBCV3-A-A01-004,Room A01-004
TB3-A-A01-005-1,TBCV3-A-A01-005,Room A01-005
TB3-A-A01-005-2,TBCV3-A-A01-005,Room A01-005
TB3-A-A01-005-3,TBCV3-A-A01-005,Room A01-005
TB3-A-A01-005-4,TBCV3-A-A01-005,Room A01-005
TB3-A-A01-005-5,TBCV3-A-A01-005,Room A01-005
TB3-A-A01-006-1,TBCV3-A-A01-006,Room A01-006
TB3-A-A01-006-2,TBCV3-A-A01-006,Room A01-006
TB3-A-A01-006-3,TBCV3-A-A01-006,Room A01-006
TB3-A-A01-006-4,TBCV3-A-A01-006,Room A01-006
TB3-A-A01-006-5,TBCV3-A-A01-006,Room A01-006
TB3-A-A01-007-1,TBCV3-A-A01-007,Room A01-007
TB3-A-A01-007-2,TBCV3-A-A01-007,Room A01-007
TB3-A-A01-007-3,TBCV3-A-A01-007,Room A01-007
TB3-A-A01-007-4,TBCV3-A-A01-007,Room A01-007
TB3-A-A01-007-5,TBCV3-A-A01-007,Room A01-007
TB3-A-A01-008-1,TBCV3-A-A01-008,Room A01-008
TB3-A-A01-008-2,TBCV3-A-A01-008,Room A01-008
TB3-A-A01-008-3,TBCV3-A-A01-008,Room A01-008
TB3-A-A01-008-4,TBCV3-A-A01-008,Room A01-008
TB3-A-A01-008-5,TBCV3-A-A01-008,Room A01-008
TB3-A-A01-009-1,TBCV3-A-A01-009,Room A01-009
TB3-A-A01-009-2,TBCV3-A-A01-009,Room A01-009
TB3-A-A01-009-3,TBCV3-A-A01-009,Room A01-009
TB3-A-A01-009-4,TBCV3-A-A01-009,Room A01-009
TB3-A-A01-009-5,TBCV3-A-A01-009,Room A01-009
TB3-A-A01-010-1,TBCV3-A-A01-010,Room A01-010
TB3-A-A01-010-2,TBCV3-A-A01-010,Room A01-010
TB3-A-A01-010-3,TBCV3-A-A01-010,Room A01-010
TB3-A-A01-010-4,TBCV3-A-A01-010,Room A01-010
TB3-A-A01-010-5,TBCV3-A-A01-010,Room A01-010
TB3-A-A01-011-1,TBCV3-A-A01-011,Room A01-011
TB3-A-A01-011-2,TBCV3-A-A01-011,Room A01-011
TB3-A-A01-011-3,TBCV3-A-A01-011,Room A01-011
TB3-A-A01-011-4,TBCV3-A-A01-011,Room A01-011
TB3-A-A01-011-5,TBCV3-A-A01-011,Room A01-011
TB3-A-A01-012-1,TBCV3-A-A01-012,Room A01-012
TB3-A-A01-012-2,TBCV3-A-A01-012,Room A01-012
TB3-A-A01-012-3,TBCV3-A-A01-012,Room A01-012
TB3-A-A01-012-4,TBCV3-A-A01-012,Room A01-012
TB3-A-A01-012-5,TBCV3-A-A01-012,Room A01-012
TB3-A-A01-101-1,TBCV3-A-A01-101,Room A01-101
TB3-A-A01-101-2,TBCV3-A-A01-101,Room A01-101
TB3-A-A01-101-3,TBCV3-A-A01-101,Room A01-101
TB3-A-A01-101-4,TBCV3-A-A01-101,Room A01-101
TB3-A-A01-102-1,TBCV3-A-A01-102,Room A01-102
TB3-A-A01-102-2,TBCV3-A-A01-102,Room A01-102
TB3-A-A01-102-3,TBCV3-A-A01-102,Room A01-102
TB3-A-A01-102-4,TBCV3-A-A01-102,Room A01-102
TB3-A-A01-103-1,TBCV3-A-A01-103,Room A01-103
TB3-A-A01-103-2,TBCV3-A-A01-103,Room A01-103
TB3-A-A01-103-3,TBCV3-A-A01-103,Room A01-103
TB3-A-A01-103-4,TBCV3-A-A01-103,Room A01-103
TB3-A-A01-104-1,TBCV3-A-A01-104,Room A01-104
TB3-A-A01-104-2,TBCV3-A-A01-104,Room A01-104
TB3-A-A01-104-3,TBCV3-A-A01-104,Room A01-104
TB3-A-A01-104-4,TBCV3-A-A01-104,Room A01-104
TB3-A-A01-105-1,TBCV3-A-A01-105,Room A01-105
TB3-A-A01-105-2,TBCV3-A-A01-105,Room A01-105
TB3-A-A01-105-3,TBCV3-A-A01-105,Room A01-105
TB3-A-A01-105-4,TBCV3-A-A01-105,Room A01-105
TB3-A-A01-106-1,TBCV3-A-A01-106,Room A01-106
TB3-A-A01-106-2,TBCV3-A-A01-106,Room A01-106
TB3-A-A01-106-3,TBCV3-A-A01-106,Room A01-106
TB3-A-A01-106-4,TBCV3-A-A01-106,Room A01-106
TB3-A-A01-107-1,TBCV3-A-A01-107,Room A01-107
TB3-A-A01-107-2,TBCV3-A-A01-107,Room A01-107
TB3-A-A01-107-3,TBCV3-A-A01-107,Room A01-107
TB3-A-A01-107-4,TBCV3-A-A01-107,Room A01-107
TB3-A-A01-108-1,TBCV3-A-A01-108,Room A01-108
TB3-A-A01-108-2,TBCV3-A-A01-108,Room A01-108
TB3-A-A01-108-3,TBCV3-A-A01-108,Room A01-108
TB3-A-A01-108-4,TBCV3-A-A01-108,Room A01-108
TB3-A-A01-109-1,TBCV3-A-A01-109,Room A01-109
TB3-A-A01-109-2,TBCV3-A-A01-109,Room A01-109
TB3-A-A01-109-3,TBCV3-A-A01-109,Room A01-109
TB3-A-A01-109-4,TBCV3-A-A01-109,Room A01-109
TB3-A-A01-110-1,TBCV3-A-A01-110,Room A01-110
TB3-A-A01-110-2,TBCV3-A-A01-110,Room A01-110
TB3-A-A01-110-3,TBCV3-A-A01-110,Room A01-110
TB3-A-A01-110-4,TBCV3-A-A01-110,Room A01-110
TB3-A-A01-111-1,TBCV3-A-A01-111,Room A01-111
TB3-A-A01-111-2,TBCV3-A-A01-111,Room A01-111
TB3-A-A01-111-3,TBCV3-A-A01-111,Room A01-111
TB3-A-A01-111-4,TBCV3-A-A01-111,Room A01-111
TB3-A-A01-112-1,TBCV3-A-A01-112,Room A01-112
TB3-A-A01-112-2,TBCV3-A-A01-112,Room A01-112
TB3-A-A01-112-3,TBCV3-A-A01-112,Room A01-112
TB3-A-A01-112-4,TBCV3-A-A01-112,Room A01-112
TB3-A-A02-001-1,TBCV3-A-A02-001,Room A02-001
TB3-A-A02-001-2,TBCV3-A-A02-001,Room A02-001
TB3-A-A02-001-3,TBCV3-A-A02-001,Room A02-001
TB3-A-A02-001-4,TBCV3-A-A02-001,Room A02-001
TB3-A-A02-001-5,TBCV3-A-A02-001,Room A02-001
TB3-A-A02-002-1,TBCV3-A-A02-002,Room A02-002
TB3-A-A02-002-2,TBCV3-A-A02-002,Room A02-002
TB3-A-A02-002-3,TBCV3-A-A02-002,Room A02-002
TB3-A-A02-002-4,TBCV3-A-A02-002,Room A02-002
TB3-A-A02-002-5,TBCV3-A-A02-002,Room A02-002
TB3-A-A02-003-1,TBCV3-A-A02-003,Room A02-003
TB3-A-A02-003-2,TBCV3-A-A02-003,Room A02-003
TB3-A-A02-003-3,TBCV3-A-A02-003,Room A02-003
TB3-A-A02-003-4,TBCV3-A-A02-003,Room A02-003
TB3-A-A02-003-5,TBCV3-A-A02-003,Room A02-003
TB3-A-A02-004-1,TBCV3-A-A02-004,Room A02-004
TB3-A-A02-004-2,TBCV3-A-A02-004,Room A02-004
TB3-A-A02-004-3,TBCV3-A-A02-004,Room A02-004
TB3-A-A02-004-4,TBCV3-A-A02-004,Room A02-004
TB3-A-A02-004-5,TBCV3-A-A02-004,Room A02-004
TB3-A-A02-005-1,TBCV3-A-A02-005,Room A02-005
TB3-A-A02-005-2,TBCV3-A-A02-005,Room A02-005
TB3-A-A02-005-3,TBCV3-A-A02-005,Room A02-005
TB3-A-A02-005-4,TBCV3-A-A02-005,Room A02-005
TB3-A-A02-005-5,TBCV3-A-A02-005,Room A02-005
TB3-A-A02-006-1,TBCV3-A-A02-006,Room A02-006
TB3-A-A02-006-2,TBCV3-A-A02-006,Room A02-006
TB3-A-A02-006-3,TBCV3-A-A02-006,Room A02-006
TB3-A-A02-006-4,TBCV3-A-A02-006,Room A02-006
TB3-A-A02-006-5,TBCV3-A-A02-006,Room A02-006
TB3-A-A02-007-1,TBCV3-A-A02-007,Room A02-007
TB3-A-A02-007-2,TBCV3-A-A02-007,Room A02-007
TB3-A-A02-007-3,TBCV3-A-A02-007,Room A02-007
TB3-A-A02-007-4,TBCV3-A-A02-007,Room A02-007
TB3-A-A02-007-5,TBCV3-A-A02-007,Room A02-007
TB3-A-A02-008-1,TBCV3-A-A02-008,Room A02-008
TB3-A-A02-008-2,TBCV3-A-A02-008,Room A02-008
TB3-A-A02-008-3,TBCV3-A-A02-008,Room A02-008
TB3-A-A02-008-4,TBCV3-A-A02-008,Room A02-008
TB3-A-A02-008-5,TBCV3-A-A02-008,Room A02-008
TB3-A-A02-009-1,TBCV3-A-A02-009,Room A02-009
TB3-A-A02-009-2,TBCV3-A-A02-009,Room A02-009
TB3-A-A02-009-3,TBCV3-A-A02-009,Room A02-009
TB3-A-A02-009-4,TBCV3-A-A02-009,Room A02-009
TB3-A-A02-009-5,TBCV3-A-A02-009,Room A02-009
TB3-A-A02-010-1,TBCV3-A-A02-010,Room A02-010
TB3-A-A02-010-2,TBCV3-A-A02-010,Room A02-010
TB3-A-A02-010-3,TBCV3-A-A02-010,Room A02-010
TB3-A-A02-010-4,TBCV3-A-A02-010,Room A02-010
TB3-A-A02-010-5,TBCV3-A-A02-010,Room A02-010
TB3-A-A02-011-1,TBCV3-A-A02-011,Room A02-011
TB3-A-A02-011-2,TBCV3-A-A02-011,Room A02-011
TB3-A-A02-011-3,TBCV3-A-A02-011,Room A02-011
TB3-A-A02-011-4,TBCV3-A-A02-011,Room A02-011
TB3-A-A02-011-5,TBCV3-A-A02-011,Room A02-011
TB3-A-A02-012-1,TBCV3-A-A02-012,Room A02-012
TB3-A-A02-012-2,TBCV3-A-A02-012,Room A02-012
TB3-A-A02-012-3,TBCV3-A-A02-012,Room A02-012
TB3-A-A02-012-4,TBCV3-A-A02-012,Room A02-012
TB3-A-A02-012-5,TBCV3-A-A02-012,Room A02-012
TB3-A-A02-101-1,TBCV3-A-A02-101,Room A02-101
TB3-A-A02-101-2,TBCV3-A-A02-101,Room A02-101
TB3-A-A02-101-3,TBCV3-A-A02-101,Room A02-101
TB3-A-A02-101-4,TBCV3-A-A02-101,Room A02-101
TB3-A-A02-102-1,TBCV3-A-A02-102,Room A02-102
TB3-A-A02-102-2,TBCV3-A-A02-102,Room A02-102
TB3-A-A02-102-3,TBCV3-A-A02-102,Room A02-102
TB3-A-A02-102-4,TBCV3-A-A02-102,Room A02-102
TB3-A-A02-103-1,TBCV3-A-A02-103,Room A02-103
TB3-A-A02-103-2,TBCV3-A-A02-103,Room A02-103
TB3-A-A02-103-3,TBCV3-A-A02-103,Room A02-103
TB3-A-A02-103-4,TBCV3-A-A02-103,Room A02-103
TB3-A-A02-104-1,TBCV3-A-A02-104,Room A02-104
TB3-A-A02-104-2,TBCV3-A-A02-104,Room A02-104
TB3-A-A02-104-3,TBCV3-A-A02-104,Room A02-104
TB3-A-A02-104-4,TBCV3-A-A02-104,Room A02-104
TB3-A-A02-105-1,TBCV3-A-A02-105,Room A02-105
TB3-A-A02-105-2,TBCV3-A-A02-105,Room A02-105
TB3-A-A02-105-3,TBCV3-A-A02-105,Room A02-105
TB3-A-A02-105-4,TBCV3-A-A02-105,Room A02-105
TB3-A-A02-106-1,TBCV3-A-A02-106,Room A02-106
TB3-A-A02-106-2,TBCV3-A-A02-106,Room A02-106
TB3-A-A02-106-3,TBCV3-A-A02-106,Room A02-106
TB3-A-A02-106-4,TBCV3-A-A02-106,Room A02-106
TB3-A-A02-107-1,TBCV3-A-A02-107,Room A02-107
TB3-A-A02-107-2,TBCV3-A-A02-107,Room A02-107
TB3-A-A02-107-3,TBCV3-A-A02-107,Room A02-107
TB3-A-A02-107-4,TBCV3-A-A02-107,Room A02-107
TB3-A-A02-108-1,TBCV3-A-A02-108,Room A02-108
TB3-A-A02-108-2,TBCV3-A-A02-108,Room A02-108
TB3-A-A02-108-3,TBCV3-A-A02-108,Room A02-108
TB3-A-A02-108-4,TBCV3-A-A02-108,Room A02-108
TB3-A-A02-109-1,TBCV3-A-A02-109,Room A02-109
TB3-A-A02-109-2,TBCV3-A-A02-109,Room A02-109
TB3-A-A02-109-3,TBCV3-A-A02-109,Room A02-109
TB3-A-A02-109-4,TBCV3-A-A02-109,Room A02-109
TB3-A-A02-110-1,TBCV3-A-A02-110,Room A02-110
TB3-A-A02-110-2,TBCV3-A-A02-110,Room A02-110
TB3-A-A02-110-3,TBCV3-A-A02-110,Room A02-110
TB3-A-A02-110-4,TBCV3-A-A02-110,Room A02-110
TB3-A-A02-111-1,TBCV3-A-A02-111,Room A02-111
TB3-A-A02-111-2,TBCV3-A-A02-111,Room A02-111
TB3-A-A02-111-3,TBCV3-A-A02-111,Room A02-111
TB3-A-A02-111-4,TBCV3-A-A02-111,Room A02-111
TB3-A-A02-112-1,TBCV3-A-A02-112,Room A02-112
TB3-A-A02-112-2,TBCV3-A-A02-112,Room A02-112
TB3-A-A02-112-3,TBCV3-A-A02-112,Room A02-112
TB3-A-A02-112-4,TBCV3-A-A02-112,Room A02-112
TB3-A-A03-001-1,TBCV3-A-A03-001,Room A03-001
TB3-A-A03-001-2,TBCV3-A-A03-001,Room A03-001
TB3-A-A03-001-3,TBCV3-A-A03-001,Room A03-001
TB3-A-A03-001-4,TBCV3-A-A03-001,Room A03-001
TB3-A-A03-001-5,TBCV3-A-A03-001,Room A03-001
TB3-A-A03-002-1,TBCV3-A-A03-002,Room A03-002
TB3-A-A03-002-2,TBCV3-A-A03-002,Room A03-002
TB3-A-A03-002-3,TBCV3-A-A03-002,Room A03-002
TB3-A-A03-002-4,TBCV3-A-A03-002,Room A03-002
TB3-A-A03-002-5,TBCV3-A-A03-002,Room A03-002
TB3-A-A03-003-1,TBCV3-A-A03-003,Room A03-003
TB3-A-A03-003-2,TBCV3-A-A03-003,Room A03-003
TB3-A-A03-003-3,TBCV3-A-A03-003,Room A03-003
TB3-A-A03-003-4,TBCV3-A-A03-003,Room A03-003
TB3-A-A03-003-5,TBCV3-A-A03-003,Room A03-003
TB3-A-A03-004-1,TBCV3-A-A03-004,Room A03-004
TB3-A-A03-004-2,TBCV3-A-A03-004,Room A03-004
TB3-A-A03-004-3,TBCV3-A-A03-004,Room A03-004
TB3-A-A03-004-4,TBCV3-A-A03-004,Room A03-004
TB3-A-A03-004-5,TBCV3-A-A03-004,Room A03-004
TB3-A-A03-005-1,TBCV3-A-A03-005,Room A03-005
TB3-A-A03-005-2,TBCV3-A-A03-005,Room A03-005
TB3-A-A03-005-3,TBCV3-A-A03-005,Room A03-005
TB3-A-A03-005-4,TBCV3-A-A03-005,Room A03-005
TB3-A-A03-005-5,TBCV3-A-A03-005,Room A03-005
TB3-A-A03-006-1,TBCV3-A-A03-006,Room A03-006
TB3-A-A03-006-2,TBCV3-A-A03-006,Room A03-006
TB3-A-A03-006-3,TBCV3-A-A03-006,Room A03-006
TB3-A-A03-006-4,TBCV3-A-A03-006,Room A03-006
TB3-A-A03-006-5,TBCV3-A-A03-006,Room A03-006
TB3-A-A03-007-1,TBCV3-A-A03-007,Room A03-007
TB3-A-A03-007-2,TBCV3-A-A03-007,Room A03-007
TB3-A-A03-007-3,TBCV3-A-A03-007,Room A03-007
TB3-A-A03-007-4,TBCV3-A-A03-007,Room A03-007
TB3-A-A03-007-5,TBCV3-A-A03-007,Room A03-007
TB3-A-A03-008-1,TBCV3-A-A03-008,Room A03-008
TB3-A-A03-008-2,TBCV3-A-A03-008,Room A03-008
TB3-A-A03-008-3,TBCV3-A-A03-008,Room A03-008
TB3-A-A03-008-4,TBCV3-A-A03-008,Room A03-008
TB3-A-A03-008-5,TBCV3-A-A03-008,Room A03-008
TB3-A-A03-009-1,TBCV3-A-A03-009,Room A03-009
TB3-A-A03-009-2,TBCV3-A-A03-009,Room A03-009
TB3-A-A03-009-3,TBCV3-A-A03-009,Room A03-009
TB3-A-A03-009-4,TBCV3-A-A03-009,Room A03-009
TB3-A-A03-009-5,TBCV3-A-A03-009,Room A03-009
TB3-A-A03-010-1,TBCV3-A-A03-010,Room A03-010
TB3-A-A03-010-2,TBCV3-A-A03-010,Room A03-010
TB3-A-A03-010-3,TBCV3-A-A03-010,Room A03-010
TB3-A-A03-010-4,TBCV3-A-A03-010,Room A03-010
TB3-A-A03-010-5,TBCV3-A-A03-010,Room A03-010
TB3-A-A03-011-1,TBCV3-A-A03-011,Room A03-011
TB3-A-A03-011-2,TBCV3-A-A03-011,Room A03-011
TB3-A-A03-011-3,TBCV3-A-A03-011,Room A03-011
TB3-A-A03-011-4,TBCV3-A-A03-011,Room A03-011
TB3-A-A03-011-5,TBCV3-A-A03-011,Room A03-011
TB3-A-A03-012-1,TBCV3-A-A03-012,Room A03-012
TB3-A-A03-012-2,TBCV3-A-A03-012,Room A03-012
TB3-A-A03-012-3,TBCV3-A-A03-012,Room A03-012
TB3-A-A03-012-4,TBCV3-A-A03-012,Room A03-012
TB3-A-A03-012-5,TBCV3-A-A03-012,Room A03-012
TB3-A-A03-101-1,TBCV3-A-A03-101,Room A03-101
TB3-A-A03-101-2,TBCV3-A-A03-101,Room A03-101
TB3-A-A03-101-3,TBCV3-A-A03-101,Room A03-101
TB3-A-A03-101-4,TBCV3-A-A03-101,Room A03-101
TB3-A-A03-102-1,TBCV3-A-A03-102,Room A03-102
TB3-A-A03-102-2,TBCV3-A-A03-102,Room A03-102
TB3-A-A03-102-3,TBCV3-A-A03-102,Room A03-102
TB3-A-A03-102-4,TBCV3-A-A03-102,Room A03-102
TB3-A-A03-103-1,TBCV3-A-A03-103,Room A03-103
TB3-A-A03-103-2,TBCV3-A-A03-103,Room A03-103
TB3-A-A03-103-3,TBCV3-A-A03-103,Room A03-103
TB3-A-A03-103-4,TBCV3-A-A03-103,Room A03-103
TB3-A-A03-104-1,TBCV3-A-A03-104,Room A03-104
TB3-A-A03-104-2,TBCV3-A-A03-104,Room A03-104
TB3-A-A03-104-3,TBCV3-A-A03-104,Room A03-104
TB3-A-A03-104-4,TBCV3-A-A03-104,Room A03-104
TB3-A-A03-105-1,TBCV3-A-A03-105,Room A03-105
TB3-A-A03-105-2,TBCV3-A-A03-105,Room A03-105
TB3-A-A03-105-3,TBCV3-A-A03-105,Room A03-105
TB3-A-A03-105-4,TBCV3-A-A03-105,Room A03-105
TB3-A-A03-106-1,TBCV3-A-A03-106,Room A03-106
TB3-A-A03-106-2,TBCV3-A-A03-106,Room A03-106
TB3-A-A03-106-3,TBCV3-A-A03-106,Room A03-106
TB3-A-A03-106-4,TBCV3-A-A03-106,Room A03-106
TB3-A-A03-107-1,TBCV3-A-A03-107,Room A03-107
TB3-A-A03-107-2,TBCV3-A-A03-107,Room A03-107
TB3-A-A03-107-3,TBCV3-A-A03-107,Room A03-107
TB3-A-A03-107-4,TBCV3-A-A03-107,Room A03-107
TB3-A-A03-108-1,TBCV3-A-A03-108,Room A03-108
TB3-A-A03-108-2,TBCV3-A-A03-108,Room A03-108
TB3-A-A03-108-3,TBCV3-A-A03-108,Room A03-108
TB3-A-A03-108-4,TBCV3-A-A03-108,Room A03-108
TB3-A-A03-109-1,TBCV3-A-A03-109,Room A03-109
TB3-A-A03-109-2,TBCV3-A-A03-109,Room A03-109
TB3-A-A03-109-3,TBCV3-A-A03-109,Room A03-109
TB3-A-A03-109-4,TBCV3-A-A03-109,Room A03-109
TB3-A-A03-110-1,TBCV3-A-A03-110,Room A03-110
TB3-A-A03-110-2,TBCV3-A-A03-110,Room A03-110
TB3-A-A03-110-3,TBCV3-A-A03-110,Room A03-110
TB3-A-A03-110-4,TBCV3-A-A03-110,Room A03-110
TB3-A-A03-111-1,TBCV3-A-A03-111,Room A03-111
TB3-A-A03-111-2,TBCV3-A-A03-111,Room A03-111
TB3-A-A03-111-3,TBCV3-A-A03-111,Room A03-111
TB3-A-A03-111-4,TBCV3-A-A03-111,Room A03-111
TB3-A-A03-112-1,TBCV3-A-A03-112,Room A03-112
TB3-A-A03-112-2,TBCV3-A-A03-112,Room A03-112
TB3-A-A03-112-3,TBCV3-A-A03-112,Room A03-112
TB3-A-A03-112-4,TBCV3-A-A03-112,Room A03-112
TB3-A-A04-001-1,TBCV3-A-A04-001,Room A04-001
TB3-A-A04-001-2,TBCV3-A-A04-001,Room A04-001
TB3-A-A04-001-3,TBCV3-A-A04-001,Room A04-001
TB3-A-A04-001-4,TBCV3-A-A04-001,Room A04-001
TB3-A-A04-001-5,TBCV3-A-A04-001,Room A04-001
TB3-A-A04-002-1,TBCV3-A-A04-002,Room A04-002
TB3-A-A04-002-2,TBCV3-A-A04-002,Room A04-002
TB3-A-A04-002-3,TBCV3-A-A04-002,Room A04-002
TB3-A-A04-002-4,TBCV3-A-A04-002,Room A04-002
TB3-A-A04-002-5,TBCV3-A-A04-002,Room A04-002
TB3-A-A04-003-1,TBCV3-A-A04-003,Room A04-003
TB3-A-A04-003-2,TBCV3-A-A04-003,Room A04-003
TB3-A-A04-003-3,TBCV3-A-A04-003,Room A04-003
TB3-A-A04-003-4,TBCV3-A-A04-003,Room A04-003
TB3-A-A04-003-5,TBCV3-A-A04-003,Room A04-003
TB3-A-A04-004-1,TBCV3-A-A04-004,Room A04-004
TB3-A-A04-004-2,TBCV3-A-A04-004,Room A04-004
TB3-A-A04-004-3,TBCV3-A-A04-004,Room A04-004
TB3-A-A04-004-4,TBCV3-A-A04-004,Room A04-004
TB3-A-A04-004-5,TBCV3-A-A04-004,Room A04-004
TB3-A-A04-005-1,TBCV3-A-A04-005,Room A04-005
TB3-A-A04-005-2,TBCV3-A-A04-005,Room A04-005
TB3-A-A04-005-3,TBCV3-A-A04-005,Room A04-005
TB3-A-A04-005-4,TBCV3-A-A04-005,Room A04-005
TB3-A-A04-005-5,TBCV3-A-A04-005,Room A04-005
TB3-A-A04-006-1,TBCV3-A-A04-006,Room A04-006
TB3-A-A04-006-2,TBCV3-A-A04-006,Room A04-006
TB3-A-A04-006-3,TBCV3-A-A04-006,Room A04-006
TB3-A-A04-006-4,TBCV3-A-A04-006,Room A04-006
TB3-A-A04-006-5,TBCV3-A-A04-006,Room A04-006
TB3-A-A04-007-1,TBCV3-A-A04-007,Room A04-007
TB3-A-A04-007-2,TBCV3-A-A04-007,Room A04-007
TB3-A-A04-007-3,TBCV3-A-A04-007,Room A04-007
TB3-A-A04-007-4,TBCV3-A-A04-007,Room A04-007
TB3-A-A04-007-5,TBCV3-A-A04-007,Room A04-007
TB3-A-A04-008-1,TBCV3-A-A04-008,Room A04-008
TB3-A-A04-008-2,TBCV3-A-A04-008,Room A04-008
TB3-A-A04-008-3,TBCV3-A-A04-008,Room A04-008
TB3-A-A04-008-4,TBCV3-A-A04-008,Room A04-008
TB3-A-A04-008-5,TBCV3-A-A04-008,Room A04-008
TB3-A-A04-009-1,TBCV3-A-A04-009,Room A04-009
TB3-A-A04-009-2,TBCV3-A-A04-009,Room A04-009
TB3-A-A04-009-3,TBCV3-A-A04-009,Room A04-009
TB3-A-A04-009-4,TBCV3-A-A04-009,Room A04-009
TB3-A-A04-009-5,TBCV3-A-A04-009,Room A04-009
TB3-A-A04-010-1,TBCV3-A-A04-010,Room A04-010
TB3-A-A04-010-2,TBCV3-A-A04-010,Room A04-010
TB3-A-A04-010-3,TBCV3-A-A04-010,Room A04-010
TB3-A-A04-010-4,TBCV3-A-A04-010,Room A04-010
TB3-A-A04-010-5,TBCV3-A-A04-010,Room A04-010
TB3-A-A04-011-1,TBCV3-A-A04-011,Room A04-011
TB3-A-A04-011-2,TBCV3-A-A04-011,Room A04-011
TB3-A-A04-011-3,TBCV3-A-A04-011,Room A04-011
TB3-A-A04-011-4,TBCV3-A-A04-011,Room A04-011
TB3-A-A04-011-5,TBCV3-A-A04-011,Room A04-011
TB3-A-A04-012-1,TBCV3-A-A04-012,Room A04-012
TB3-A-A04-012-2,TBCV3-A-A04-012,Room A04-012
TB3-A-A04-012-3,TBCV3-A-A04-012,Room A04-012
TB3-A-A04-012-4,TBCV3-A-A04-012,Room A04-012
TB3-A-A04-012-5,TBCV3-A-A04-012,Room A04-012
TB3-A-A04-101-1,TBCV3-A-A04-101,Room A04-101
TB3-A-A04-101-2,TBCV3-A-A04-101,Room A04-101
TB3-A-A04-101-3,TBCV3-A-A04-101,Room A04-101
TB3-A-A04-101-4,TBCV3-A-A04-101,Room A04-101
TB3-A-A04-102-1,TBCV3-A-A04-102,Room A04-102
TB3-A-A04-102-2,TBCV3-A-A04-102,Room A04-102
TB3-A-A04-102-3,TBCV3-A-A04-102,Room A04-102
TB3-A-A04-102-4,TBCV3-A-A04-102,Room A04-102
TB3-A-A04-103-1,TBCV3-A-A04-103,Room A04-103
TB3-A-A04-103-2,TBCV3-A-A04-103,Room A04-103
TB3-A-A04-103-3,TBCV3-A-A04-103,Room A04-103
TB3-A-A04-103-4,TBCV3-A-A04-103,Room A04-103
TB3-A-A04-104-1,TBCV3-A-A04-104,Room A04-104
TB3-A-A04-104-2,TBCV3-A-A04-104,Room A04-104
TB3-A-A04-104-3,TBCV3-A-A04-104,Room A04-104
TB3-A-A04-104-4,TBCV3-A-A04-104,Room A04-104
TB3-A-A04-105-1,TBCV3-A-A04-105,Room A04-105
TB3-A-A04-105-2,TBCV3-A-A04-105,Room A04-105
TB3-A-A04-105-3,TBCV3-A-A04-105,Room A04-105
TB3-A-A04-105-4,TBCV3-A-A04-105,Room A04-105
TB3-A-A04-106-1,TBCV3-A-A04-106,Room A04-106
TB3-A-A04-106-2,TBCV3-A-A04-106,Room A04-106
TB3-A-A04-106-3,TBCV3-A-A04-106,Room A04-106
TB3-A-A04-106-4,TBCV3-A-A04-106,Room A04-106
TB3-A-A04-107-1,TBCV3-A-A04-107,Room A04-107
TB3-A-A04-107-2,TBCV3-A-A04-107,Room A04-107
TB3-A-A04-107-3,TBCV3-A-A04-107,Room A04-107
TB3-A-A04-107-4,TBCV3-A-A04-107,Room A04-107
TB3-A-A04-108-1,TBCV3-A-A04-108,Room A04-108
TB3-A-A04-108-2,TBCV3-A-A04-108,Room A04-108
TB3-A-A04-108-3,TBCV3-A-A04-108,Room A04-108
TB3-A-A04-108-4,TBCV3-A-A04-108,Room A04-108
TB3-A-A04-109-1,TBCV3-A-A04-109,Room A04-109
TB3-A-A04-109-2,TBCV3-A-A04-109,Room A04-109
TB3-A-A04-109-3,TBCV3-A-A04-109,Room A04-109
TB3-A-A04-109-4,TBCV3-A-A04-109,Room A04-109
TB3-A-A04-110-1,TBCV3-A-A04-110,Room A04-110
TB3-A-A04-110-2,TBCV3-A-A04-110,Room A04-110
TB3-A-A04-110-3,TBCV3-A-A04-110,Room A04-110
TB3-A-A04-110-4,TBCV3-A-A04-110,Room A04-110
TB3-A-A04-111-1,TBCV3-A-A04-111,Room A04-111
TB3-A-A04-111-2,TBCV3-A-A04-111,Room A04-111
TB3-A-A04-111-3,TBCV3-A-A04-111,Room A04-111
TB3-A-A04-111-4,TBCV3-A-A04-111,Room A04-111
TB3-A-A04-112-1,TBCV3-A-A04-112,Room A04-112
TB3-A-A04-112-2,TBCV3-A-A04-112,Room A04-112
TB3-A-A04-112-3,TBCV3-A-A04-112,Room A04-112
TB3-A-A04-112-4,TBCV3-A-A04-112,Room A04-112
TB3-A-A05-001-1,TBCV3-A-A05-001,Room A05-001
TB3-A-A05-001-2,TBCV3-A-A05-001,Room A05-001
TB3-A-A05-001-3,TBCV3-A-A05-001,Room A05-001
TB3-A-A05-001-4,TBCV3-A-A05-001,Room A05-001
TB3-A-A05-001-5,TBCV3-A-A05-001,Room A05-001
TB3-A-A05-002-1,TBCV3-A-A05-002,Room A05-002
TB3-A-A05-002-2,TBCV3-A-A05-002,Room A05-002
TB3-A-A05-002-3,TBCV3-A-A05-002,Room A05-002
TB3-A-A05-002-4,TBCV3-A-A05-002,Room A05-002
TB3-A-A05-002-5,TBCV3-A-A05-002,Room A05-002
TB3-A-A05-003-1,TBCV3-A-A05-003,Room A05-003
TB3-A-A05-003-2,TBCV3-A-A05-003,Room A05-003
TB3-A-A05-003-3,TBCV3-A-A05-003,Room A05-003
TB3-A-A05-003-4,TBCV3-A-A05-003,Room A05-003
TB3-A-A05-003-5,TBCV3-A-A05-003,Room A05-003
TB3-A-A05-004-1,TBCV3-A-A05-004,Room A05-004
TB3-A-A05-004-2,TBCV3-A-A05-004,Room A05-004
TB3-A-A05-004-3,TBCV3-A-A05-004,Room A05-004
TB3-A-A05-004-4,TBCV3-A-A05-004,Room A05-004
TB3-A-A05-004-5,TBCV3-A-A05-004,Room A05-004
TB3-A-A05-005-1,TBCV3-A-A05-005,Room A05-005
TB3-A-A05-005-2,TBCV3-A-A05-005,Room A05-005
TB3-A-A05-005-3,TBCV3-A-A05-005,Room A05-005
TB3-A-A05-005-4,TBCV3-A-A05-005,Room A05-005
TB3-A-A05-005-5,TBCV3-A-A05-005,Room A05-005
TB3-A-A05-006-1,TBCV3-A-A05-006,Room A05-006
TB3-A-A05-006-2,TBCV3-A-A05-006,Room A05-006
TB3-A-A05-006-3,TBCV3-A-A05-006,Room A05-006
TB3-A-A05-006-4,TBCV3-A-A05-006,Room A05-006
TB3-A-A05-006-5,TBCV3-A-A05-006,Room A05-006
TB3-A-A05-007-1,TBCV3-A-A05-007,Room A05-007
TB3-A-A05-007-2,TBCV3-A-A05-007,Room A05-007
TB3-A-A05-007-3,TBCV3-A-A05-007,Room A05-007
TB3-A-A05-007-4,TBCV3-A-A05-007,Room A05-007
TB3-A-A05-007-5,TBCV3-A-A05-007,Room A05-007
TB3-A-A05-008-1,TBCV3-A-A05-008,Room A05-008
TB3-A-A05-008-2,TBCV3-A-A05-008,Room A05-008
TB3-A-A05-008-3,TBCV3-A-A05-008,Room A05-008
TB3-A-A05-008-4,TBCV3-A-A05-008,Room A05-008
TB3-A-A05-008-5,TBCV3-A-A05-008,Room A05-008
TB3-A-A05-009-1,TBCV3-A-A05-009,Room A05-009
TB3-A-A05-009-2,TBCV3-A-A05-009,Room A05-009
TB3-A-A05-009-3,TBCV3-A-A05-009,Room A05-009
TB3-A-A05-009-4,TBCV3-A-A05-009,Room A05-009
TB3-A-A05-009-5,TBCV3-A-A05-009,Room A05-009
TB3-A-A05-010-1,TBCV3-A-A05-010,Room A05-010
TB3-A-A05-010-2,TBCV3-A-A05-010,Room A05-010
TB3-A-A05-010-3,TBCV3-A-A05-010,Room A05-010
TB3-A-A05-010-4,TBCV3-A-A05-010,Room A05-010
TB3-A-A05-010-5,TBCV3-A-A05-010,Room A05-010
TB3-A-A05-011-1,TBCV3-A-A05-011,Room A05-011
TB3-A-A05-011-2,TBCV3-A-A05-011,Room A05-011
TB3-A-A05-011-3,TBCV3-A-A05-011,Room A05-011
TB3-A-A05-011-4,TBCV3-A-A05-011,Room A05-011
TB3-A-A05-011-5,TBCV3-A-A05-011,Room A05-011
TB3-A-A05-012-1,TBCV3-A-A05-012,Room A05-012
TB3-A-A05-012-2,TBCV3-A-A05-012,Room A05-012
TB3-A-A05-012-3,TBCV3-A-A05-012,Room A05-012
TB3-A-A05-012-4,TBCV3-A-A05-012,Room A05-012
TB3-A-A05-012-5,TBCV3-A-A05-012,Room A05-012
TB3-A-A05-101-1,TBCV3-A-A05-101,Room A05-101
TB3-A-A05-101-2,TBCV3-A-A05-101,Room A05-101
TB3-A-A05-101-3,TBCV3-A-A05-101,Room A05-101
TB3-A-A05-101-4,TBCV3-A-A05-101,Room A05-101
TB3-A-A05-102-1,TBCV3-A-A05-102,Room A05-102
TB3-A-A05-102-2,TBCV3-A-A05-102,Room A05-102
TB3-A-A05-102-3,TBCV3-A-A05-102,Room A05-102
TB3-A-A05-102-4,TBCV3-A-A05-102,Room A05-102
TB3-A-A05-103-1,TBCV3-A-A05-103,Room A05-103
TB3-A-A05-103-2,TBCV3-A-A05-103,Room A05-103
TB3-A-A05-103-3,TBCV3-A-A05-103,Room A05-103
TB3-A-A05-103-4,TBCV3-A-A05-103,Room A05-103
TB3-A-A05-104-1,TBCV3-A-A05-104,Room A05-104
TB3-A-A05-104-2,TBCV3-A-A05-104,Room A05-104
TB3-A-A05-104-3,TBCV3-A-A05-104,Room A05-104
TB3-A-A05-104-4,TBCV3-A-A05-104,Room A05-104
TB3-A-A05-105-1,TBCV3-A-A05-105,Room A05-105
TB3-A-A05-105-2,TBCV3-A-A05-105,Room A05-105
TB3-A-A05-105-3,TBCV3-A-A05-105,Room A05-105
TB3-A-A05-105-4,TBCV3-A-A05-105,Room A05-105
TB3-A-A05-106-1,TBCV3-A-A05-106,Room A05-106
TB3-A-A05-106-2,TBCV3-A-A05-106,Room A05-106
TB3-A-A05-106-3,TBCV3-A-A05-106,Room A05-106
TB3-A-A05-106-4,TBCV3-A-A05-106,Room A05-106
TB3-A-A05-107-1,TBCV3-A-A05-107,Room A05-107
TB3-A-A05-107-2,TBCV3-A-A05-107,Room A05-107
TB3-A-A05-107-3,TBCV3-A-A05-107,Room A05-107
TB3-A-A05-107-4,TBCV3-A-A05-107,Room A05-107
TB3-A-A05-108-1,TBCV3-A-A05-108,Room A05-108
TB3-A-A05-108-2,TBCV3-A-A05-108,Room A05-108
TB3-A-A05-108-3,TBCV3-A-A05-108,Room A05-108
TB3-A-A05-108-4,TBCV3-A-A05-108,Room A05-108
TB3-A-A05-109-1,TBCV3-A-A05-109,Room A05-109
TB3-A-A05-109-2,TBCV3-A-A05-109,Room A05-109
TB3-A-A05-109-3,TBCV3-A-A05-109,Room A05-109
TB3-A-A05-109-4,TBCV3-A-A05-109,Room A05-109
TB3-A-A05-110-1,TBCV3-A-A05-110,Room A05-110
TB3-A-A05-110-2,TBCV3-A-A05-110,Room A05-110
TB3-A-A05-110-3,TBCV3-A-A05-110,Room A05-110
TB3-A-A05-110-4,TBCV3-A-A05-110,Room A05-110
TB3-A-A05-111-1,TBCV3-A-A05-111,Room A05-111
TB3-A-A05-111-2,TBCV3-A-A05-111,Room A05-111
TB3-A-A05-111-3,TBCV3-A-A05-111,Room A05-111
TB3-A-A05-111-4,TBCV3-A-A05-111,Room A05-111
TB3-A-A05-112-1,TBCV3-A-A05-112,Room A05-112
TB3-A-A05-112-2,TBCV3-A-A05-112,Room A05-112
TB3-A-A05-112-3,TBCV3-A-A05-112,Room A05-112
TB3-A-A05-112-4,TBCV3-A-A05-112,Room A05-112
TB3-A-A06-001-1,TBCV3-A-A06-001,Room A06-001
TB3-A-A06-001-2,TBCV3-A-A06-001,Room A06-001
TB3-A-A06-001-3,TBCV3-A-A06-001,Room A06-001
TB3-A-A06-001-4,TBCV3-A-A06-001,Room A06-001
TB3-A-A06-001-5,TBCV3-A-A06-001,Room A06-001
TB3-A-A06-002-1,TBCV3-A-A06-002,Room A06-002
TB3-A-A06-002-2,TBCV3-A-A06-002,Room A06-002
TB3-A-A06-002-3,TBCV3-A-A06-002,Room A06-002
TB3-A-A06-002-4,TBCV3-A-A06-002,Room A06-002
TB3-A-A06-002-5,TBCV3-A-A06-002,Room A06-002
TB3-A-A06-003-1,TBCV3-A-A06-003,Room A06-003
TB3-A-A06-003-2,TBCV3-A-A06-003,Room A06-003
TB3-A-A06-003-3,TBCV3-A-A06-003,Room A06-003
TB3-A-A06-003-4,TBCV3-A-A06-003,Room A06-003
TB3-A-A06-003-5,TBCV3-A-A06-003,Room A06-003
TB3-A-A06-004-1,TBCV3-A-A06-004,Room A06-004
TB3-A-A06-004-2,TBCV3-A-A06-004,Room A06-004
TB3-A-A06-004-3,TBCV3-A-A06-004,Room A06-004
TB3-A-A06-004-4,TBCV3-A-A06-004,Room A06-004
TB3-A-A06-004-5,TBCV3-A-A06-004,Room A06-004
TB3-A-A06-005-1,TBCV3-A-A06-005,Room A06-005
TB3-A-A06-005-2,TBCV3-A-A06-005,Room A06-005
TB3-A-A06-005-3,TBCV3-A-A06-005,Room A06-005
TB3-A-A06-005-4,TBCV3-A-A06-005,Room A06-005
TB3-A-A06-005-5,TBCV3-A-A06-005,Room A06-005
TB3-A-A06-006-1,TBCV3-A-A06-006,Room A06-006
TB3-A-A06-006-2,TBCV3-A-A06-006,Room A06-006
TB3-A-A06-006-3,TBCV3-A-A06-006,Room A06-006
TB3-A-A06-006-4,TBCV3-A-A06-006,Room A06-006
TB3-A-A06-006-5,TBCV3-A-A06-006,Room A06-006
TB3-A-A06-007-1,TBCV3-A-A06-007,Room A06-007
TB3-A-A06-007-2,TBCV3-A-A06-007,Room A06-007
TB3-A-A06-007-3,TBCV3-A-A06-007,Room A06-007
TB3-A-A06-007-4,TBCV3-A-A06-007,Room A06-007
TB3-A-A06-007-5,TBCV3-A-A06-007,Room A06-007
TB3-A-A06-008-1,TBCV3-A-A06-008,Room A06-008
TB3-A-A06-008-2,TBCV3-A-A06-008,Room A06-008
TB3-A-A06-008-3,TBCV3-A-A06-008,Room A06-008
TB3-A-A06-008-4,TBCV3-A-A06-008,Room A06-008
TB3-A-A06-008-5,TBCV3-A-A06-008,Room A06-008
TB3-A-A06-009-1,TBCV3-A-A06-009,Room A06-009
TB3-A-A06-009-2,TBCV3-A-A06-009,Room A06-009
TB3-A-A06-009-3,TBCV3-A-A06-009,Room A06-009
TB3-A-A06-009-4,TBCV3-A-A06-009,Room A06-009
TB3-A-A06-009-5,TBCV3-A-A06-009,Room A06-009
TB3-A-A06-010-1,TBCV3-A-A06-010,Room A06-010
TB3-A-A06-010-2,TBCV3-A-A06-010,Room A06-010
TB3-A-A06-010-3,TBCV3-A-A06-010,Room A06-010
TB3-A-A06-010-4,TBCV3-A-A06-010,Room A06-010
TB3-A-A06-010-5,TBCV3-A-A06-010,Room A06-010
TB3-A-A06-011-1,TBCV3-A-A06-011,Room A06-011
TB3-A-A06-011-2,TBCV3-A-A06-011,Room A06-011
TB3-A-A06-011-3,TBCV3-A-A06-011,Room A06-011
TB3-A-A06-011-4,TBCV3-A-A06-011,Room A06-011
TB3-A-A06-011-5,TBCV3-A-A06-011,Room A06-011
TB3-A-A06-012-1,TBCV3-A-A06-012,Room A06-012
TB3-A-A06-012-2,TBCV3-A-A06-012,Room A06-012
TB3-A-A06-012-3,TBCV3-A-A06-012,Room A06-012
TB3-A-A06-012-4,TBCV3-A-A06-012,Room A06-012
TB3-A-A06-012-5,TBCV3-A-A06-012,Room A06-012
TB3-A-A06-101-1,TBCV3-A-A06-101,Room A06-101
TB3-A-A06-101-2,TBCV3-A-A06-101,Room A06-101
TB3-A-A06-101-3,TBCV3-A-A06-101,Room A06-101
TB3-A-A06-101-4,TBCV3-A-A06-101,Room A06-101
TB3-A-A06-102-1,TBCV3-A-A06-102,Room A06-102
TB3-A-A06-102-2,TBCV3-A-A06-102,Room A06-102
TB3-A-A06-102-3,TBCV3-A-A06-102,Room A06-102
TB3-A-A06-102-4,TBCV3-A-A06-102,Room A06-102
TB3-A-A06-103-1,TBCV3-A-A06-103,Room A06-103
TB3-A-A06-103-2,TBCV3-A-A06-103,Room A06-103
TB3-A-A06-103-3,TBCV3-A-A06-103,Room A06-103
TB3-A-A06-103-4,TBCV3-A-A06-103,Room A06-103
TB3-A-A06-104-1,TBCV3-A-A06-104,Room A06-104
TB3-A-A06-104-2,TBCV3-A-A06-104,Room A06-104
TB3-A-A06-104-3,TBCV3-A-A06-104,Room A06-104
TB3-A-A06-104-4,TBCV3-A-A06-104,Room A06-104
TB3-A-A06-105-1,TBCV3-A-A06-105,Room A06-105
TB3-A-A06-105-2,TBCV3-A-A06-105,Room A06-105
TB3-A-A06-105-3,TBCV3-A-A06-105,Room A06-105
TB3-A-A06-105-4,TBCV3-A-A06-105,Room A06-105
TB3-A-A06-106-1,TBCV3-A-A06-106,Room A06-106
TB3-A-A06-106-2,TBCV3-A-A06-106,Room A06-106
TB3-A-A06-106-3,TBCV3-A-A06-106,Room A06-106
TB3-A-A06-106-4,TBCV3-A-A06-106,Room A06-106
TB3-A-A06-107-1,TBCV3-A-A06-107,Room A06-107
TB3-A-A06-107-2,TBCV3-A-A06-107,Room A06-107
TB3-A-A06-107-3,TBCV3-A-A06-107,Room A06-107
TB3-A-A06-107-4,TBCV3-A-A06-107,Room A06-107
TB3-A-A06-108-1,TBCV3-A-A06-108,Room A06-108
TB3-A-A06-108-2,TBCV3-A-A06-108,Room A06-108
TB3-A-A06-108-3,TBCV3-A-A06-108,Room A06-108
TB3-A-A06-108-4,TBCV3-A-A06-108,Room A06-108
TB3-A-A06-109-1,TBCV3-A-A06-109,Room A06-109
TB3-A-A06-109-2,TBCV3-A-A06-109,Room A06-109
TB3-A-A06-109-3,TBCV3-A-A06-109,Room A06-109
TB3-A-A06-109-4,TBCV3-A-A06-109,Room A06-109
TB3-A-A06-110-1,TBCV3-A-A06-110,Room A06-110
TB3-A-A06-110-2,TBCV3-A-A06-110,Room A06-110
TB3-A-A06-110-3,TBCV3-A-A06-110,Room A06-110
TB3-A-A06-110-4,TBCV3-A-A06-110,Room A06-110
TB3-A-A06-111-1,TBCV3-A-A06-111,Room A06-111
TB3-A-A06-111-2,TBCV3-A-A06-111,Room A06-111
TB3-A-A06-111-3,TBCV3-A-A06-111,Room A06-111
TB3-A-A06-111-4,TBCV3-A-A06-111,Room A06-111
TB3-A-A06-112-1,TBCV3-A-A06-112,Room A06-112
TB3-A-A06-112-2,TBCV3-A-A06-112,Room A06-112
TB3-A-A06-112-3,TBCV3-A-A06-112,Room A06-112
TB3-A-A06-112-4,TBCV3-A-A06-112,Room A06-112
TB3-A-A07-001-1,TBCV3-A-A07-001,Room A07-001
TB3-A-A07-001-2,TBCV3-A-A07-001,Room A07-001
TB3-A-A07-001-3,TBCV3-A-A07-001,Room A07-001
TB3-A-A07-001-4,TBCV3-A-A07-001,Room A07-001
TB3-A-A07-001-5,TBCV3-A-A07-001,Room A07-001
TB3-A-A07-002-1,TBCV3-A-A07-002,Room A07-002
TB3-A-A07-002-2,TBCV3-A-A07-002,Room A07-002
TB3-A-A07-002-3,TBCV3-A-A07-002,Room A07-002
TB3-A-A07-002-4,TBCV3-A-A07-002,Room A07-002
TB3-A-A07-002-5,TBCV3-A-A07-002,Room A07-002
TB3-A-A07-003-1,TBCV3-A-A07-003,Room A07-003
TB3-A-A07-003-2,TBCV3-A-A07-003,Room A07-003
TB3-A-A07-003-3,TBCV3-A-A07-003,Room A07-003
TB3-A-A07-003-4,TBCV3-A-A07-003,Room A07-003
TB3-A-A07-003-5,TBCV3-A-A07-003,Room A07-003
TB3-A-A07-004-1,TBCV3-A-A07-004,Room A07-004
TB3-A-A07-004-2,TBCV3-A-A07-004,Room A07-004
TB3-A-A07-004-3,TBCV3-A-A07-004,Room A07-004
TB3-A-A07-004-4,TBCV3-A-A07-004,Room A07-004
TB3-A-A07-004-5,TBCV3-A-A07-004,Room A07-004
TB3-A-A07-005-1,TBCV3-A-A07-005,Room A07-005
TB3-A-A07-005-2,TBCV3-A-A07-005,Room A07-005
TB3-A-A07-005-3,TBCV3-A-A07-005,Room A07-005
TB3-A-A07-005-4,TBCV3-A-A07-005,Room A07-005
TB3-A-A07-005-5,TBCV3-A-A07-005,Room A07-005
TB3-A-A07-006-1,TBCV3-A-A07-006,Room A07-006
TB3-A-A07-006-2,TBCV3-A-A07-006,Room A07-006
TB3-A-A07-006-3,TBCV3-A-A07-006,Room A07-006
TB3-A-A07-006-4,TBCV3-A-A07-006,Room A07-006
TB3-A-A07-006-5,TBCV3-A-A07-006,Room A07-006
TB3-A-A07-007-1,TBCV3-A-A07-007,Room A07-007
TB3-A-A07-007-2,TBCV3-A-A07-007,Room A07-007
TB3-A-A07-007-3,TBCV3-A-A07-007,Room A07-007
TB3-A-A07-007-4,TBCV3-A-A07-007,Room A07-007
TB3-A-A07-007-5,TBCV3-A-A07-007,Room A07-007
TB3-A-A07-008-1,TBCV3-A-A07-008,Room A07-008
TB3-A-A07-008-2,TBCV3-A-A07-008,Room A07-008
TB3-A-A07-008-3,TBCV3-A-A07-008,Room A07-008
TB3-A-A07-008-4,TBCV3-A-A07-008,Room A07-008
TB3-A-A07-008-5,TBCV3-A-A07-008,Room A07-008
TB3-A-A07-009-1,TBCV3-A-A07-009,Room A07-009
TB3-A-A07-009-2,TBCV3-A-A07-009,Room A07-009
TB3-A-A07-009-3,TBCV3-A-A07-009,Room A07-009
TB3-A-A07-009-4,TBCV3-A-A07-009,Room A07-009
TB3-A-A07-009-5,TBCV3-A-A07-009,Room A07-009
TB3-A-A07-010-1,TBCV3-A-A07-010,Room A07-010
TB3-A-A07-010-2,TBCV3-A-A07-010,Room A07-010
TB3-A-A07-010-3,TBCV3-A-A07-010,Room A07-010
TB3-A-A07-010-4,TBCV3-A-A07-010,Room A07-010
TB3-A-A07-010-5,TBCV3-A-A07-010,Room A07-010
TB3-A-A07-011-1,TBCV3-A-A07-011,Room A07-011
TB3-A-A07-011-2,TBCV3-A-A07-011,Room A07-011
TB3-A-A07-011-3,TBCV3-A-A07-011,Room A07-011
TB3-A-A07-011-4,TBCV3-A-A07-011,Room A07-011
TB3-A-A07-011-5,TBCV3-A-A07-011,Room A07-011
TB3-A-A07-012-1,TBCV3-A-A07-012,Room A07-012
TB3-A-A07-012-2,TBCV3-A-A07-012,Room A07-012
TB3-A-A07-012-3,TBCV3-A-A07-012,Room A07-012
TB3-A-A07-012-4,TBCV3-A-A07-012,Room A07-012
TB3-A-A07-012-5,TBCV3-A-A07-012,Room A07-012
TB3-A-A07-101-1,TBCV3-A-A07-101,Room A07-101
TB3-A-A07-101-2,TBCV3-A-A07-101,Room A07-101
TB3-A-A07-101-3,TBCV3-A-A07-101,Room A07-101
TB3-A-A07-101-4,TBCV3-A-A07-101,Room A07-101
TB3-A-A07-102-1,TBCV3-A-A07-102,Room A07-102
TB3-A-A07-102-2,TBCV3-A-A07-102,Room A07-102
TB3-A-A07-102-3,TBCV3-A-A07-102,Room A07-102
TB3-A-A07-102-4,TBCV3-A-A07-102,Room A07-102
TB3-A-A07-103-1,TBCV3-A-A07-103,Room A07-103
TB3-A-A07-103-2,TBCV3-A-A07-103,Room A07-103
TB3-A-A07-103-3,TBCV3-A-A07-103,Room A07-103
TB3-A-A07-103-4,TBCV3-A-A07-103,Room A07-103
TB3-A-A07-104-1,TBCV3-A-A07-104,Room A07-104
TB3-A-A07-104-2,TBCV3-A-A07-104,Room A07-104
TB3-A-A07-104-3,TBCV3-A-A07-104,Room A07-104
TB3-A-A07-104-4,TBCV3-A-A07-104,Room A07-104
TB3-A-A07-105-1,TBCV3-A-A07-105,Room A07-105
TB3-A-A07-105-2,TBCV3-A-A07-105,Room A07-105
TB3-A-A07-105-3,TBCV3-A-A07-105,Room A07-105
TB3-A-A07-105-4,TBCV3-A-A07-105,Room A07-105
TB3-A-A07-106-1,TBCV3-A-A07-106,Room A07-106
TB3-A-A07-106-2,TBCV3-A-A07-106,Room A07-106
TB3-A-A07-106-3,TBCV3-A-A07-106,Room A07-106
TB3-A-A07-106-4,TBCV3-A-A07-106,Room A07-106
TB3-A-A07-107-1,TBCV3-A-A07-107,Room A07-107
TB3-A-A07-107-2,TBCV3-A-A07-107,Room A07-107
TB3-A-A07-107-3,TBCV3-A-A07-107,Room A07-107
TB3-A-A07-107-4,TBCV3-A-A07-107,Room A07-107
TB3-A-A07-108-1,TBCV3-A-A07-108,Room A07-108
TB3-A-A07-108-2,TBCV3-A-A07-108,Room A07-108
TB3-A-A07-108-3,TBCV3-A-A07-108,Room A07-108
TB3-A-A07-108-4,TBCV3-A-A07-108,Room A07-108
TB3-A-A07-109-1,TBCV3-A-A07-109,Room A07-109
TB3-A-A07-109-2,TBCV3-A-A07-109,Room A07-109
TB3-A-A07-109-3,TBCV3-A-A07-109,Room A07-109
TB3-A-A07-109-4,TBCV3-A-A07-109,Room A07-109
TB3-A-A07-110-1,TBCV3-A-A07-110,Room A07-110
TB3-A-A07-110-2,TBCV3-A-A07-110,Room A07-110
TB3-A-A07-110-3,TBCV3-A-A07-110,Room A07-110
TB3-A-A07-110-4,TBCV3-A-A07-110,Room A07-110
TB3-A-A07-111-1,TBCV3-A-A07-111,Room A07-111
TB3-A-A07-111-2,TBCV3-A-A07-111,Room A07-111
TB3-A-A07-111-3,TBCV3-A-A07-111,Room A07-111
TB3-A-A07-111-4,TBCV3-A-A07-111,Room A07-111
TB3-A-A07-112-1,TBCV3-A-A07-112,Room A07-112
TB3-A-A07-112-2,TBCV3-A-A07-112,Room A07-112
TB3-A-A07-112-3,TBCV3-A-A07-112,Room A07-112
TB3-A-A07-112-4,TBCV3-A-A07-112,Room A07-112
TB3-A-A08-001-1,TBCV3-A-A08-001,Room A08-001
TB3-A-A08-001-2,TBCV3-A-A08-001,Room A08-001
TB3-A-A08-001-3,TBCV3-A-A08-001,Room A08-001
TB3-A-A08-001-4,TBCV3-A-A08-001,Room A08-001
TB3-A-A08-001-5,TBCV3-A-A08-001,Room A08-001
TB3-A-A08-002-1,TBCV3-A-A08-002,Room A08-002
TB3-A-A08-002-2,TBCV3-A-A08-002,Room A08-002
TB3-A-A08-002-3,TBCV3-A-A08-002,Room A08-002
TB3-A-A08-002-4,TBCV3-A-A08-002,Room A08-002
TB3-A-A08-002-5,TBCV3-A-A08-002,Room A08-002
TB3-A-A08-003-1,TBCV3-A-A08-003,Room A08-003
TB3-A-A08-003-2,TBCV3-A-A08-003,Room A08-003
TB3-A-A08-003-3,TBCV3-A-A08-003,Room A08-003
TB3-A-A08-003-4,TBCV3-A-A08-003,Room A08-003
TB3-A-A08-003-5,TBCV3-A-A08-003,Room A08-003
TB3-A-A08-004-1,TBCV3-A-A08-004,Room A08-004
TB3-A-A08-004-2,TBCV3-A-A08-004,Room A08-004
TB3-A-A08-004-3,TBCV3-A-A08-004,Room A08-004
TB3-A-A08-004-4,TBCV3-A-A08-004,Room A08-004
TB3-A-A08-004-5,TBCV3-A-A08-004,Room A08-004
TB3-A-A08-005-1,TBCV3-A-A08-005,Room A08-005
TB3-A-A08-005-2,TBCV3-A-A08-005,Room A08-005
TB3-A-A08-005-3,TBCV3-A-A08-005,Room A08-005
TB3-A-A08-005-4,TBCV3-A-A08-005,Room A08-005
TB3-A-A08-005-5,TBCV3-A-A08-005,Room A08-005
TB3-A-A08-006-1,TBCV3-A-A08-006,Room A08-006
TB3-A-A08-006-2,TBCV3-A-A08-006,Room A08-006
TB3-A-A08-006-3,TBCV3-A-A08-006,Room A08-006
TB3-A-A08-006-4,TBCV3-A-A08-006,Room A08-006
TB3-A-A08-006-5,TBCV3-A-A08-006,Room A08-006
TB3-A-A08-007-1,TBCV3-A-A08-007,Room A08-007
TB3-A-A08-007-2,TBCV3-A-A08-007,Room A08-007
TB3-A-A08-007-3,TBCV3-A-A08-007,Room A08-007
TB3-A-A08-007-4,TBCV3-A-A08-007,Room A08-007
TB3-A-A08-007-5,TBCV3-A-A08-007,Room A08-007
TB3-A-A08-008-1,TBCV3-A-A08-008,Room A08-008
TB3-A-A08-008-2,TBCV3-A-A08-008,Room A08-008
TB3-A-A08-008-3,TBCV3-A-A08-008,Room A08-008
TB3-A-A08-008-4,TBCV3-A-A08-008,Room A08-008
TB3-A-A08-008-5,TBCV3-A-A08-008,Room A08-008
TB3-A-A08-009-1,TBCV3-A-A08-009,Room A08-009
TB3-A-A08-009-2,TBCV3-A-A08-009,Room A08-009
TB3-A-A08-009-3,TBCV3-A-A08-009,Room A08-009
TB3-A-A08-009-4,TBCV3-A-A08-009,Room A08-009
TB3-A-A08-009-5,TBCV3-A-A08-009,Room A08-009
TB3-A-A08-010-1,TBCV3-A-A08-010,Room A08-010
TB3-A-A08-010-2,TBCV3-A-A08-010,Room A08-010
TB3-A-A08-010-3,TBCV3-A-A08-010,Room A08-010
TB3-A-A08-010-4,TBCV3-A-A08-010,Room A08-010
TB3-A-A08-010-5,TBCV3-A-A08-010,Room A08-010
TB3-A-A08-011-1,TBCV3-A-A08-011,Room A08-011
TB3-A-A08-011-2,TBCV3-A-A08-011,Room A08-011
TB3-A-A08-011-3,TBCV3-A-A08-011,Room A08-011
TB3-A-A08-011-4,TBCV3-A-A08-011,Room A08-011
TB3-A-A08-011-5,TBCV3-A-A08-011,Room A08-011
TB3-A-A08-012-1,TBCV3-A-A08-012,Room A08-012
TB3-A-A08-012-2,TBCV3-A-A08-012,Room A08-012
TB3-A-A08-012-3,TBCV3-A-A08-012,Room A08-012
TB3-A-A08-012-4,TBCV3-A-A08-012,Room A08-012
TB3-A-A08-012-5,TBCV3-A-A08-012,Room A08-012
TB3-A-A08-101-1,TBCV3-A-A08-101,Room A08-101
TB3-A-A08-101-2,TBCV3-A-A08-101,Room A08-101
TB3-A-A08-101-3,TBCV3-A-A08-101,Room A08-101
TB3-A-A08-101-4,TBCV3-A-A08-101,Room A08-101
TB3-A-A08-102-1,TBCV3-A-A08-102,Room A08-102
TB3-A-A08-102-2,TBCV3-A-A08-102,Room A08-102
TB3-A-A08-102-3,TBCV3-A-A08-102,Room A08-102
TB3-A-A08-102-4,TBCV3-A-A08-102,Room A08-102
TB3-A-A08-103-1,TBCV3-A-A08-103,Room A08-103
TB3-A-A08-103-2,TBCV3-A-A08-103,Room A08-103
TB3-A-A08-103-3,TBCV3-A-A08-103,Room A08-103
TB3-A-A08-103-4,TBCV3-A-A08-103,Room A08-103
TB3-A-A08-104-1,TBCV3-A-A08-104,Room A08-104
TB3-A-A08-104-2,TBCV3-A-A08-104,Room A08-104
TB3-A-A08-104-3,TBCV3-A-A08-104,Room A08-104
TB3-A-A08-104-4,TBCV3-A-A08-104,Room A08-104
TB3-A-A08-105-1,TBCV3-A-A08-105,Room A08-105
TB3-A-A08-105-2,TBCV3-A-A08-105,Room A08-105
TB3-A-A08-105-3,TBCV3-A-A08-105,Room A08-105
TB3-A-A08-105-4,TBCV3-A-A08-105,Room A08-105
TB3-A-A08-106-1,TBCV3-A-A08-106,Room A08-106
TB3-A-A08-106-2,TBCV3-A-A08-106,Room A08-106
TB3-A-A08-106-3,TBCV3-A-A08-106,Room A08-106
TB3-A-A08-106-4,TBCV3-A-A08-106,Room A08-106
TB3-A-A08-107-1,TBCV3-A-A08-107,Room A08-107
TB3-A-A08-107-2,TBCV3-A-A08-107,Room A08-107
TB3-A-A08-107-3,TBCV3-A-A08-107,Room A08-107
TB3-A-A08-107-4,TBCV3-A-A08-107,Room A08-107
TB3-A-A08-108-1,TBCV3-A-A08-108,Room A08-108
TB3-A-A08-108-2,TBCV3-A-A08-108,Room A08-108
TB3-A-A08-108-3,TBCV3-A-A08-108,Room A08-108
TB3-A-A08-108-4,TBCV3-A-A08-108,Room A08-108
TB3-A-A08-109-1,TBCV3-A-A08-109,Room A08-109
TB3-A-A08-109-2,TBCV3-A-A08-109,Room A08-109
TB3-A-A08-109-3,TBCV3-A-A08-109,Room A08-109
TB3-A-A08-109-4,TBCV3-A-A08-109,Room A08-109
TB3-A-A08-110-1,TBCV3-A-A08-110,Room A08-110
TB3-A-A08-110-2,TBCV3-A-A08-110,Room A08-110
TB3-A-A08-110-3,TBCV3-A-A08-110,Room A08-110
TB3-A-A08-110-4,TBCV3-A-A08-110,Room A08-110
TB3-A-A08-111-1,TBCV3-A-A08-111,Room A08-111
TB3-A-A08-111-2,TBCV3-A-A08-111,Room A08-111
TB3-A-A08-111-3,TBCV3-A-A08-111,Room A08-111
TB3-A-A08-111-4,TBCV3-A-A08-111,Room A08-111
TB3-A-A08-112-1,TBCV3-A-A08-112,Room A08-112
TB3-A-A08-112-2,TBCV3-A-A08-112,Room A08-112
TB3-A-A08-112-3,TBCV3-A-A08-112,Room A08-112
TB3-A-A08-112-4,TBCV3-A-A08-112,Room A08-112
TB3-A-A09-001-1,TBCV3-A-A09-001,Room A09-001
TB3-A-A09-001-2,TBCV3-A-A09-001,Room A09-001
TB3-A-A09-001-3,TBCV3-A-A09-001,Room A09-001
TB3-A-A09-001-4,TBCV3-A-A09-001,Room A09-001
TB3-A-A09-001-5,TBCV3-A-A09-001,Room A09-001
TB3-A-A09-002-1,TBCV3-A-A09-002,Room A09-002
TB3-A-A09-002-2,TBCV3-A-A09-002,Room A09-002
TB3-A-A09-002-3,TBCV3-A-A09-002,Room A09-002
TB3-A-A09-002-4,TBCV3-A-A09-002,Room A09-002
TB3-A-A09-002-5,TBCV3-A-A09-002,Room A09-002
TB3-A-A09-003-1,TBCV3-A-A09-003,Room A09-003
TB3-A-A09-003-2,TBCV3-A-A09-003,Room A09-003
TB3-A-A09-003-3,TBCV3-A-A09-003,Room A09-003
TB3-A-A09-003-4,TBCV3-A-A09-003,Room A09-003
TB3-A-A09-003-5,TBCV3-A-A09-003,Room A09-003
TB3-A-A09-004-1,TBCV3-A-A09-004,Room A09-004
TB3-A-A09-004-2,TBCV3-A-A09-004,Room A09-004
TB3-A-A09-004-3,TBCV3-A-A09-004,Room A09-004
TB3-A-A09-004-4,TBCV3-A-A09-004,Room A09-004
TB3-A-A09-004-5,TBCV3-A-A09-004,Room A09-004
TB3-A-A09-005-1,TBCV3-A-A09-005,Room A09-005
TB3-A-A09-005-2,TBCV3-A-A09-005,Room A09-005
TB3-A-A09-005-3,TBCV3-A-A09-005,Room A09-005
TB3-A-A09-005-4,TBCV3-A-A09-005,Room A09-005
TB3-A-A09-005-5,TBCV3-A-A09-005,Room A09-005
TB3-A-A09-006-1,TBCV3-A-A09-006,Room A09-006
TB3-A-A09-006-2,TBCV3-A-A09-006,Room A09-006
TB3-A-A09-006-3,TBCV3-A-A09-006,Room A09-006
TB3-A-A09-006-4,TBCV3-A-A09-006,Room A09-006
TB3-A-A09-006-5,TBCV3-A-A09-006,Room A09-006
TB3-A-A09-007-1,TBCV3-A-A09-007,Room A09-007
TB3-A-A09-007-2,TBCV3-A-A09-007,Room A09-007
TB3-A-A09-007-3,TBCV3-A-A09-007,Room A09-007
TB3-A-A09-007-4,TBCV3-A-A09-007,Room A09-007
TB3-A-A09-007-5,TBCV3-A-A09-007,Room A09-007
TB3-A-A09-008-1,TBCV3-A-A09-008,Room A09-008
TB3-A-A09-008-2,TBCV3-A-A09-008,Room A09-008
TB3-A-A09-008-3,TBCV3-A-A09-008,Room A09-008
TB3-A-A09-008-4,TBCV3-A-A09-008,Room A09-008
TB3-A-A09-008-5,TBCV3-A-A09-008,Room A09-008
TB3-A-A09-009-1,TBCV3-A-A09-009,Room A09-009
TB3-A-A09-009-2,TBCV3-A-A09-009,Room A09-009
TB3-A-A09-009-3,TBCV3-A-A09-009,Room A09-009
TB3-A-A09-009-4,TBCV3-A-A09-009,Room A09-009
TB3-A-A09-009-5,TBCV3-A-A09-009,Room A09-009
TB3-A-A09-010-1,TBCV3-A-A09-010,Room A09-010
TB3-A-A09-010-2,TBCV3-A-A09-010,Room A09-010
TB3-A-A09-010-3,TBCV3-A-A09-010,Room A09-010
TB3-A-A09-010-4,TBCV3-A-A09-010,Room A09-010
TB3-A-A09-010-5,TBCV3-A-A09-010,Room A09-010
TB3-A-A09-011-1,TBCV3-A-A09-011,Room A09-011
TB3-A-A09-011-2,TBCV3-A-A09-011,Room A09-011
TB3-A-A09-011-3,TBCV3-A-A09-011,Room A09-011
TB3-A-A09-011-4,TBCV3-A-A09-011,Room A09-011
TB3-A-A09-011-5,TBCV3-A-A09-011,Room A09-011
TB3-A-A09-012-1,TBCV3-A-A09-012,Room A09-012
TB3-A-A09-012-2,TBCV3-A-A09-012,Room A09-012
TB3-A-A09-012-3,TBCV3-A-A09-012,Room A09-012
TB3-A-A09-012-4,TBCV3-A-A09-012,Room A09-012
TB3-A-A09-012-5,TBCV3-A-A09-012,Room A09-012
TB3-A-A09-101-1,TBCV3-A-A09-101,Room A09-101
TB3-A-A09-101-2,TBCV3-A-A09-101,Room A09-101
TB3-A-A09-101-3,TBCV3-A-A09-101,Room A09-101
TB3-A-A09-101-4,TBCV3-A-A09-101,Room A09-101
TB3-A-A09-102-1,TBCV3-A-A09-102,Room A09-102
TB3-A-A09-102-2,TBCV3-A-A09-102,Room A09-102
TB3-A-A09-102-3,TBCV3-A-A09-102,Room A09-102
TB3-A-A09-102-4,TBCV3-A-A09-102,Room A09-102
TB3-A-A09-103-1,TBCV3-A-A09-103,Room A09-103
TB3-A-A09-103-2,TBCV3-A-A09-103,Room A09-103
TB3-A-A09-103-3,TBCV3-A-A09-103,Room A09-103
TB3-A-A09-103-4,TBCV3-A-A09-103,Room A09-103
TB3-A-A09-104-1,TBCV3-A-A09-104,Room A09-104
TB3-A-A09-104-2,TBCV3-A-A09-104,Room A09-104
TB3-A-A09-104-3,TBCV3-A-A09-104,Room A09-104
TB3-A-A09-104-4,TBCV3-A-A09-104,Room A09-104
TB3-A-A09-105-1,TBCV3-A-A09-105,Room A09-105
TB3-A-A09-105-2,TBCV3-A-A09-105,Room A09-105
TB3-A-A09-105-3,TBCV3-A-A09-105,Room A09-105
TB3-A-A09-105-4,TBCV3-A-A09-105,Room A09-105
TB3-A-A09-106-1,TBCV3-A-A09-106,Room A09-106
TB3-A-A09-106-2,TBCV3-A-A09-106,Room A09-106
TB3-A-A09-106-3,TBCV3-A-A09-106,Room A09-106
TB3-A-A09-106-4,TBCV3-A-A09-106,Room A09-106
TB3-A-A09-107-1,TBCV3-A-A09-107,Room A09-107
TB3-A-A09-107-2,TBCV3-A-A09-107,Room A09-107
TB3-A-A09-107-3,TBCV3-A-A09-107,Room A09-107
TB3-A-A09-107-4,TBCV3-A-A09-107,Room A09-107
TB3-A-A09-108-1,TBCV3-A-A09-108,Room A09-108
TB3-A-A09-108-2,TBCV3-A-A09-108,Room A09-108
TB3-A-A09-108-3,TBCV3-A-A09-108,Room A09-108
TB3-A-A09-108-4,TBCV3-A-A09-108,Room A09-108
TB3-A-A09-109-1,TBCV3-A-A09-109,Room A09-109
TB3-A-A09-109-2,TBCV3-A-A09-109,Room A09-109
TB3-A-A09-109-3,TBCV3-A-A09-109,Room A09-109
TB3-A-A09-109-4,TBCV3-A-A09-109,Room A09-109
TB3-A-A09-110-1,TBCV3-A-A09-110,Room A09-110
TB3-A-A09-110-2,TBCV3-A-A09-110,Room A09-110
TB3-A-A09-110-3,TBCV3-A-A09-110,Room A09-110
TB3-A-A09-110-4,TBCV3-A-A09-110,Room A09-110
TB3-A-A09-111-1,TBCV3-A-A09-111,Room A09-111
TB3-A-A09-111-2,TBCV3-A-A09-111,Room A09-111
TB3-A-A09-111-3,TBCV3-A-A09-111,Room A09-111
TB3-A-A09-111-4,TBCV3-A-A09-111,Room A09-111
TB3-A-A09-112-1,TBCV3-A-A09-112,Room A09-112
TB3-A-A09-112-2,TBCV3-A-A09-112,Room A09-112
TB3-A-A09-112-3,TBCV3-A-A09-112,Room A09-112
TB3-A-A09-112-4,TBCV3-A-A09-112,Room A09-112
TB3-A-A10-001-1,TBCV3-A-A10-001,Room A10-001
TB3-A-A10-001-2,TBCV3-A-A10-001,Room A10-001
TB3-A-A10-001-3,TBCV3-A-A10-001,Room A10-001
TB3-A-A10-001-4,TBCV3-A-A10-001,Room A10-001
TB3-A-A10-001-5,TBCV3-A-A10-001,Room A10-001
TB3-A-A10-002-1,TBCV3-A-A10-002,Room A10-002
TB3-A-A10-002-2,TBCV3-A-A10-002,Room A10-002
TB3-A-A10-002-3,TBCV3-A-A10-002,Room A10-002
TB3-A-A10-002-4,TBCV3-A-A10-002,Room A10-002
TB3-A-A10-002-5,TBCV3-A-A10-002,Room A10-002
TB3-A-A10-003-1,TBCV3-A-A10-003,Room A10-003
TB3-A-A10-003-2,TBCV3-A-A10-003,Room A10-003
TB3-A-A10-003-3,TBCV3-A-A10-003,Room A10-003
TB3-A-A10-003-4,TBCV3-A-A10-003,Room A10-003
TB3-A-A10-003-5,TBCV3-A-A10-003,Room A10-003
TB3-A-A10-004-1,TBCV3-A-A10-004,Room A10-004
TB3-A-A10-004-2,TBCV3-A-A10-004,Room A10-004
TB3-A-A10-004-3,TBCV3-A-A10-004,Room A10-004
TB3-A-A10-004-4,TBCV3-A-A10-004,Room A10-004
TB3-A-A10-004-5,TBCV3-A-A10-004,Room A10-004
TB3-A-A10-005-1,TBCV3-A-A10-005,Room A10-005
TB3-A-A10-005-2,TBCV3-A-A10-005,Room A10-005
TB3-A-A10-005-3,TBCV3-A-A10-005,Room A10-005
TB3-A-A10-005-4,TBCV3-A-A10-005,Room A10-005
TB3-A-A10-005-5,TBCV3-A-A10-005,Room A10-005
TB3-A-A10-006-1,TBCV3-A-A10-006,Room A10-006
TB3-A-A10-006-2,TBCV3-A-A10-006,Room A10-006
TB3-A-A10-006-3,TBCV3-A-A10-006,Room A10-006
TB3-A-A10-006-4,TBCV3-A-A10-006,Room A10-006
TB3-A-A10-006-5,TBCV3-A-A10-006,Room A10-006
TB3-A-A10-007-1,TBCV3-A-A10-007,Room A10-007
TB3-A-A10-007-2,TBCV3-A-A10-007,Room A10-007
TB3-A-A10-007-3,TBCV3-A-A10-007,Room A10-007
TB3-A-A10-007-4,TBCV3-A-A10-007,Room A10-007
TB3-A-A10-007-5,TBCV3-A-A10-007,Room A10-007
TB3-A-A10-008-1,TBCV3-A-A10-008,Room A10-008
TB3-A-A10-008-2,TBCV3-A-A10-008,Room A10-008
TB3-A-A10-008-3,TBCV3-A-A10-008,Room A10-008
TB3-A-A10-008-4,TBCV3-A-A10-008,Room A10-008
TB3-A-A10-008-5,TBCV3-A-A10-008,Room A10-008
TB3-A-A10-009-1,TBCV3-A-A10-009,Room A10-009
TB3-A-A10-009-2,TBCV3-A-A10-009,Room A10-009
TB3-A-A10-009-3,TBCV3-A-A10-009,Room A10-009
TB3-A-A10-009-4,TBCV3-A-A10-009,Room A10-009
TB3-A-A10-009-5,TBCV3-A-A10-009,Room A10-009
TB3-A-A10-010-1,TBCV3-A-A10-010,Room A10-010
TB3-A-A10-010-2,TBCV3-A-A10-010,Room A10-010
TB3-A-A10-010-3,TBCV3-A-A10-010,Room A10-010
TB3-A-A10-010-4,TBCV3-A-A10-010,Room A10-010
TB3-A-A10-010-5,TBCV3-A-A10-010,Room A10-010
TB3-A-A10-011-1,TBCV3-A-A10-011,Room A10-011
TB3-A-A10-011-2,TBCV3-A-A10-011,Room A10-011
TB3-A-A10-011-3,TBCV3-A-A10-011,Room A10-011
TB3-A-A10-011-4,TBCV3-A-A10-011,Room A10-011
TB3-A-A10-011-5,TBCV3-A-A10-011,Room A10-011
TB3-A-A10-012-1,TBCV3-A-A10-012,Room A10-012
TB3-A-A10-012-2,TBCV3-A-A10-012,Room A10-012
TB3-A-A10-012-3,TBCV3-A-A10-012,Room A10-012
TB3-A-A10-012-4,TBCV3-A-A10-012,Room A10-012
TB3-A-A10-012-5,TBCV3-A-A10-012,Room A10-012
TB3-A-A10-101-1,TBCV3-A-A10-101,Room A10-101
TB3-A-A10-101-2,TBCV3-A-A10-101,Room A10-101
TB3-A-A10-101-3,TBCV3-A-A10-101,Room A10-101
TB3-A-A10-101-4,TBCV3-A-A10-101,Room A10-101
TB3-A-A10-102-1,TBCV3-A-A10-102,Room A10-102
TB3-A-A10-102-2,TBCV3-A-A10-102,Room A10-102
TB3-A-A10-102-3,TBCV3-A-A10-102,Room A10-102
TB3-A-A10-102-4,TBCV3-A-A10-102,Room A10-102
TB3-A-A10-103-1,TBCV3-A-A10-103,Room A10-103
TB3-A-A10-103-2,TBCV3-A-A10-103,Room A10-103
TB3-A-A10-103-3,TBCV3-A-A10-103,Room A10-103
TB3-A-A10-103-4,TBCV3-A-A10-103,Room A10-103
TB3-A-A10-104-1,TBCV3-A-A10-104,Room A10-104
TB3-A-A10-104-2,TBCV3-A-A10-104,Room A10-104
TB3-A-A10-104-3,TBCV3-A-A10-104,Room A10-104
TB3-A-A10-104-4,TBCV3-A-A10-104,Room A10-104
TB3-A-A10-105-1,TBCV3-A-A10-105,Room A10-105
TB3-A-A10-105-2,TBCV3-A-A10-105,Room A10-105
TB3-A-A10-105-3,TBCV3-A-A10-105,Room A10-105
TB3-A-A10-105-4,TBCV3-A-A10-105,Room A10-105
TB3-A-A10-106-1,TBCV3-A-A10-106,Room A10-106
TB3-A-A10-106-2,TBCV3-A-A10-106,Room A10-106
TB3-A-A10-106-3,TBCV3-A-A10-106,Room A10-106
TB3-A-A10-106-4,TBCV3-A-A10-106,Room A10-106
TB3-A-A10-107-1,TBCV3-A-A10-107,Room A10-107
TB3-A-A10-107-2,TBCV3-A-A10-107,Room A10-107
TB3-A-A10-107-3,TBCV3-A-A10-107,Room A10-107
TB3-A-A10-107-4,TBCV3-A-A10-107,Room A10-107
TB3-A-A10-108-1,TBCV3-A-A10-108,Room A10-108
TB3-A-A10-108-2,TBCV3-A-A10-108,Room A10-108
TB3-A-A10-108-3,TBCV3-A-A10-108,Room A10-108
TB3-A-A10-108-4,TBCV3-A-A10-108,Room A10-108
TB3-A-A10-109-1,TBCV3-A-A10-109,Room A10-109
TB3-A-A10-109-2,TBCV3-A-A10-109,Room A10-109
TB3-A-A10-109-3,TBCV3-A-A10-109,Room A10-109
TB3-A-A10-109-4,TBCV3-A-A10-109,Room A10-109
TB3-A-A10-110-1,TBCV3-A-A10-110,Room A10-110
TB3-A-A10-110-2,TBCV3-A-A10-110,Room A10-110
TB3-A-A10-110-3,TBCV3-A-A10-110,Room A10-110
TB3-A-A10-110-4,TBCV3-A-A10-110,Room A10-110
TB3-A-A10-111-1,TBCV3-A-A10-111,Room A10-111
TB3-A-A10-111-2,TBCV3-A-A10-111,Room A10-111
TB3-A-A10-111-3,TBCV3-A-A10-111,Room A10-111
TB3-A-A10-111-4,TBCV3-A-A10-111,Room A10-111
TB3-A-A10-112-1,TBCV3-A-A10-112,Room A10-112
TB3-A-A10-112-2,TBCV3-A-A10-112,Room A10-112
TB3-A-A10-112-3,TBCV3-A-A10-112,Room A10-112
TB3-A-A10-112-4,TBCV3-A-A10-112,Room A10-112
TB3-A-A11-001-1,TBCV3-A-A11-001,Room A11-001
TB3-A-A11-001-2,TBCV3-A-A11-001,Room A11-001
TB3-A-A11-001-3,TBCV3-A-A11-001,Room A11-001
TB3-A-A11-001-4,TBCV3-A-A11-001,Room A11-001
TB3-A-A11-001-5,TBCV3-A-A11-001,Room A11-001
TB3-A-A11-002-1,TBCV3-A-A11-002,Room A11-002
TB3-A-A11-002-2,TBCV3-A-A11-002,Room A11-002
TB3-A-A11-002-3,TBCV3-A-A11-002,Room A11-002
TB3-A-A11-002-4,TBCV3-A-A11-002,Room A11-002
TB3-A-A11-002-5,TBCV3-A-A11-002,Room A11-002
TB3-A-A11-003-1,TBCV3-A-A11-003,Room A11-003
TB3-A-A11-003-2,TBCV3-A-A11-003,Room A11-003
TB3-A-A11-003-3,TBCV3-A-A11-003,Room A11-003
TB3-A-A11-003-4,TBCV3-A-A11-003,Room A11-003
TB3-A-A11-003-5,TBCV3-A-A11-003,Room A11-003
TB3-A-A11-004-1,TBCV3-A-A11-004,Room A11-004
TB3-A-A11-004-2,TBCV3-A-A11-004,Room A11-004
TB3-A-A11-004-3,TBCV3-A-A11-004,Room A11-004
TB3-A-A11-004-4,TBCV3-A-A11-004,Room A11-004
TB3-A-A11-004-5,TBCV3-A-A11-004,Room A11-004
TB3-A-A11-005-1,TBCV3-A-A11-005,Room A11-005
TB3-A-A11-005-2,TBCV3-A-A11-005,Room A11-005
TB3-A-A11-005-3,TBCV3-A-A11-005,Room A11-005
TB3-A-A11-005-4,TBCV3-A-A11-005,Room A11-005
TB3-A-A11-005-5,TBCV3-A-A11-005,Room A11-005
TB3-A-A11-006-1,TBCV3-A-A11-006,Room A11-006
TB3-A-A11-006-2,TBCV3-A-A11-006,Room A11-006
TB3-A-A11-006-3,TBCV3-A-A11-006,Room A11-006
TB3-A-A11-006-4,TBCV3-A-A11-006,Room A11-006
TB3-A-A11-006-5,TBCV3-A-A11-006,Room A11-006
TB3-A-A11-007-1,TBCV3-A-A11-007,Room A11-007
TB3-A-A11-007-2,TBCV3-A-A11-007,Room A11-007
TB3-A-A11-007-3,TBCV3-A-A11-007,Room A11-007
TB3-A-A11-007-4,TBCV3-A-A11-007,Room A11-007
TB3-A-A11-007-5,TBCV3-A-A11-007,Room A11-007
TB3-A-A11-008-1,TBCV3-A-A11-008,Room A11-008
TB3-A-A11-008-2,TBCV3-A-A11-008,Room A11-008
TB3-A-A11-008-3,TBCV3-A-A11-008,Room A11-008
TB3-A-A11-008-4,TBCV3-A-A11-008,Room A11-008
TB3-A-A11-008-5,TBCV3-A-A11-008,Room A11-008
TB3-A-A11-009-1,TBCV3-A-A11-009,Room A11-009
TB3-A-A11-009-2,TBCV3-A-A11-009,Room A11-009
TB3-A-A11-009-3,TBCV3-A-A11-009,Room A11-009
TB3-A-A11-009-4,TBCV3-A-A11-009,Room A11-009
TB3-A-A11-009-5,TBCV3-A-A11-009,Room A11-009
TB3-A-A11-010-1,TBCV3-A-A11-010,Room A11-010
TB3-A-A11-010-2,TBCV3-A-A11-010,Room A11-010
TB3-A-A11-010-3,TBCV3-A-A11-010,Room A11-010
TB3-A-A11-010-4,TBCV3-A-A11-010,Room A11-010
TB3-A-A11-010-5,TBCV3-A-A11-010,Room A11-010
TB3-A-A11-011-1,TBCV3-A-A11-011,Room A11-011
TB3-A-A11-011-2,TBCV3-A-A11-011,Room A11-011
TB3-A-A11-011-3,TBCV3-A-A11-011,Room A11-011
TB3-A-A11-011-4,TBCV3-A-A11-011,Room A11-011
TB3-A-A11-011-5,TBCV3-A-A11-011,Room A11-011
TB3-A-A11-012-1,TBCV3-A-A11-012,Room A11-012
TB3-A-A11-012-2,TBCV3-A-A11-012,Room A11-012
TB3-A-A11-012-3,TBCV3-A-A11-012,Room A11-012
TB3-A-A11-012-4,TBCV3-A-A11-012,Room A11-012
TB3-A-A11-012-5,TBCV3-A-A11-012,Room A11-012
TB3-A-A11-101-1,TBCV3-A-A11-101,Room A11-101
TB3-A-A11-101-2,TBCV3-A-A11-101,Room A11-101
TB3-A-A11-101-3,TBCV3-A-A11-101,Room A11-101
TB3-A-A11-101-4,TBCV3-A-A11-101,Room A11-101
TB3-A-A11-102-1,TBCV3-A-A11-102,Room A11-102
TB3-A-A11-102-2,TBCV3-A-A11-102,Room A11-102
TB3-A-A11-102-3,TBCV3-A-A11-102,Room A11-102
TB3-A-A11-102-4,TBCV3-A-A11-102,Room A11-102
TB3-A-A11-103-1,TBCV3-A-A11-103,Room A11-103
TB3-A-A11-103-2,TBCV3-A-A11-103,Room A11-103
TB3-A-A11-103-3,TBCV3-A-A11-103,Room A11-103
TB3-A-A11-103-4,TBCV3-A-A11-103,Room A11-103
TB3-A-A11-104-1,TBCV3-A-A11-104,Room A11-104
TB3-A-A11-104-2,TBCV3-A-A11-104,Room A11-104
TB3-A-A11-104-3,TBCV3-A-A11-104,Room A11-104
TB3-A-A11-104-4,TBCV3-A-A11-104,Room A11-104
TB3-A-A11-105-1,TBCV3-A-A11-105,Room A11-105
TB3-A-A11-105-2,TBCV3-A-A11-105,Room A11-105
TB3-A-A11-105-3,TBCV3-A-A11-105,Room A11-105
TB3-A-A11-105-4,TBCV3-A-A11-105,Room A11-105
TB3-A-A11-106-1,TBCV3-A-A11-106,Room A11-106
TB3-A-A11-106-2,TBCV3-A-A11-106,Room A11-106
TB3-A-A11-106-3,TBCV3-A-A11-106,Room A11-106
TB3-A-A11-106-4,TBCV3-A-A11-106,Room A11-106
TB3-A-A11-107-1,TBCV3-A-A11-107,Room A11-107
TB3-A-A11-107-2,TBCV3-A-A11-107,Room A11-107
TB3-A-A11-107-3,TBCV3-A-A11-107,Room A11-107
TB3-A-A11-107-4,TBCV3-A-A11-107,Room A11-107
TB3-A-A11-108-1,TBCV3-A-A11-108,Room A11-108
TB3-A-A11-108-2,TBCV3-A-A11-108,Room A11-108
TB3-A-A11-108-3,TBCV3-A-A11-108,Room A11-108
TB3-A-A11-108-4,TBCV3-A-A11-108,Room A11-108
TB3-A-A11-109-1,TBCV3-A-A11-109,Room A11-109
TB3-A-A11-109-2,TBCV3-A-A11-109,Room A11-109
TB3-A-A11-109-3,TBCV3-A-A11-109,Room A11-109
TB3-A-A11-109-4,TBCV3-A-A11-109,Room A11-109
TB3-A-A11-110-1,TBCV3-A-A11-110,Room A11-110
TB3-A-A11-110-2,TBCV3-A-A11-110,Room A11-110
TB3-A-A11-110-3,TBCV3-A-A11-110,Room A11-110
TB3-A-A11-110-4,TBCV3-A-A11-110,Room A11-110
TB3-A-A11-111-1,TBCV3-A-A11-111,Room A11-111
TB3-A-A11-111-2,TBCV3-A-A11-111,Room A11-111
TB3-A-A11-111-3,TBCV3-A-A11-111,Room A11-111
TB3-A-A11-111-4,TBCV3-A-A11-111,Room A11-111
TB3-A-A11-112-1,TBCV3-A-A11-112,Room A11-112
TB3-A-A11-112-2,TBCV3-A-A11-112,Room A11-112
TB3-A-A11-112-3,TBCV3-A-A11-112,Room A11-112
TB3-A-A11-112-4,TBCV3-A-A11-112,Room A11-112
TB3-A-A12-001-1,TBCV3-A-A12-001,Room A12-001
TB3-A-A12-001-2,TBCV3-A-A12-001,Room A12-001
TB3-A-A12-001-3,TBCV3-A-A12-001,Room A12-001
TB3-A-A12-001-4,TBCV3-A-A12-001,Room A12-001
TB3-A-A12-001-5,TBCV3-A-A12-001,Room A12-001
TB3-A-A12-002-1,TBCV3-A-A12-002,Room A12-002
TB3-A-A12-002-2,TBCV3-A-A12-002,Room A12-002
TB3-A-A12-002-3,TBCV3-A-A12-002,Room A12-002
TB3-A-A12-002-4,TBCV3-A-A12-002,Room A12-002
TB3-A-A12-002-5,TBCV3-A-A12-002,Room A12-002
TB3-A-A12-003-1,TBCV3-A-A12-003,Room A12-003
TB3-A-A12-003-2,TBCV3-A-A12-003,Room A12-003
TB3-A-A12-003-3,TBCV3-A-A12-003,Room A12-003
TB3-A-A12-003-4,TBCV3-A-A12-003,Room A12-003
TB3-A-A12-003-5,TBCV3-A-A12-003,Room A12-003
TB3-A-A12-004-1,TBCV3-A-A12-004,Room A12-004
TB3-A-A12-004-2,TBCV3-A-A12-004,Room A12-004
TB3-A-A12-004-3,TBCV3-A-A12-004,Room A12-004
TB3-A-A12-004-4,TBCV3-A-A12-004,Room A12-004
TB3-A-A12-004-5,TBCV3-A-A12-004,Room A12-004
TB3-A-A12-005-1,TBCV3-A-A12-005,Room A12-005
TB3-A-A12-005-2,TBCV3-A-A12-005,Room A12-005
TB3-A-A12-005-3,TBCV3-A-A12-005,Room A12-005
TB3-A-A12-005-4,TBCV3-A-A12-005,Room A12-005
TB3-A-A12-005-5,TBCV3-A-A12-005,Room A12-005
TB3-A-A12-006-1,TBCV3-A-A12-006,Room A12-006
TB3-A-A12-006-2,TBCV3-A-A12-006,Room A12-006
TB3-A-A12-006-3,TBCV3-A-A12-006,Room A12-006
TB3-A-A12-006-4,TBCV3-A-A12-006,Room A12-006
TB3-A-A12-006-5,TBCV3-A-A12-006,Room A12-006
TB3-A-A12-007-1,TBCV3-A-A12-007,Room A12-007
TB3-A-A12-007-2,TBCV3-A-A12-007,Room A12-007
TB3-A-A12-007-3,TBCV3-A-A12-007,Room A12-007
TB3-A-A12-007-4,TBCV3-A-A12-007,Room A12-007
TB3-A-A12-007-5,TBCV3-A-A12-007,Room A12-007
TB3-A-A12-008-1,TBCV3-A-A12-008,Room A12-008
TB3-A-A12-008-2,TBCV3-A-A12-008,Room A12-008
TB3-A-A12-008-3,TBCV3-A-A12-008,Room A12-008
TB3-A-A12-008-4,TBCV3-A-A12-008,Room A12-008
TB3-A-A12-008-5,TBCV3-A-A12-008,Room A12-008
TB3-A-A12-009-1,TBCV3-A-A12-009,Room A12-009
TB3-A-A12-009-2,TBCV3-A-A12-009,Room A12-009
TB3-A-A12-009-3,TBCV3-A-A12-009,Room A12-009
TB3-A-A12-009-4,TBCV3-A-A12-009,Room A12-009
TB3-A-A12-009-5,TBCV3-A-A12-009,Room A12-009
TB3-A-A12-010-1,TBCV3-A-A12-010,Room A12-010
TB3-A-A12-010-2,TBCV3-A-A12-010,Room A12-010
TB3-A-A12-010-3,TBCV3-A-A12-010,Room A12-010
TB3-A-A12-010-4,TBCV3-A-A12-010,Room A12-010
TB3-A-A12-010-5,TBCV3-A-A12-010,Room A12-010
TB3-A-A12-011-1,TBCV3-A-A12-011,Room A12-011
TB3-A-A12-011-2,TBCV3-A-A12-011,Room A12-011
TB3-A-A12-011-3,TBCV3-A-A12-011,Room A12-011
TB3-A-A12-011-4,TBCV3-A-A12-011,Room A12-011
TB3-A-A12-011-5,TBCV3-A-A12-011,Room A12-011
TB3-A-A12-012-1,TBCV3-A-A12-012,Room A12-012
TB3-A-A12-012-2,TBCV3-A-A12-012,Room A12-012
TB3-A-A12-012-3,TBCV3-A-A12-012,Room A12-012
TB3-A-A12-012-4,TBCV3-A-A12-012,Room A12-012
TB3-A-A12-012-5,TBCV3-A-A12-012,Room A12-012
TB3-A-A12-101-1,TBCV3-A-A12-101,Room A12-101
TB3-A-A12-101-2,TBCV3-A-A12-101,Room A12-101
TB3-A-A12-101-3,TBCV3-A-A12-101,Room A12-101
TB3-A-A12-101-4,TBCV3-A-A12-101,Room A12-101
TB3-A-A12-102-1,TBCV3-A-A12-102,Room A12-102
TB3-A-A12-102-2,TBCV3-A-A12-102,Room A12-102
TB3-A-A12-102-3,TBCV3-A-A12-102,Room A12-102
TB3-A-A12-102-4,TBCV3-A-A12-102,Room A12-102
TB3-A-A12-103-1,TBCV3-A-A12-103,Room A12-103
TB3-A-A12-103-2,TBCV3-A-A12-103,Room A12-103
TB3-A-A12-103-3,TBCV3-A-A12-103,Room A12-103
TB3-A-A12-103-4,TBCV3-A-A12-103,Room A12-103
TB3-A-A12-104-1,TBCV3-A-A12-104,Room A12-104
TB3-A-A12-104-2,TBCV3-A-A12-104,Room A12-104
TB3-A-A12-104-3,TBCV3-A-A12-104,Room A12-104
TB3-A-A12-104-4,TBCV3-A-A12-104,Room A12-104
TB3-A-A12-105-1,TBCV3-A-A12-105,Room A12-105
TB3-A-A12-105-2,TBCV3-A-A12-105,Room A12-105
TB3-A-A12-105-3,TBCV3-A-A12-105,Room A12-105
TB3-A-A12-105-4,TBCV3-A-A12-105,Room A12-105
TB3-A-A12-106-1,TBCV3-A-A12-106,Room A12-106
TB3-A-A12-106-2,TBCV3-A-A12-106,Room A12-106
TB3-A-A12-106-3,TBCV3-A-A12-106,Room A12-106
TB3-A-A12-106-4,TBCV3-A-A12-106,Room A12-106
TB3-A-A12-107-1,TBCV3-A-A12-107,Room A12-107
TB3-A-A12-107-2,TBCV3-A-A12-107,Room A12-107
TB3-A-A12-107-3,TBCV3-A-A12-107,Room A12-107
TB3-A-A12-107-4,TBCV3-A-A12-107,Room A12-107
TB3-A-A12-108-1,TBCV3-A-A12-108,Room A12-108
TB3-A-A12-108-2,TBCV3-A-A12-108,Room A12-108
TB3-A-A12-108-3,TBCV3-A-A12-108,Room A12-108
TB3-A-A12-108-4,TBCV3-A-A12-108,Room A12-108
TB3-A-A12-109-1,TBCV3-A-A12-109,Room A12-109
TB3-A-A12-109-2,TBCV3-A-A12-109,Room A12-109
TB3-A-A12-109-3,TBCV3-A-A12-109,Room A12-109
TB3-A-A12-109-4,TBCV3-A-A12-109,Room A12-109
TB3-A-A12-110-1,TBCV3-A-A12-110,Room A12-110
TB3-A-A12-110-2,TBCV3-A-A12-110,Room A12-110
TB3-A-A12-110-3,TBCV3-A-A12-110,Room A12-110
TB3-A-A12-110-4,TBCV3-A-A12-110,Room A12-110
TB3-A-A12-111-1,TBCV3-A-A12-111,Room A12-111
TB3-A-A12-111-2,TBCV3-A-A12-111,Room A12-111
TB3-A-A12-111-3,TBCV3-A-A12-111,Room A12-111
TB3-A-A12-111-4,TBCV3-A-A12-111,Room A12-111
TB3-A-A12-112-1,TBCV3-A-A12-112,Room A12-112
TB3-A-A12-112-2,TBCV3-A-A12-112,Room A12-112
TB3-A-A12-112-3,TBCV3-A-A12-112,Room A12-112
TB3-A-A12-112-4,TBCV3-A-A12-112,Room A12-112
TB3-A-A13-001-1,TBCV3-A-A13-001,Room A13-001
TB3-A-A13-001-2,TBCV3-A-A13-001,Room A13-001
TB3-A-A13-001-3,TBCV3-A-A13-001,Room A13-001
TB3-A-A13-001-4,TBCV3-A-A13-001,Room A13-001
TB3-A-A13-001-5,TBCV3-A-A13-001,Room A13-001
TB3-A-A13-002-1,TBCV3-A-A13-002,Room A13-002
TB3-A-A13-002-2,TBCV3-A-A13-002,Room A13-002
TB3-A-A13-002-3,TBCV3-A-A13-002,Room A13-002
TB3-A-A13-002-4,TBCV3-A-A13-002,Room A13-002
TB3-A-A13-002-5,TBCV3-A-A13-002,Room A13-002
TB3-A-A13-003-1,TBCV3-A-A13-003,Room A13-003
TB3-A-A13-003-2,TBCV3-A-A13-003,Room A13-003
TB3-A-A13-003-3,TBCV3-A-A13-003,Room A13-003
TB3-A-A13-003-4,TBCV3-A-A13-003,Room A13-003
TB3-A-A13-003-5,TBCV3-A-A13-003,Room A13-003
TB3-A-A13-004-1,TBCV3-A-A13-004,Room A13-004
TB3-A-A13-004-2,TBCV3-A-A13-004,Room A13-004
TB3-A-A13-004-3,TBCV3-A-A13-004,Room A13-004
TB3-A-A13-004-4,TBCV3-A-A13-004,Room A13-004
TB3-A-A13-004-5,TBCV3-A-A13-004,Room A13-004
TB3-A-A13-005-1,TBCV3-A-A13-005,Room A13-005
TB3-A-A13-005-2,TBCV3-A-A13-005,Room A13-005
TB3-A-A13-005-3,TBCV3-A-A13-005,Room A13-005
TB3-A-A13-005-4,TBCV3-A-A13-005,Room A13-005
TB3-A-A13-005-5,TBCV3-A-A13-005,Room A13-005
TB3-A-A13-006-1,TBCV3-A-A13-006,Room A13-006
TB3-A-A13-006-2,TBCV3-A-A13-006,Room A13-006
TB3-A-A13-006-3,TBCV3-A-A13-006,Room A13-006
TB3-A-A13-006-4,TBCV3-A-A13-006,Room A13-006
TB3-A-A13-006-5,TBCV3-A-A13-006,Room A13-006
TB3-A-A13-007-1,TBCV3-A-A13-007,Room A13-007
TB3-A-A13-007-2,TBCV3-A-A13-007,Room A13-007
TB3-A-A13-007-3,TBCV3-A-A13-007,Room A13-007
TB3-A-A13-007-4,TBCV3-A-A13-007,Room A13-007
TB3-A-A13-007-5,TBCV3-A-A13-007,Room A13-007
TB3-A-A13-008-1,TBCV3-A-A13-008,Room A13-008
TB3-A-A13-008-2,TBCV3-A-A13-008,Room A13-008
TB3-A-A13-008-3,TBCV3-A-A13-008,Room A13-008
TB3-A-A13-008-4,TBCV3-A-A13-008,Room A13-008
TB3-A-A13-008-5,TBCV3-A-A13-008,Room A13-008
TB3-A-A13-009-1,TBCV3-A-A13-009,Room A13-009
TB3-A-A13-009-2,TBCV3-A-A13-009,Room A13-009
TB3-A-A13-009-3,TBCV3-A-A13-009,Room A13-009
TB3-A-A13-009-4,TBCV3-A-A13-009,Room A13-009
TB3-A-A13-009-5,TBCV3-A-A13-009,Room A13-009
TB3-A-A13-010-1,TBCV3-A-A13-010,Room A13-010
TB3-A-A13-010-2,TBCV3-A-A13-010,Room A13-010
TB3-A-A13-010-3,TBCV3-A-A13-010,Room A13-010
TB3-A-A13-010-4,TBCV3-A-A13-010,Room A13-010
TB3-A-A13-010-5,TBCV3-A-A13-010,Room A13-010
TB3-A-A13-011-1,TBCV3-A-A13-011,Room A13-011
TB3-A-A13-011-2,TBCV3-A-A13-011,Room A13-011
TB3-A-A13-011-3,TBCV3-A-A13-011,Room A13-011
TB3-A-A13-011-4,TBCV3-A-A13-011,Room A13-011
TB3-A-A13-011-5,TBCV3-A-A13-011,Room A13-011
TB3-A-A13-012-1,TBCV3-A-A13-012,Room A13-012
TB3-A-A13-012-2,TBCV3-A-A13-012,Room A13-012
TB3-A-A13-012-3,TBCV3-A-A13-012,Room A13-012
TB3-A-A13-012-4,TBCV3-A-A13-012,Room A13-012
TB3-A-A13-012-5,TBCV3-A-A13-012,Room A13-012
TB3-A-A13-101-1,TBCV3-A-A13-101,Room A13-101
TB3-A-A13-101-2,TBCV3-A-A13-101,Room A13-101
TB3-A-A13-101-3,TBCV3-A-A13-101,Room A13-101
TB3-A-A13-101-4,TBCV3-A-A13-101,Room A13-101
TB3-A-A13-102-1,TBCV3-A-A13-102,Room A13-102
TB3-A-A13-102-2,TBCV3-A-A13-102,Room A13-102
TB3-A-A13-102-3,TBCV3-A-A13-102,Room A13-102
TB3-A-A13-102-4,TBCV3-A-A13-102,Room A13-102
TB3-A-A13-103-1,TBCV3-A-A13-103,Room A13-103
TB3-A-A13-103-2,TBCV3-A-A13-103,Room A13-103
TB3-A-A13-103-3,TBCV3-A-A13-103,Room A13-103
TB3-A-A13-103-4,TBCV3-A-A13-103,Room A13-103
TB3-A-A13-104-1,TBCV3-A-A13-104,Room A13-104
TB3-A-A13-104-2,TBCV3-A-A13-104,Room A13-104
TB3-A-A13-104-3,TBCV3-A-A13-104,Room A13-104
TB3-A-A13-104-4,TBCV3-A-A13-104,Room A13-104
TB3-A-A13-105-1,TBCV3-A-A13-105,Room A13-105
TB3-A-A13-105-2,TBCV3-A-A13-105,Room A13-105
TB3-A-A13-105-3,TBCV3-A-A13-105,Room A13-105
TB3-A-A13-105-4,TBCV3-A-A13-105,Room A13-105
TB3-A-A13-106-1,TBCV3-A-A13-106,Room A13-106
TB3-A-A13-106-2,TBCV3-A-A13-106,Room A13-106
TB3-A-A13-106-3,TBCV3-A-A13-106,Room A13-106
TB3-A-A13-106-4,TBCV3-A-A13-106,Room A13-106
TB3-A-A13-107-1,TBCV3-A-A13-107,Room A13-107
TB3-A-A13-107-2,TBCV3-A-A13-107,Room A13-107
TB3-A-A13-107-3,TBCV3-A-A13-107,Room A13-107
TB3-A-A13-107-4,TBCV3-A-A13-107,Room A13-107
TB3-A-A13-108-1,TBCV3-A-A13-108,Room A13-108
TB3-A-A13-108-2,TBCV3-A-A13-108,Room A13-108
TB3-A-A13-108-3,TBCV3-A-A13-108,Room A13-108
TB3-A-A13-108-4,TBCV3-A-A13-108,Room A13-108
TB3-A-A13-109-1,TBCV3-A-A13-109,Room A13-109
TB3-A-A13-109-2,TBCV3-A-A13-109,Room A13-109
TB3-A-A13-109-3,TBCV3-A-A13-109,Room A13-109
TB3-A-A13-109-4,TBCV3-A-A13-109,Room A13-109
TB3-A-A13-110-1,TBCV3-A-A13-110,Room A13-110
TB3-A-A13-110-2,TBCV3-A-A13-110,Room A13-110
TB3-A-A13-110-3,TBCV3-A-A13-110,Room A13-110
TB3-A-A13-110-4,TBCV3-A-A13-110,Room A13-110
TB3-A-A13-111-1,TBCV3-A-A13-111,Room A13-111
TB3-A-A13-111-2,TBCV3-A-A13-111,Room A13-111
TB3-A-A13-111-3,TBCV3-A-A13-111,Room A13-111
TB3-A-A13-111-4,TBCV3-A-A13-111,Room A13-111
TB3-A-A13-112-1,TBCV3-A-A13-112,Room A13-112
TB3-A-A13-112-2,TBCV3-A-A13-112,Room A13-112
TB3-A-A13-112-3,TBCV3-A-A13-112,Room A13-112
TB3-A-A13-112-4,TBCV3-A-A13-112,Room A13-112
TB3-A-A14-001-1,TBCV3-A-A14-001,Room A14-001
TB3-A-A14-001-2,TBCV3-A-A14-001,Room A14-001
TB3-A-A14-001-3,TBCV3-A-A14-001,Room A14-001
TB3-A-A14-001-4,TBCV3-A-A14-001,Room A14-001
TB3-A-A14-001-5,TBCV3-A-A14-001,Room A14-001
TB3-A-A14-002-1,TBCV3-A-A14-002,Room A14-002
TB3-A-A14-002-2,TBCV3-A-A14-002,Room A14-002
TB3-A-A14-002-3,TBCV3-A-A14-002,Room A14-002
TB3-A-A14-002-4,TBCV3-A-A14-002,Room A14-002
TB3-A-A14-002-5,TBCV3-A-A14-002,Room A14-002
TB3-A-A14-003-1,TBCV3-A-A14-003,Room A14-003
TB3-A-A14-003-2,TBCV3-A-A14-003,Room A14-003
TB3-A-A14-003-3,TBCV3-A-A14-003,Room A14-003
TB3-A-A14-003-4,TBCV3-A-A14-003,Room A14-003
TB3-A-A14-003-5,TBCV3-A-A14-003,Room A14-003
TB3-A-A14-004-1,TBCV3-A-A14-004,Room A14-004
TB3-A-A14-004-2,TBCV3-A-A14-004,Room A14-004
TB3-A-A14-004-3,TBCV3-A-A14-004,Room A14-004
TB3-A-A14-004-4,TBCV3-A-A14-004,Room A14-004
TB3-A-A14-004-5,TBCV3-A-A14-004,Room A14-004
TB3-A-A14-005-1,TBCV3-A-A14-005,Room A14-005
TB3-A-A14-005-2,TBCV3-A-A14-005,Room A14-005
TB3-A-A14-005-3,TBCV3-A-A14-005,Room A14-005
TB3-A-A14-005-4,TBCV3-A-A14-005,Room A14-005
TB3-A-A14-005-5,TBCV3-A-A14-005,Room A14-005
TB3-A-A14-006-1,TBCV3-A-A14-006,Room A14-006
TB3-A-A14-006-2,TBCV3-A-A14-006,Room A14-006
TB3-A-A14-006-3,TBCV3-A-A14-006,Room A14-006
TB3-A-A14-006-4,TBCV3-A-A14-006,Room A14-006
TB3-A-A14-006-5,TBCV3-A-A14-006,Room A14-006
TB3-A-A14-007-1,TBCV3-A-A14-007,Room A14-007
TB3-A-A14-007-2,TBCV3-A-A14-007,Room A14-007
TB3-A-A14-007-3,TBCV3-A-A14-007,Room A14-007
TB3-A-A14-007-4,TBCV3-A-A14-007,Room A14-007
TB3-A-A14-007-5,TBCV3-A-A14-007,Room A14-007
TB3-A-A14-008-1,TBCV3-A-A14-008,Room A14-008
TB3-A-A14-008-2,TBCV3-A-A14-008,Room A14-008
TB3-A-A14-008-3,TBCV3-A-A14-008,Room A14-008
TB3-A-A14-008-4,TBCV3-A-A14-008,Room A14-008
TB3-A-A14-008-5,TBCV3-A-A14-008,Room A14-008
TB3-A-A14-009-1,TBCV3-A-A14-009,Room A14-009
TB3-A-A14-009-2,TBCV3-A-A14-009,Room A14-009
TB3-A-A14-009-3,TBCV3-A-A14-009,Room A14-009
TB3-A-A14-009-4,TBCV3-A-A14-009,Room A14-009
TB3-A-A14-009-5,TBCV3-A-A14-009,Room A14-009
TB3-A-A14-010-1,TBCV3-A-A14-010,Room A14-010
TB3-A-A14-010-2,TBCV3-A-A14-010,Room A14-010
TB3-A-A14-010-3,TBCV3-A-A14-010,Room A14-010
TB3-A-A14-010-4,TBCV3-A-A14-010,Room A14-010
TB3-A-A14-010-5,TBCV3-A-A14-010,Room A14-010
TB3-A-A14-011-1,TBCV3-A-A14-011,Room A14-011
TB3-A-A14-011-2,TBCV3-A-A14-011,Room A14-011
TB3-A-A14-011-3,TBCV3-A-A14-011,Room A14-011
TB3-A-A14-011-4,TBCV3-A-A14-011,Room A14-011
TB3-A-A14-011-5,TBCV3-A-A14-011,Room A14-011
TB3-A-A14-012-1,TBCV3-A-A14-012,Room A14-012
TB3-A-A14-012-2,TBCV3-A-A14-012,Room A14-012
TB3-A-A14-012-3,TBCV3-A-A14-012,Room A14-012
TB3-A-A14-012-4,TBCV3-A-A14-012,Room A14-012
TB3-A-A14-012-5,TBCV3-A-A14-012,Room A14-012
TB3-A-A14-101-1,TBCV3-A-A14-101,Room A14-101
TB3-A-A14-101-2,TBCV3-A-A14-101,Room A14-101
TB3-A-A14-101-3,TBCV3-A-A14-101,Room A14-101
TB3-A-A14-101-4,TBCV3-A-A14-101,Room A14-101
TB3-A-A14-102-1,TBCV3-A-A14-102,Room A14-102
TB3-A-A14-102-2,TBCV3-A-A14-102,Room A14-102
TB3-A-A14-102-3,TBCV3-A-A14-102,Room A14-102
TB3-A-A14-102-4,TBCV3-A-A14-102,Room A14-102
TB3-A-A14-103-1,TBCV3-A-A14-103,Room A14-103
TB3-A-A14-103-2,TBCV3-A-A14-103,Room A14-103
TB3-A-A14-103-3,TBCV3-A-A14-103,Room A14-103
TB3-A-A14-103-4,TBCV3-A-A14-103,Room A14-103
TB3-A-A14-104-1,TBCV3-A-A14-104,Room A14-104
TB3-A-A14-104-2,TBCV3-A-A14-104,Room A14-104
TB3-A-A14-104-3,TBCV3-A-A14-104,Room A14-104
TB3-A-A14-104-4,TBCV3-A-A14-104,Room A14-104
TB3-A-A14-105-1,TBCV3-A-A14-105,Room A14-105
TB3-A-A14-105-2,TBCV3-A-A14-105,Room A14-105
TB3-A-A14-105-3,TBCV3-A-A14-105,Room A14-105
TB3-A-A14-105-4,TBCV3-A-A14-105,Room A14-105
TB3-A-A14-106-1,TBCV3-A-A14-106,Room A14-106
TB3-A-A14-106-2,TBCV3-A-A14-106,Room A14-106
TB3-A-A14-106-3,TBCV3-A-A14-106,Room A14-106
TB3-A-A14-106-4,TBCV3-A-A14-106,Room A14-106
TB3-A-A14-107-1,TBCV3-A-A14-107,Room A14-107
TB3-A-A14-107-2,TBCV3-A-A14-107,Room A14-107
TB3-A-A14-107-3,TBCV3-A-A14-107,Room A14-107
TB3-A-A14-107-4,TBCV3-A-A14-107,Room A14-107
TB3-A-A14-108-1,TBCV3-A-A14-108,Room A14-108
TB3-A-A14-108-2,TBCV3-A-A14-108,Room A14-108
TB3-A-A14-108-3,TBCV3-A-A14-108,Room A14-108
TB3-A-A14-108-4,TBCV3-A-A14-108,Room A14-108
TB3-A-A14-109-1,TBCV3-A-A14-109,Room A14-109
TB3-A-A14-109-2,TBCV3-A-A14-109,Room A14-109
TB3-A-A14-109-3,TBCV3-A-A14-109,Room A14-109
TB3-A-A14-109-4,TBCV3-A-A14-109,Room A14-109
TB3-A-A14-110-1,TBCV3-A-A14-110,Room A14-110
TB3-A-A14-110-2,TBCV3-A-A14-110,Room A14-110
TB3-A-A14-110-3,TBCV3-A-A14-110,Room A14-110
TB3-A-A14-110-4,TBCV3-A-A14-110,Room A14-110
TB3-A-A14-111-1,TBCV3-A-A14-111,Room A14-111
TB3-A-A14-111-2,TBCV3-A-A14-111,Room A14-111
TB3-A-A14-111-3,TBCV3-A-A14-111,Room A14-111
TB3-A-A14-111-4,TBCV3-A-A14-111,Room A14-111
TB3-A-A14-112-1,TBCV3-A-A14-112,Room A14-112
TB3-A-A14-112-2,TBCV3-A-A14-112,Room A14-112
TB3-A-A14-112-3,TBCV3-A-A14-112,Room A14-112
TB3-A-A14-112-4,TBCV3-A-A14-112,Room A14-112
TB3-A-A15-001-1,TBCV3-A-A15-001,Room A15-001
TB3-A-A15-001-2,TBCV3-A-A15-001,Room A15-001
TB3-A-A15-001-3,TBCV3-A-A15-001,Room A15-001
TB3-A-A15-001-4,TBCV3-A-A15-001,Room A15-001
TB3-A-A15-001-5,TBCV3-A-A15-001,Room A15-001
TB3-A-A15-002-1,TBCV3-A-A15-002,Room A15-002
TB3-A-A15-002-2,TBCV3-A-A15-002,Room A15-002
TB3-A-A15-002-3,TBCV3-A-A15-002,Room A15-002
TB3-A-A15-002-4,TBCV3-A-A15-002,Room A15-002
TB3-A-A15-002-5,TBCV3-A-A15-002,Room A15-002
TB3-A-A15-003-1,TBCV3-A-A15-003,Room A15-003
TB3-A-A15-003-2,TBCV3-A-A15-003,Room A15-003
TB3-A-A15-003-3,TBCV3-A-A15-003,Room A15-003
TB3-A-A15-003-4,TBCV3-A-A15-003,Room A15-003
TB3-A-A15-003-5,TBCV3-A-A15-003,Room A15-003
TB3-A-A15-004-1,TBCV3-A-A15-004,Room A15-004
TB3-A-A15-004-2,TBCV3-A-A15-004,Room A15-004
TB3-A-A15-004-3,TBCV3-A-A15-004,Room A15-004
TB3-A-A15-004-4,TBCV3-A-A15-004,Room A15-004
TB3-A-A15-004-5,TBCV3-A-A15-004,Room A15-004
TB3-A-A15-005-1,TBCV3-A-A15-005,Room A15-005
TB3-A-A15-005-2,TBCV3-A-A15-005,Room A15-005
TB3-A-A15-005-3,TBCV3-A-A15-005,Room A15-005
TB3-A-A15-005-4,TBCV3-A-A15-005,Room A15-005
TB3-A-A15-005-5,TBCV3-A-A15-005,Room A15-005
TB3-A-A15-006-1,TBCV3-A-A15-006,Room A15-006
TB3-A-A15-006-2,TBCV3-A-A15-006,Room A15-006
TB3-A-A15-006-3,TBCV3-A-A15-006,Room A15-006
TB3-A-A15-006-4,TBCV3-A-A15-006,Room A15-006
TB3-A-A15-006-5,TBCV3-A-A15-006,Room A15-006
TB3-A-A15-007-1,TBCV3-A-A15-007,Room A15-007
TB3-A-A15-007-2,TBCV3-A-A15-007,Room A15-007
TB3-A-A15-007-3,TBCV3-A-A15-007,Room A15-007
TB3-A-A15-007-4,TBCV3-A-A15-007,Room A15-007
TB3-A-A15-007-5,TBCV3-A-A15-007,Room A15-007
TB3-A-A15-008-1,TBCV3-A-A15-008,Room A15-008
TB3-A-A15-008-2,TBCV3-A-A15-008,Room A15-008
TB3-A-A15-008-3,TBCV3-A-A15-008,Room A15-008
TB3-A-A15-008-4,TBCV3-A-A15-008,Room A15-008
TB3-A-A15-008-5,TBCV3-A-A15-008,Room A15-008
TB3-A-A15-009-1,TBCV3-A-A15-009,Room A15-009
TB3-A-A15-009-2,TBCV3-A-A15-009,Room A15-009
TB3-A-A15-009-3,TBCV3-A-A15-009,Room A15-009
TB3-A-A15-009-4,TBCV3-A-A15-009,Room A15-009
TB3-A-A15-009-5,TBCV3-A-A15-009,Room A15-009
TB3-A-A15-010-1,TBCV3-A-A15-010,Room A15-010
TB3-A-A15-010-2,TBCV3-A-A15-010,Room A15-010
TB3-A-A15-010-3,TBCV3-A-A15-010,Room A15-010
TB3-A-A15-010-4,TBCV3-A-A15-010,Room A15-010
TB3-A-A15-010-5,TBCV3-A-A15-010,Room A15-010
TB3-A-A15-011-1,TBCV3-A-A15-011,Room A15-011
TB3-A-A15-011-2,TBCV3-A-A15-011,Room A15-011
TB3-A-A15-011-3,TBCV3-A-A15-011,Room A15-011
TB3-A-A15-011-4,TBCV3-A-A15-011,Room A15-011
TB3-A-A15-011-5,TBCV3-A-A15-011,Room A15-011
TB3-A-A15-012-1,TBCV3-A-A15-012,Room A15-012
TB3-A-A15-012-2,TBCV3-A-A15-012,Room A15-012
TB3-A-A15-012-3,TBCV3-A-A15-012,Room A15-012
TB3-A-A15-012-4,TBCV3-A-A15-012,Room A15-012
TB3-A-A15-012-5,TBCV3-A-A15-012,Room A15-012
TB3-A-A15-101-1,TBCV3-A-A15-101,Room A15-101
TB3-A-A15-101-2,TBCV3-A-A15-101,Room A15-101
TB3-A-A15-101-3,TBCV3-A-A15-101,Room A15-101
TB3-A-A15-101-4,TBCV3-A-A15-101,Room A15-101
TB3-A-A15-102-1,TBCV3-A-A15-102,Room A15-102
TB3-A-A15-102-2,TBCV3-A-A15-102,Room A15-102
TB3-A-A15-102-3,TBCV3-A-A15-102,Room A15-102
TB3-A-A15-102-4,TBCV3-A-A15-102,Room A15-102
TB3-A-A15-103-1,TBCV3-A-A15-103,Room A15-103
TB3-A-A15-103-2,TBCV3-A-A15-103,Room A15-103
TB3-A-A15-103-3,TBCV3-A-A15-103,Room A15-103
TB3-A-A15-103-4,TBCV3-A-A15-103,Room A15-103
TB3-A-A15-104-1,TBCV3-A-A15-104,Room A15-104
TB3-A-A15-104-2,TBCV3-A-A15-104,Room A15-104
TB3-A-A15-104-3,TBCV3-A-A15-104,Room A15-104
TB3-A-A15-104-4,TBCV3-A-A15-104,Room A15-104
TB3-A-A15-105-1,TBCV3-A-A15-105,Room A15-105
TB3-A-A15-105-2,TBCV3-A-A15-105,Room A15-105
TB3-A-A15-105-3,TBCV3-A-A15-105,Room A15-105
TB3-A-A15-105-4,TBCV3-A-A15-105,Room A15-105
TB3-A-A15-106-1,TBCV3-A-A15-106,Room A15-106
TB3-A-A15-106-2,TBCV3-A-A15-106,Room A15-106
TB3-A-A15-106-3,TBCV3-A-A15-106,Room A15-106
TB3-A-A15-106-4,TBCV3-A-A15-106,Room A15-106
TB3-A-A15-107-1,TBCV3-A-A15-107,Room A15-107
TB3-A-A15-107-2,TBCV3-A-A15-107,Room A15-107
TB3-A-A15-107-3,TBCV3-A-A15-107,Room A15-107
TB3-A-A15-107-4,TBCV3-A-A15-107,Room A15-107
TB3-A-A15-108-1,TBCV3-A-A15-108,Room A15-108
TB3-A-A15-108-2,TBCV3-A-A15-108,Room A15-108
TB3-A-A15-108-3,TBCV3-A-A15-108,Room A15-108
TB3-A-A15-108-4,TBCV3-A-A15-108,Room A15-108
TB3-A-A15-109-1,TBCV3-A-A15-109,Room A15-109
TB3-A-A15-109-2,TBCV3-A-A15-109,Room A15-109
TB3-A-A15-109-3,TBCV3-A-A15-109,Room A15-109
TB3-A-A15-109-4,TBCV3-A-A15-109,Room A15-109
TB3-A-A15-110-1,TBCV3-A-A15-110,Room A15-110
TB3-A-A15-110-2,TBCV3-A-A15-110,Room A15-110
TB3-A-A15-110-3,TBCV3-A-A15-110,Room A15-110
TB3-A-A15-110-4,TBCV3-A-A15-110,Room A15-110
TB3-A-A15-111-1,TBCV3-A-A15-111,Room A15-111
TB3-A-A15-111-2,TBCV3-A-A15-111,Room A15-111
TB3-A-A15-111-3,TBCV3-A-A15-111,Room A15-111
TB3-A-A15-111-4,TBCV3-A-A15-111,Room A15-111
TB3-A-A15-112-1,TBCV3-A-A15-112,Room A15-112
TB3-A-A15-112-2,TBCV3-A-A15-112,Room A15-112
TB3-A-A15-112-3,TBCV3-A-A15-112,Room A15-112
TB3-A-A15-112-4,TBCV3-A-A15-112,Room A15-112
TB3-A-A16-001-1,TBCV3-A-A16-001,Room A16-001
TB3-A-A16-001-2,TBCV3-A-A16-001,Room A16-001
TB3-A-A16-001-3,TBCV3-A-A16-001,Room A16-001
TB3-A-A16-001-4,TBCV3-A-A16-001,Room A16-001
TB3-A-A16-001-5,TBCV3-A-A16-001,Room A16-001
TB3-A-A16-002-1,TBCV3-A-A16-002,Room A16-002
TB3-A-A16-002-2,TBCV3-A-A16-002,Room A16-002
TB3-A-A16-002-3,TBCV3-A-A16-002,Room A16-002
TB3-A-A16-002-4,TBCV3-A-A16-002,Room A16-002
TB3-A-A16-002-5,TBCV3-A-A16-002,Room A16-002
TB3-A-A16-003-1,TBCV3-A-A16-003,Room A16-003
TB3-A-A16-003-2,TBCV3-A-A16-003,Room A16-003
TB3-A-A16-003-3,TBCV3-A-A16-003,Room A16-003
TB3-A-A16-003-4,TBCV3-A-A16-003,Room A16-003
TB3-A-A16-003-5,TBCV3-A-A16-003,Room A16-003
TB3-A-A16-004-1,TBCV3-A-A16-004,Room A16-004
TB3-A-A16-004-2,TBCV3-A-A16-004,Room A16-004
TB3-A-A16-004-3,TBCV3-A-A16-004,Room A16-004
TB3-A-A16-004-4,TBCV3-A-A16-004,Room A16-004
TB3-A-A16-004-5,TBCV3-A-A16-004,Room A16-004
TB3-A-A16-005-1,TBCV3-A-A16-005,Room A16-005
TB3-A-A16-005-2,TBCV3-A-A16-005,Room A16-005
TB3-A-A16-005-3,TBCV3-A-A16-005,Room A16-005
TB3-A-A16-005-4,TBCV3-A-A16-005,Room A16-005
TB3-A-A16-005-5,TBCV3-A-A16-005,Room A16-005
TB3-A-A16-006-1,TBCV3-A-A16-006,Room A16-006
TB3-A-A16-006-2,TBCV3-A-A16-006,Room A16-006
TB3-A-A16-006-3,TBCV3-A-A16-006,Room A16-006
TB3-A-A16-006-4,TBCV3-A-A16-006,Room A16-006
TB3-A-A16-006-5,TBCV3-A-A16-006,Room A16-006
TB3-A-A16-007-1,TBCV3-A-A16-007,Room A16-007
TB3-A-A16-007-2,TBCV3-A-A16-007,Room A16-007
TB3-A-A16-007-3,TBCV3-A-A16-007,Room A16-007
TB3-A-A16-007-4,TBCV3-A-A16-007,Room A16-007
TB3-A-A16-007-5,TBCV3-A-A16-007,Room A16-007
TB3-A-A16-008-1,TBCV3-A-A16-008,Room A16-008
TB3-A-A16-008-2,TBCV3-A-A16-008,Room A16-008
TB3-A-A16-008-3,TBCV3-A-A16-008,Room A16-008
TB3-A-A16-008-4,TBCV3-A-A16-008,Room A16-008
TB3-A-A16-008-5,TBCV3-A-A16-008,Room A16-008
TB3-A-A16-009-1,TBCV3-A-A16-009,Room A16-009
TB3-A-A16-009-2,TBCV3-A-A16-009,Room A16-009
TB3-A-A16-009-3,TBCV3-A-A16-009,Room A16-009
TB3-A-A16-009-4,TBCV3-A-A16-009,Room A16-009
TB3-A-A16-009-5,TBCV3-A-A16-009,Room A16-009
TB3-A-A16-010-1,TBCV3-A-A16-010,Room A16-010
TB3-A-A16-010-2,TBCV3-A-A16-010,Room A16-010
TB3-A-A16-010-3,TBCV3-A-A16-010,Room A16-010
TB3-A-A16-010-4,TBCV3-A-A16-010,Room A16-010
TB3-A-A16-010-5,TBCV3-A-A16-010,Room A16-010
TB3-A-A16-011-1,TBCV3-A-A16-011,Room A16-011
TB3-A-A16-011-2,TBCV3-A-A16-011,Room A16-011
TB3-A-A16-011-3,TBCV3-A-A16-011,Room A16-011
TB3-A-A16-011-4,TBCV3-A-A16-011,Room A16-011
TB3-A-A16-011-5,TBCV3-A-A16-011,Room A16-011
TB3-A-A16-012-1,TBCV3-A-A16-012,Room A16-012
TB3-A-A16-012-2,TBCV3-A-A16-012,Room A16-012
TB3-A-A16-012-3,TBCV3-A-A16-012,Room A16-012
TB3-A-A16-012-4,TBCV3-A-A16-012,Room A16-012
TB3-A-A16-012-5,TBCV3-A-A16-012,Room A16-012
TB3-A-A16-101-1,TBCV3-A-A16-101,Room A16-101
TB3-A-A16-101-2,TBCV3-A-A16-101,Room A16-101
TB3-A-A16-101-3,TBCV3-A-A16-101,Room A16-101
TB3-A-A16-101-4,TBCV3-A-A16-101,Room A16-101
TB3-A-A16-102-1,TBCV3-A-A16-102,Room A16-102
TB3-A-A16-102-2,TBCV3-A-A16-102,Room A16-102
TB3-A-A16-102-3,TBCV3-A-A16-102,Room A16-102
TB3-A-A16-102-4,TBCV3-A-A16-102,Room A16-102
TB3-A-A16-103-1,TBCV3-A-A16-103,Room A16-103
TB3-A-A16-103-2,TBCV3-A-A16-103,Room A16-103
TB3-A-A16-103-3,TBCV3-A-A16-103,Room A16-103
TB3-A-A16-103-4,TBCV3-A-A16-103,Room A16-103
TB3-A-A16-104-1,TBCV3-A-A16-104,Room A16-104
TB3-A-A16-104-2,TBCV3-A-A16-104,Room A16-104
TB3-A-A16-104-3,TBCV3-A-A16-104,Room A16-104
TB3-A-A16-104-4,TBCV3-A-A16-104,Room A16-104
TB3-A-A16-105-1,TBCV3-A-A16-105,Room A16-105
TB3-A-A16-105-2,TBCV3-A-A16-105,Room A16-105
TB3-A-A16-105-3,TBCV3-A-A16-105,Room A16-105
TB3-A-A16-105-4,TBCV3-A-A16-105,Room A16-105
TB3-A-A16-106-1,TBCV3-A-A16-106,Room A16-106
TB3-A-A16-106-2,TBCV3-A-A16-106,Room A16-106
TB3-A-A16-106-3,TBCV3-A-A16-106,Room A16-106
TB3-A-A16-106-4,TBCV3-A-A16-106,Room A16-106
TB3-A-A16-107-1,TBCV3-A-A16-107,Room A16-107
TB3-A-A16-107-2,TBCV3-A-A16-107,Room A16-107
TB3-A-A16-107-3,TBCV3-A-A16-107,Room A16-107
TB3-A-A16-107-4,TBCV3-A-A16-107,Room A16-107
TB3-A-A16-108-1,TBCV3-A-A16-108,Room A16-108
TB3-A-A16-108-2,TBCV3-A-A16-108,Room A16-108
TB3-A-A16-108-3,TBCV3-A-A16-108,Room A16-108
TB3-A-A16-108-4,TBCV3-A-A16-108,Room A16-108
TB3-A-A16-109-1,TBCV3-A-A16-109,Room A16-109
TB3-A-A16-109-2,TBCV3-A-A16-109,Room A16-109
TB3-A-A16-109-3,TBCV3-A-A16-109,Room A16-109
TB3-A-A16-109-4,TBCV3-A-A16-109,Room A16-109
TB3-A-A16-110-1,TBCV3-A-A16-110,Room A16-110
TB3-A-A16-110-2,TBCV3-A-A16-110,Room A16-110
TB3-A-A16-110-3,TBCV3-A-A16-110,Room A16-110
TB3-A-A16-110-4,TBCV3-A-A16-110,Room A16-110
TB3-A-A16-111-1,TBCV3-A-A16-111,Room A16-111
TB3-A-A16-111-2,TBCV3-A-A16-111,Room A16-111
TB3-A-A16-111-3,TBCV3-A-A16-111,Room A16-111
TB3-A-A16-111-4,TBCV3-A-A16-111,Room A16-111
TB3-A-A16-112-1,TBCV3-A-A16-112,Room A16-112
TB3-A-A16-112-2,TBCV3-A-A16-112,Room A16-112
TB3-A-A16-112-3,TBCV3-A-A16-112,Room A16-112
TB3-A-A16-112-4,TBCV3-A-A16-112,Room A16-112
TB3-B-B01-001-1,TBCV3-B-B01-001,Room B01-001
TB3-B-B01-001-2,TBCV3-B-B01-001,Room B01-001
TB3-B-B01-001-3,TBCV3-B-B01-001,Room B01-001
TB3-B-B01-001-4,TBCV3-B-B01-001,Room B01-001
TB3-B-B01-001-5,TBCV3-B-B01-001,Room B01-001
TB3-B-B01-002-1,TBCV3-B-B01-002,Room B01-002
TB3-B-B01-002-2,TBCV3-B-B01-002,Room B01-002
TB3-B-B01-002-3,TBCV3-B-B01-002,Room B01-002
TB3-B-B01-002-4,TBCV3-B-B01-002,Room B01-002
TB3-B-B01-002-5,TBCV3-B-B01-002,Room B01-002
TB3-B-B01-003-1,TBCV3-B-B01-003,Room B01-003
TB3-B-B01-003-2,TBCV3-B-B01-003,Room B01-003
TB3-B-B01-003-3,TBCV3-B-B01-003,Room B01-003
TB3-B-B01-003-4,TBCV3-B-B01-003,Room B01-003
TB3-B-B01-003-5,TBCV3-B-B01-003,Room B01-003
TB3-B-B01-004-1,TBCV3-B-B01-004,Room B01-004
TB3-B-B01-004-2,TBCV3-B-B01-004,Room B01-004
TB3-B-B01-004-3,TBCV3-B-B01-004,Room B01-004
TB3-B-B01-004-4,TBCV3-B-B01-004,Room B01-004
TB3-B-B01-004-5,TBCV3-B-B01-004,Room B01-004
TB3-B-B01-005-1,TBCV3-B-B01-005,Room B01-005
TB3-B-B01-005-2,TBCV3-B-B01-005,Room B01-005
TB3-B-B01-005-3,TBCV3-B-B01-005,Room B01-005
TB3-B-B01-005-4,TBCV3-B-B01-005,Room B01-005
TB3-B-B01-005-5,TBCV3-B-B01-005,Room B01-005
TB3-B-B01-006-1,TBCV3-B-B01-006,Room B01-006
TB3-B-B01-006-2,TBCV3-B-B01-006,Room B01-006
TB3-B-B01-006-3,TBCV3-B-B01-006,Room B01-006
TB3-B-B01-006-4,TBCV3-B-B01-006,Room B01-006
TB3-B-B01-006-5,TBCV3-B-B01-006,Room B01-006
TB3-B-B01-007-1,TBCV3-B-B01-007,Room B01-007
TB3-B-B01-007-2,TBCV3-B-B01-007,Room B01-007
TB3-B-B01-007-3,TBCV3-B-B01-007,Room B01-007
TB3-B-B01-007-4,TBCV3-B-B01-007,Room B01-007
TB3-B-B01-007-5,TBCV3-B-B01-007,Room B01-007
TB3-B-B01-008-1,TBCV3-B-B01-008,Room B01-008
TB3-B-B01-008-2,TBCV3-B-B01-008,Room B01-008
TB3-B-B01-008-3,TBCV3-B-B01-008,Room B01-008
TB3-B-B01-008-4,TBCV3-B-B01-008,Room B01-008
TB3-B-B01-008-5,TBCV3-B-B01-008,Room B01-008
TB3-B-B01-009-1,TBCV3-B-B01-009,Room B01-009
TB3-B-B01-009-2,TBCV3-B-B01-009,Room B01-009
TB3-B-B01-009-3,TBCV3-B-B01-009,Room B01-009
TB3-B-B01-009-4,TBCV3-B-B01-009,Room B01-009
TB3-B-B01-009-5,TBCV3-B-B01-009,Room B01-009
TB3-B-B01-010-1,TBCV3-B-B01-010,Room B01-010
TB3-B-B01-010-2,TBCV3-B-B01-010,Room B01-010
TB3-B-B01-010-3,TBCV3-B-B01-010,Room B01-010
TB3-B-B01-010-4,TBCV3-B-B01-010,Room B01-010
TB3-B-B01-010-5,TBCV3-B-B01-010,Room B01-010
TB3-B-B01-011-1,TBCV3-B-B01-011,Room B01-011
TB3-B-B01-011-2,TBCV3-B-B01-011,Room B01-011
TB3-B-B01-011-3,TBCV3-B-B01-011,Room B01-011
TB3-B-B01-011-4,TBCV3-B-B01-011,Room B01-011
TB3-B-B01-011-5,TBCV3-B-B01-011,Room B01-011
TB3-B-B01-012-1,TBCV3-B-B01-012,Room B01-012
TB3-B-B01-012-2,TBCV3-B-B01-012,Room B01-012
TB3-B-B01-012-3,TBCV3-B-B01-012,Room B01-012
TB3-B-B01-012-4,TBCV3-B-B01-012,Room B01-012
TB3-B-B01-012-5,TBCV3-B-B01-012,Room B01-012
TB3-B-B01-101-1,TBCV3-B-B01-101,Room B01-101
TB3-B-B01-101-2,TBCV3-B-B01-101,Room B01-101
TB3-B-B01-101-3,TBCV3-B-B01-101,Room B01-101
TB3-B-B01-101-4,TBCV3-B-B01-101,Room B01-101
TB3-B-B01-102-1,TBCV3-B-B01-102,Room B01-102
TB3-B-B01-102-2,TBCV3-B-B01-102,Room B01-102
TB3-B-B01-102-3,TBCV3-B-B01-102,Room B01-102
TB3-B-B01-102-4,TBCV3-B-B01-102,Room B01-102
TB3-B-B01-103-1,TBCV3-B-B01-103,Room B01-103
TB3-B-B01-103-2,TBCV3-B-B01-103,Room B01-103
TB3-B-B01-103-3,TBCV3-B-B01-103,Room B01-103
TB3-B-B01-103-4,TBCV3-B-B01-103,Room B01-103
TB3-B-B01-104-1,TBCV3-B-B01-104,Room B01-104
TB3-B-B01-104-2,TBCV3-B-B01-104,Room B01-104
TB3-B-B01-104-3,TBCV3-B-B01-104,Room B01-104
TB3-B-B01-104-4,TBCV3-B-B01-104,Room B01-104
TB3-B-B01-105-1,TBCV3-B-B01-105,Room B01-105
TB3-B-B01-105-2,TBCV3-B-B01-105,Room B01-105
TB3-B-B01-105-3,TBCV3-B-B01-105,Room B01-105
TB3-B-B01-105-4,TBCV3-B-B01-105,Room B01-105
TB3-B-B01-106-1,TBCV3-B-B01-106,Room B01-106
TB3-B-B01-106-2,TBCV3-B-B01-106,Room B01-106
TB3-B-B01-106-3,TBCV3-B-B01-106,Room B01-106
TB3-B-B01-106-4,TBCV3-B-B01-106,Room B01-106
TB3-B-B01-107-1,TBCV3-B-B01-107,Room B01-107
TB3-B-B01-107-2,TBCV3-B-B01-107,Room B01-107
TB3-B-B01-107-3,TBCV3-B-B01-107,Room B01-107
TB3-B-B01-107-4,TBCV3-B-B01-107,Room B01-107
TB3-B-B01-108-1,TBCV3-B-B01-108,Room B01-108
TB3-B-B01-108-2,TBCV3-B-B01-108,Room B01-108
TB3-B-B01-108-3,TBCV3-B-B01-108,Room B01-108
TB3-B-B01-108-4,TBCV3-B-B01-108,Room B01-108
TB3-B-B01-109-1,TBCV3-B-B01-109,Room B01-109
TB3-B-B01-109-2,TBCV3-B-B01-109,Room B01-109
TB3-B-B01-109-3,TBCV3-B-B01-109,Room B01-109
TB3-B-B01-109-4,TBCV3-B-B01-109,Room B01-109
TB3-B-B01-110-1,TBCV3-B-B01-110,Room B01-110
TB3-B-B01-110-2,TBCV3-B-B01-110,Room B01-110
TB3-B-B01-110-3,TBCV3-B-B01-110,Room B01-110
TB3-B-B01-110-4,TBCV3-B-B01-110,Room B01-110
TB3-B-B01-111-1,TBCV3-B-B01-111,Room B01-111
TB3-B-B01-111-2,TBCV3-B-B01-111,Room B01-111
TB3-B-B01-111-3,TBCV3-B-B01-111,Room B01-111
TB3-B-B01-111-4,TBCV3-B-B01-111,Room B01-111
TB3-B-B01-112-1,TBCV3-B-B01-112,Room B01-112
TB3-B-B01-112-2,TBCV3-B-B01-112,Room B01-112
TB3-B-B01-112-3,TBCV3-B-B01-112,Room B01-112
TB3-B-B01-112-4,TBCV3-B-B01-112,Room B01-112
TB3-B-B02-001-1,TBCV3-B-B02-001,Room B02-001
TB3-B-B02-001-2,TBCV3-B-B02-001,Room B02-001
TB3-B-B02-001-3,TBCV3-B-B02-001,Room B02-001
TB3-B-B02-001-4,TBCV3-B-B02-001,Room B02-001
TB3-B-B02-001-5,TBCV3-B-B02-001,Room B02-001
TB3-B-B02-002-1,TBCV3-B-B02-002,Room B02-002
TB3-B-B02-002-2,TBCV3-B-B02-002,Room B02-002
TB3-B-B02-002-3,TBCV3-B-B02-002,Room B02-002
TB3-B-B02-002-4,TBCV3-B-B02-002,Room B02-002
TB3-B-B02-002-5,TBCV3-B-B02-002,Room B02-002
TB3-B-B02-003-1,TBCV3-B-B02-003,Room B02-003
TB3-B-B02-003-2,TBCV3-B-B02-003,Room B02-003
TB3-B-B02-003-3,TBCV3-B-B02-003,Room B02-003
TB3-B-B02-003-4,TBCV3-B-B02-003,Room B02-003
TB3-B-B02-003-5,TBCV3-B-B02-003,Room B02-003
TB3-B-B02-004-1,TBCV3-B-B02-004,Room B02-004
TB3-B-B02-004-2,TBCV3-B-B02-004,Room B02-004
TB3-B-B02-004-3,TBCV3-B-B02-004,Room B02-004
TB3-B-B02-004-4,TBCV3-B-B02-004,Room B02-004
TB3-B-B02-004-5,TBCV3-B-B02-004,Room B02-004
TB3-B-B02-005-1,TBCV3-B-B02-005,Room B02-005
TB3-B-B02-005-2,TBCV3-B-B02-005,Room B02-005
TB3-B-B02-005-3,TBCV3-B-B02-005,Room B02-005
TB3-B-B02-005-4,TBCV3-B-B02-005,Room B02-005
TB3-B-B02-005-5,TBCV3-B-B02-005,Room B02-005
TB3-B-B02-006-1,TBCV3-B-B02-006,Room B02-006
TB3-B-B02-006-2,TBCV3-B-B02-006,Room B02-006
TB3-B-B02-006-3,TBCV3-B-B02-006,Room B02-006
TB3-B-B02-006-4,TBCV3-B-B02-006,Room B02-006
TB3-B-B02-006-5,TBCV3-B-B02-006,Room B02-006
TB3-B-B02-007-1,TBCV3-B-B02-007,Room B02-007
TB3-B-B02-007-2,TBCV3-B-B02-007,Room B02-007
TB3-B-B02-007-3,TBCV3-B-B02-007,Room B02-007
TB3-B-B02-007-4,TBCV3-B-B02-007,Room B02-007
TB3-B-B02-007-5,TBCV3-B-B02-007,Room B02-007
TB3-B-B02-008-1,TBCV3-B-B02-008,Room B02-008
TB3-B-B02-008-2,TBCV3-B-B02-008,Room B02-008
TB3-B-B02-008-3,TBCV3-B-B02-008,Room B02-008
TB3-B-B02-008-4,TBCV3-B-B02-008,Room B02-008
TB3-B-B02-008-5,TBCV3-B-B02-008,Room B02-008
TB3-B-B02-009-1,TBCV3-B-B02-009,Room B02-009
TB3-B-B02-009-2,TBCV3-B-B02-009,Room B02-009
TB3-B-B02-009-3,TBCV3-B-B02-009,Room B02-009
TB3-B-B02-009-4,TBCV3-B-B02-009,Room B02-009
TB3-B-B02-009-5,TBCV3-B-B02-009,Room B02-009
TB3-B-B02-010-1,TBCV3-B-B02-010,Room B02-010
TB3-B-B02-010-2,TBCV3-B-B02-010,Room B02-010
TB3-B-B02-010-3,TBCV3-B-B02-010,Room B02-010
TB3-B-B02-010-4,TBCV3-B-B02-010,Room B02-010
TB3-B-B02-010-5,TBCV3-B-B02-010,Room B02-010
TB3-B-B02-011-1,TBCV3-B-B02-011,Room B02-011
TB3-B-B02-011-2,TBCV3-B-B02-011,Room B02-011
TB3-B-B02-011-3,TBCV3-B-B02-011,Room B02-011
TB3-B-B02-011-4,TBCV3-B-B02-011,Room B02-011
TB3-B-B02-011-5,TBCV3-B-B02-011,Room B02-011
TB3-B-B02-012-1,TBCV3-B-B02-012,Room B02-012
TB3-B-B02-012-2,TBCV3-B-B02-012,Room B02-012
TB3-B-B02-012-3,TBCV3-B-B02-012,Room B02-012
TB3-B-B02-012-4,TBCV3-B-B02-012,Room B02-012
TB3-B-B02-012-5,TBCV3-B-B02-012,Room B02-012
TB3-B-B02-101-1,TBCV3-B-B02-101,Room B02-101
TB3-B-B02-101-2,TBCV3-B-B02-101,Room B02-101
TB3-B-B02-101-3,TBCV3-B-B02-101,Room B02-101
TB3-B-B02-101-4,TBCV3-B-B02-101,Room B02-101
TB3-B-B02-102-1,TBCV3-B-B02-102,Room B02-102
TB3-B-B02-102-2,TBCV3-B-B02-102,Room B02-102
TB3-B-B02-102-3,TBCV3-B-B02-102,Room B02-102
TB3-B-B02-102-4,TBCV3-B-B02-102,Room B02-102
TB3-B-B02-103-1,TBCV3-B-B02-103,Room B02-103
TB3-B-B02-103-2,TBCV3-B-B02-103,Room B02-103
TB3-B-B02-103-3,TBCV3-B-B02-103,Room B02-103
TB3-B-B02-103-4,TBCV3-B-B02-103,Room B02-103
TB3-B-B02-104-1,TBCV3-B-B02-104,Room B02-104
TB3-B-B02-104-2,TBCV3-B-B02-104,Room B02-104
TB3-B-B02-104-3,TBCV3-B-B02-104,Room B02-104
TB3-B-B02-104-4,TBCV3-B-B02-104,Room B02-104
TB3-B-B02-105-1,TBCV3-B-B02-105,Room B02-105
TB3-B-B02-105-2,TBCV3-B-B02-105,Room B02-105
TB3-B-B02-105-3,TBCV3-B-B02-105,Room B02-105
TB3-B-B02-105-4,TBCV3-B-B02-105,Room B02-105
TB3-B-B02-106-1,TBCV3-B-B02-106,Room B02-106
TB3-B-B02-106-2,TBCV3-B-B02-106,Room B02-106
TB3-B-B02-106-3,TBCV3-B-B02-106,Room B02-106
TB3-B-B02-106-4,TBCV3-B-B02-106,Room B02-106
TB3-B-B02-107-1,TBCV3-B-B02-107,Room B02-107
TB3-B-B02-107-2,TBCV3-B-B02-107,Room B02-107
TB3-B-B02-107-3,TBCV3-B-B02-107,Room B02-107
TB3-B-B02-107-4,TBCV3-B-B02-107,Room B02-107
TB3-B-B02-108-1,TBCV3-B-B02-108,Room B02-108
TB3-B-B02-108-2,TBCV3-B-B02-108,Room B02-108
TB3-B-B02-108-3,TBCV3-B-B02-108,Room B02-108
TB3-B-B02-108-4,TBCV3-B-B02-108,Room B02-108
TB3-B-B02-109-1,TBCV3-B-B02-109,Room B02-109
TB3-B-B02-109-2,TBCV3-B-B02-109,Room B02-109
TB3-B-B02-109-3,TBCV3-B-B02-109,Room B02-109
TB3-B-B02-109-4,TBCV3-B-B02-109,Room B02-109
TB3-B-B02-110-1,TBCV3-B-B02-110,Room B02-110
TB3-B-B02-110-2,TBCV3-B-B02-110,Room B02-110
TB3-B-B02-110-3,TBCV3-B-B02-110,Room B02-110
TB3-B-B02-110-4,TBCV3-B-B02-110,Room B02-110
TB3-B-B02-111-1,TBCV3-B-B02-111,Room B02-111
TB3-B-B02-111-2,TBCV3-B-B02-111,Room B02-111
TB3-B-B02-111-3,TBCV3-B-B02-111,Room B02-111
TB3-B-B02-111-4,TBCV3-B-B02-111,Room B02-111
TB3-B-B02-112-1,TBCV3-B-B02-112,Room B02-112
TB3-B-B02-112-2,TBCV3-B-B02-112,Room B02-112
TB3-B-B02-112-3,TBCV3-B-B02-112,Room B02-112
TB3-B-B02-112-4,TBCV3-B-B02-112,Room B02-112
TB3-B-B03-001-1,TBCV3-B-B03-001,Room B03-001
TB3-B-B03-001-2,TBCV3-B-B03-001,Room B03-001
TB3-B-B03-001-3,TBCV3-B-B03-001,Room B03-001
TB3-B-B03-001-4,TBCV3-B-B03-001,Room B03-001
TB3-B-B03-001-5,TBCV3-B-B03-001,Room B03-001
TB3-B-B03-002-1,TBCV3-B-B03-002,Room B03-002
TB3-B-B03-002-2,TBCV3-B-B03-002,Room B03-002
TB3-B-B03-002-3,TBCV3-B-B03-002,Room B03-002
TB3-B-B03-002-4,TBCV3-B-B03-002,Room B03-002
TB3-B-B03-002-5,TBCV3-B-B03-002,Room B03-002
TB3-B-B03-003-1,TBCV3-B-B03-003,Room B03-003
TB3-B-B03-003-2,TBCV3-B-B03-003,Room B03-003
TB3-B-B03-003-3,TBCV3-B-B03-003,Room B03-003
TB3-B-B03-003-4,TBCV3-B-B03-003,Room B03-003
TB3-B-B03-003-5,TBCV3-B-B03-003,Room B03-003
TB3-B-B03-004-1,TBCV3-B-B03-004,Room B03-004
TB3-B-B03-004-2,TBCV3-B-B03-004,Room B03-004
TB3-B-B03-004-3,TBCV3-B-B03-004,Room B03-004
TB3-B-B03-004-4,TBCV3-B-B03-004,Room B03-004
TB3-B-B03-004-5,TBCV3-B-B03-004,Room B03-004
TB3-B-B03-005-1,TBCV3-B-B03-005,Room B03-005
TB3-B-B03-005-2,TBCV3-B-B03-005,Room B03-005
TB3-B-B03-005-3,TBCV3-B-B03-005,Room B03-005
TB3-B-B03-005-4,TBCV3-B-B03-005,Room B03-005
TB3-B-B03-005-5,TBCV3-B-B03-005,Room B03-005
TB3-B-B03-006-1,TBCV3-B-B03-006,Room B03-006
TB3-B-B03-006-2,TBCV3-B-B03-006,Room B03-006
TB3-B-B03-006-3,TBCV3-B-B03-006,Room B03-006
TB3-B-B03-006-4,TBCV3-B-B03-006,Room B03-006
TB3-B-B03-006-5,TBCV3-B-B03-006,Room B03-006
TB3-B-B03-007-1,TBCV3-B-B03-007,Room B03-007
TB3-B-B03-007-2,TBCV3-B-B03-007,Room B03-007
TB3-B-B03-007-3,TBCV3-B-B03-007,Room B03-007
TB3-B-B03-007-4,TBCV3-B-B03-007,Room B03-007
TB3-B-B03-007-5,TBCV3-B-B03-007,Room B03-007
TB3-B-B03-008-1,TBCV3-B-B03-008,Room B03-008
TB3-B-B03-008-2,TBCV3-B-B03-008,Room B03-008
TB3-B-B03-008-3,TBCV3-B-B03-008,Room B03-008
TB3-B-B03-008-4,TBCV3-B-B03-008,Room B03-008
TB3-B-B03-008-5,TBCV3-B-B03-008,Room B03-008
TB3-B-B03-009-1,TBCV3-B-B03-009,Room B03-009
TB3-B-B03-009-2,TBCV3-B-B03-009,Room B03-009
TB3-B-B03-009-3,TBCV3-B-B03-009,Room B03-009
TB3-B-B03-009-4,TBCV3-B-B03-009,Room B03-009
TB3-B-B03-009-5,TBCV3-B-B03-009,Room B03-009
TB3-B-B03-010-1,TBCV3-B-B03-010,Room B03-010
TB3-B-B03-010-2,TBCV3-B-B03-010,Room B03-010
TB3-B-B03-010-3,TBCV3-B-B03-010,Room B03-010
TB3-B-B03-010-4,TBCV3-B-B03-010,Room B03-010
TB3-B-B03-010-5,TBCV3-B-B03-010,Room B03-010
TB3-B-B03-011-1,TBCV3-B-B03-011,Room B03-011
TB3-B-B03-011-2,TBCV3-B-B03-011,Room B03-011
TB3-B-B03-011-3,TBCV3-B-B03-011,Room B03-011
TB3-B-B03-011-4,TBCV3-B-B03-011,Room B03-011
TB3-B-B03-011-5,TBCV3-B-B03-011,Room B03-011
TB3-B-B03-012-1,TBCV3-B-B03-012,Room B03-012
TB3-B-B03-012-2,TBCV3-B-B03-012,Room B03-012
TB3-B-B03-012-3,TBCV3-B-B03-012,Room B03-012
TB3-B-B03-012-4,TBCV3-B-B03-012,Room B03-012
TB3-B-B03-012-5,TBCV3-B-B03-012,Room B03-012
TB3-B-B03-101-1,TBCV3-B-B03-101,Room B03-101
TB3-B-B03-101-2,TBCV3-B-B03-101,Room B03-101
TB3-B-B03-101-3,TBCV3-B-B03-101,Room B03-101
TB3-B-B03-101-4,TBCV3-B-B03-101,Room B03-101
TB3-B-B03-102-1,TBCV3-B-B03-102,Room B03-102
TB3-B-B03-102-2,TBCV3-B-B03-102,Room B03-102
TB3-B-B03-102-3,TBCV3-B-B03-102,Room B03-102
TB3-B-B03-102-4,TBCV3-B-B03-102,Room B03-102
TB3-B-B03-103-1,TBCV3-B-B03-103,Room B03-103
TB3-B-B03-103-2,TBCV3-B-B03-103,Room B03-103
TB3-B-B03-103-3,TBCV3-B-B03-103,Room B03-103
TB3-B-B03-103-4,TBCV3-B-B03-103,Room B03-103
TB3-B-B03-104-1,TBCV3-B-B03-104,Room B03-104
TB3-B-B03-104-2,TBCV3-B-B03-104,Room B03-104
TB3-B-B03-104-3,TBCV3-B-B03-104,Room B03-104
TB3-B-B03-104-4,TBCV3-B-B03-104,Room B03-104
TB3-B-B03-105-1,TBCV3-B-B03-105,Room B03-105
TB3-B-B03-105-2,TBCV3-B-B03-105,Room B03-105
TB3-B-B03-105-3,TBCV3-B-B03-105,Room B03-105
TB3-B-B03-105-4,TBCV3-B-B03-105,Room B03-105
TB3-B-B03-106-1,TBCV3-B-B03-106,Room B03-106
TB3-B-B03-106-2,TBCV3-B-B03-106,Room B03-106
TB3-B-B03-106-3,TBCV3-B-B03-106,Room B03-106
TB3-B-B03-106-4,TBCV3-B-B03-106,Room B03-106
TB3-B-B03-107-1,TBCV3-B-B03-107,Room B03-107
TB3-B-B03-107-2,TBCV3-B-B03-107,Room B03-107
TB3-B-B03-107-3,TBCV3-B-B03-107,Room B03-107
TB3-B-B03-107-4,TBCV3-B-B03-107,Room B03-107
TB3-B-B03-108-1,TBCV3-B-B03-108,Room B03-108
TB3-B-B03-108-2,TBCV3-B-B03-108,Room B03-108
TB3-B-B03-108-3,TBCV3-B-B03-108,Room B03-108
TB3-B-B03-108-4,TBCV3-B-B03-108,Room B03-108
TB3-B-B03-109-1,TBCV3-B-B03-109,Room B03-109
TB3-B-B03-109-2,TBCV3-B-B03-109,Room B03-109
TB3-B-B03-109-3,TBCV3-B-B03-109,Room B03-109
TB3-B-B03-109-4,TBCV3-B-B03-109,Room B03-109
TB3-B-B03-110-1,TBCV3-B-B03-110,Room B03-110
TB3-B-B03-110-2,TBCV3-B-B03-110,Room B03-110
TB3-B-B03-110-3,TBCV3-B-B03-110,Room B03-110
TB3-B-B03-110-4,TBCV3-B-B03-110,Room B03-110
TB3-B-B03-111-1,TBCV3-B-B03-111,Room B03-111
TB3-B-B03-111-2,TBCV3-B-B03-111,Room B03-111
TB3-B-B03-111-3,TBCV3-B-B03-111,Room B03-111
TB3-B-B03-111-4,TBCV3-B-B03-111,Room B03-111
TB3-B-B03-112-1,TBCV3-B-B03-112,Room B03-112
TB3-B-B03-112-2,TBCV3-B-B03-112,Room B03-112
TB3-B-B03-112-3,TBCV3-B-B03-112,Room B03-112
TB3-B-B03-112-4,TBCV3-B-B03-112,Room B03-112
TB3-B-B04-001-1,TBCV3-B-B04-001,Room B04-001
TB3-B-B04-001-2,TBCV3-B-B04-001,Room B04-001
TB3-B-B04-001-3,TBCV3-B-B04-001,Room B04-001
TB3-B-B04-001-4,TBCV3-B-B04-001,Room B04-001
TB3-B-B04-001-5,TBCV3-B-B04-001,Room B04-001
TB3-B-B04-001-6,TBCV3-B-B04-001,Room B04-001
TB3-B-B04-002-1,TBCV3-B-B04-002,Room B04-002
TB3-B-B04-002-2,TBCV3-B-B04-002,Room B04-002
TB3-B-B04-002-3,TBCV3-B-B04-002,Room B04-002
TB3-B-B04-002-4,TBCV3-B-B04-002,Room B04-002
TB3-B-B04-002-5,TBCV3-B-B04-002,Room B04-002
TB3-B-B04-002-6,TBCV3-B-B04-002,Room B04-002
TB3-B-B04-003-1,TBCV3-B-B04-003,Room B04-003
TB3-B-B04-003-2,TBCV3-B-B04-003,Room B04-003
TB3-B-B04-003-3,TBCV3-B-B04-003,Room B04-003
TB3-B-B04-003-4,TBCV3-B-B04-003,Room B04-003
TB3-B-B04-003-5,TBCV3-B-B04-003,Room B04-003
TB3-B-B04-003-6,TBCV3-B-B04-003,Room B04-003
TB3-B-B04-004-1,TBCV3-B-B04-004,Room B04-004
TB3-B-B04-004-2,TBCV3-B-B04-004,Room B04-004
TB3-B-B04-004-3,TBCV3-B-B04-004,Room B04-004
TB3-B-B04-004-4,TBCV3-B-B04-004,Room B04-004
TB3-B-B04-004-5,TBCV3-B-B04-004,Room B04-004
TB3-B-B04-004-6,TBCV3-B-B04-004,Room B04-004
TB3-B-B04-005-1,TBCV3-B-B04-005,Room B04-005
TB3-B-B04-005-2,TBCV3-B-B04-005,Room B04-005
TB3-B-B04-005-3,TBCV3-B-B04-005,Room B04-005
TB3-B-B04-005-4,TBCV3-B-B04-005,Room B04-005
TB3-B-B04-005-5,TBCV3-B-B04-005,Room B04-005
TB3-B-B04-005-6,TBCV3-B-B04-005,Room B04-005
TB3-B-B04-006-1,TBCV3-B-B04-006,Room B04-006
TB3-B-B04-006-2,TBCV3-B-B04-006,Room B04-006
TB3-B-B04-006-3,TBCV3-B-B04-006,Room B04-006
TB3-B-B04-006-4,TBCV3-B-B04-006,Room B04-006
TB3-B-B04-006-5,TBCV3-B-B04-006,Room B04-006
TB3-B-B04-006-6,TBCV3-B-B04-006,Room B04-006
TB3-B-B04-007-1,TBCV3-B-B04-007,Room B04-007
TB3-B-B04-007-2,TBCV3-B-B04-007,Room B04-007
TB3-B-B04-007-3,TBCV3-B-B04-007,Room B04-007
TB3-B-B04-007-4,TBCV3-B-B04-007,Room B04-007
TB3-B-B04-007-5,TBCV3-B-B04-007,Room B04-007
TB3-B-B04-007-6,TBCV3-B-B04-007,Room B04-007
TB3-B-B04-008-1,TBCV3-B-B04-008,Room B04-008
TB3-B-B04-008-2,TBCV3-B-B04-008,Room B04-008
TB3-B-B04-008-3,TBCV3-B-B04-008,Room B04-008
TB3-B-B04-008-4,TBCV3-B-B04-008,Room B04-008
TB3-B-B04-008-5,TBCV3-B-B04-008,Room B04-008
TB3-B-B04-008-6,TBCV3-B-B04-008,Room B04-008
TB3-B-B04-009-1,TBCV3-B-B04-009,Room B04-009
TB3-B-B04-009-2,TBCV3-B-B04-009,Room B04-009
TB3-B-B04-009-3,TBCV3-B-B04-009,Room B04-009
TB3-B-B04-009-4,TBCV3-B-B04-009,Room B04-009
TB3-B-B04-009-5,TBCV3-B-B04-009,Room B04-009
TB3-B-B04-009-6,TBCV3-B-B04-009,Room B04-009
TB3-B-B04-010-1,TBCV3-B-B04-010,Room B04-010
TB3-B-B04-010-2,TBCV3-B-B04-010,Room B04-010
TB3-B-B04-010-3,TBCV3-B-B04-010,Room B04-010
TB3-B-B04-010-4,TBCV3-B-B04-010,Room B04-010
TB3-B-B04-010-5,TBCV3-B-B04-010,Room B04-010
TB3-B-B04-010-6,TBCV3-B-B04-010,Room B04-010
TB3-B-B04-011-1,TBCV3-B-B04-011,Room B04-011
TB3-B-B04-011-2,TBCV3-B-B04-011,Room B04-011
TB3-B-B04-011-3,TBCV3-B-B04-011,Room B04-011
TB3-B-B04-011-4,TBCV3-B-B04-011,Room B04-011
TB3-B-B04-011-5,TBCV3-B-B04-011,Room B04-011
TB3-B-B04-011-6,TBCV3-B-B04-011,Room B04-011
TB3-B-B04-012-1,TBCV3-B-B04-012,Room B04-012
TB3-B-B04-012-2,TBCV3-B-B04-012,Room B04-012
TB3-B-B04-012-3,TBCV3-B-B04-012,Room B04-012
TB3-B-B04-012-4,TBCV3-B-B04-012,Room B04-012
TB3-B-B04-012-5,TBCV3-B-B04-012,Room B04-012
TB3-B-B04-012-6,TBCV3-B-B04-012,Room B04-012
TB3-B-B04-101-1,TBCV3-B-B04-101,Room B04-101
TB3-B-B04-101-2,TBCV3-B-B04-101,Room B04-101
TB3-B-B04-101-3,TBCV3-B-B04-101,Room B04-101
TB3-B-B04-101-4,TBCV3-B-B04-101,Room B04-101
TB3-B-B04-101-5,TBCV3-B-B04-101,Room B04-101
TB3-B-B04-101-6,TBCV3-B-B04-101,Room B04-101
TB3-B-B04-102-1,TBCV3-B-B04-102,Room B04-102
TB3-B-B04-102-2,TBCV3-B-B04-102,Room B04-102
TB3-B-B04-102-3,TBCV3-B-B04-102,Room B04-102
TB3-B-B04-102-4,TBCV3-B-B04-102,Room B04-102
TB3-B-B04-102-5,TBCV3-B-B04-102,Room B04-102
TB3-B-B04-102-6,TBCV3-B-B04-102,Room B04-102
TB3-B-B04-103-1,TBCV3-B-B04-103,Room B04-103
TB3-B-B04-103-2,TBCV3-B-B04-103,Room B04-103
TB3-B-B04-103-3,TBCV3-B-B04-103,Room B04-103
TB3-B-B04-103-4,TBCV3-B-B04-103,Room B04-103
TB3-B-B04-103-5,TBCV3-B-B04-103,Room B04-103
TB3-B-B04-103-6,TBCV3-B-B04-103,Room B04-103
TB3-B-B04-104-1,TBCV3-B-B04-104,Room B04-104
TB3-B-B04-104-2,TBCV3-B-B04-104,Room B04-104
TB3-B-B04-104-3,TBCV3-B-B04-104,Room B04-104
TB3-B-B04-104-4,TBCV3-B-B04-104,Room B04-104
TB3-B-B04-104-5,TBCV3-B-B04-104,Room B04-104
TB3-B-B04-104-6,TBCV3-B-B04-104,Room B04-104
TB3-B-B04-105-1,TBCV3-B-B04-105,Room B04-105
TB3-B-B04-105-2,TBCV3-B-B04-105,Room B04-105
TB3-B-B04-105-3,TBCV3-B-B04-105,Room B04-105
TB3-B-B04-105-4,TBCV3-B-B04-105,Room B04-105
TB3-B-B04-105-5,TBCV3-B-B04-105,Room B04-105
TB3-B-B04-105-6,TBCV3-B-B04-105,Room B04-105
TB3-B-B04-106-1,TBCV3-B-B04-106,Room B04-106
TB3-B-B04-106-2,TBCV3-B-B04-106,Room B04-106
TB3-B-B04-106-3,TBCV3-B-B04-106,Room B04-106
TB3-B-B04-106-4,TBCV3-B-B04-106,Room B04-106
TB3-B-B04-106-5,TBCV3-B-B04-106,Room B04-106
TB3-B-B04-106-6,TBCV3-B-B04-106,Room B04-106
TB3-B-B04-107-1,TBCV3-B-B04-107,Room B04-107
TB3-B-B04-107-2,TBCV3-B-B04-107,Room B04-107
TB3-B-B04-107-3,TBCV3-B-B04-107,Room B04-107
TB3-B-B04-107-4,TBCV3-B-B04-107,Room B04-107
TB3-B-B04-107-5,TBCV3-B-B04-107,Room B04-107
TB3-B-B04-107-6,TBCV3-B-B04-107,Room B04-107
TB3-B-B04-108-1,TBCV3-B-B04-108,Room B04-108
TB3-B-B04-108-2,TBCV3-B-B04-108,Room B04-108
TB3-B-B04-108-3,TBCV3-B-B04-108,Room B04-108
TB3-B-B04-108-4,TBCV3-B-B04-108,Room B04-108
TB3-B-B04-108-5,TBCV3-B-B04-108,Room B04-108
TB3-B-B04-108-6,TBCV3-B-B04-108,Room B04-108
TB3-B-B04-109-1,TBCV3-B-B04-109,Room B04-109
TB3-B-B04-109-2,TBCV3-B-B04-109,Room B04-109
TB3-B-B04-109-3,TBCV3-B-B04-109,Room B04-109
TB3-B-B04-109-4,TBCV3-B-B04-109,Room B04-109
TB3-B-B04-109-5,TBCV3-B-B04-109,Room B04-109
TB3-B-B04-109-6,TBCV3-B-B04-109,Room B04-109
TB3-B-B04-110-1,TBCV3-B-B04-110,Room B04-110
TB3-B-B04-110-2,TBCV3-B-B04-110,Room B04-110
TB3-B-B04-110-3,TBCV3-B-B04-110,Room B04-110
TB3-B-B04-110-4,TBCV3-B-B04-110,Room B04-110
TB3-B-B04-110-5,TBCV3-B-B04-110,Room B04-110
TB3-B-B04-110-6,TBCV3-B-B04-110,Room B04-110
TB3-B-B04-111-1,TBCV3-B-B04-111,Room B04-111
TB3-B-B04-111-2,TBCV3-B-B04-111,Room B04-111
TB3-B-B04-111-3,TBCV3-B-B04-111,Room B04-111
TB3-B-B04-111-4,TBCV3-B-B04-111,Room B04-111
TB3-B-B04-111-5,TBCV3-B-B04-111,Room B04-111
TB3-B-B04-111-6,TBCV3-B-B04-111,Room B04-111
TB3-B-B04-112-1,TBCV3-B-B04-112,Room B04-112
TB3-B-B04-112-2,TBCV3-B-B04-112,Room B04-112
TB3-B-B04-112-3,TBCV3-B-B04-112,Room B04-112
TB3-B-B04-112-4,TBCV3-B-B04-112,Room B04-112
TB3-B-B04-112-5,TBCV3-B-B04-112,Room B04-112
TB3-B-B04-112-6,TBCV3-B-B04-112,Room B04-112
TB3-B-B04-104-7,TBCV3-B-B04-104,Room B04-104
TB3-B-B05-001-1,TBCV3-B-B05-001,Room B05-001
TB3-B-B05-001-2,TBCV3-B-B05-001,Room B05-001
TB3-B-B05-001-3,TBCV3-B-B05-001,Room B05-001
TB3-B-B05-001-4,TBCV3-B-B05-001,Room B05-001
TB3-B-B05-001-5,TBCV3-B-B05-001,Room B05-001
TB3-B-B05-002-1,TBCV3-B-B05-002,Room B05-002
TB3-B-B05-002-2,TBCV3-B-B05-002,Room B05-002
TB3-B-B05-002-3,TBCV3-B-B05-002,Room B05-002
TB3-B-B05-002-4,TBCV3-B-B05-002,Room B05-002
TB3-B-B05-002-5,TBCV3-B-B05-002,Room B05-002
TB3-B-B05-003-1,TBCV3-B-B05-003,Room B05-003
TB3-B-B05-003-2,TBCV3-B-B05-003,Room B05-003
TB3-B-B05-003-3,TBCV3-B-B05-003,Room B05-003
TB3-B-B05-003-4,TBCV3-B-B05-003,Room B05-003
TB3-B-B05-003-5,TBCV3-B-B05-003,Room B05-003
TB3-B-B05-004-1,TBCV3-B-B05-004,Room B05-004
TB3-B-B05-004-2,TBCV3-B-B05-004,Room B05-004
TB3-B-B05-004-3,TBCV3-B-B05-004,Room B05-004
TB3-B-B05-004-4,TBCV3-B-B05-004,Room B05-004
TB3-B-B05-004-5,TBCV3-B-B05-004,Room B05-004
TB3-B-B05-005-1,TBCV3-B-B05-005,Room B05-005
TB3-B-B05-005-2,TBCV3-B-B05-005,Room B05-005
TB3-B-B05-005-3,TBCV3-B-B05-005,Room B05-005
TB3-B-B05-005-4,TBCV3-B-B05-005,Room B05-005
TB3-B-B05-005-5,TBCV3-B-B05-005,Room B05-005
TB3-B-B05-006-1,TBCV3-B-B05-006,Room B05-006
TB3-B-B05-006-2,TBCV3-B-B05-006,Room B05-006
TB3-B-B05-006-3,TBCV3-B-B05-006,Room B05-006
TB3-B-B05-006-4,TBCV3-B-B05-006,Room B05-006
TB3-B-B05-006-5,TBCV3-B-B05-006,Room B05-006
TB3-B-B05-007-1,TBCV3-B-B05-007,Room B05-007
TB3-B-B05-007-2,TBCV3-B-B05-007,Room B05-007
TB3-B-B05-007-3,TBCV3-B-B05-007,Room B05-007
TB3-B-B05-007-4,TBCV3-B-B05-007,Room B05-007
TB3-B-B05-007-5,TBCV3-B-B05-007,Room B05-007
TB3-B-B05-008-1,TBCV3-B-B05-008,Room B05-008
TB3-B-B05-008-2,TBCV3-B-B05-008,Room B05-008
TB3-B-B05-008-3,TBCV3-B-B05-008,Room B05-008
TB3-B-B05-008-4,TBCV3-B-B05-008,Room B05-008
TB3-B-B05-008-5,TBCV3-B-B05-008,Room B05-008
TB3-B-B05-009-1,TBCV3-B-B05-009,Room B05-009
TB3-B-B05-009-2,TBCV3-B-B05-009,Room B05-009
TB3-B-B05-009-3,TBCV3-B-B05-009,Room B05-009
TB3-B-B05-009-4,TBCV3-B-B05-009,Room B05-009
TB3-B-B05-009-5,TBCV3-B-B05-009,Room B05-009
TB3-B-B05-010-1,TBCV3-B-B05-010,Room B05-010
TB3-B-B05-010-2,TBCV3-B-B05-010,Room B05-010
TB3-B-B05-010-3,TBCV3-B-B05-010,Room B05-010
TB3-B-B05-010-4,TBCV3-B-B05-010,Room B05-010
TB3-B-B05-010-5,TBCV3-B-B05-010,Room B05-010
TB3-B-B05-011-1,TBCV3-B-B05-011,Room B05-011
TB3-B-B05-011-2,TBCV3-B-B05-011,Room B05-011
TB3-B-B05-011-3,TBCV3-B-B05-011,Room B05-011
TB3-B-B05-011-4,TBCV3-B-B05-011,Room B05-011
TB3-B-B05-011-5,TBCV3-B-B05-011,Room B05-011
TB3-B-B05-012-1,TBCV3-B-B05-012,Room B05-012
TB3-B-B05-012-2,TBCV3-B-B05-012,Room B05-012
TB3-B-B05-012-3,TBCV3-B-B05-012,Room B05-012
TB3-B-B05-012-4,TBCV3-B-B05-012,Room B05-012
TB3-B-B05-012-5,TBCV3-B-B05-012,Room B05-012
TB3-B-B05-101-1,TBCV3-B-B05-101,Room B05-101
TB3-B-B05-101-2,TBCV3-B-B05-101,Room B05-101
TB3-B-B05-101-3,TBCV3-B-B05-101,Room B05-101
TB3-B-B05-101-4,TBCV3-B-B05-101,Room B05-101
TB3-B-B05-102-1,TBCV3-B-B05-102,Room B05-102
TB3-B-B05-102-2,TBCV3-B-B05-102,Room B05-102
TB3-B-B05-102-3,TBCV3-B-B05-102,Room B05-102
TB3-B-B05-102-4,TBCV3-B-B05-102,Room B05-102
TB3-B-B05-103-1,TBCV3-B-B05-103,Room B05-103
TB3-B-B05-103-2,TBCV3-B-B05-103,Room B05-103
TB3-B-B05-103-3,TBCV3-B-B05-103,Room B05-103
TB3-B-B05-103-4,TBCV3-B-B05-103,Room B05-103
TB3-B-B05-104-1,TBCV3-B-B05-104,Room B05-104
TB3-B-B05-104-2,TBCV3-B-B05-104,Room B05-104
TB3-B-B05-104-3,TBCV3-B-B05-104,Room B05-104
TB3-B-B05-104-4,TBCV3-B-B05-104,Room B05-104
TB3-B-B05-105-1,TBCV3-B-B05-105,Room B05-105
TB3-B-B05-105-2,TBCV3-B-B05-105,Room B05-105
TB3-B-B05-105-3,TBCV3-B-B05-105,Room B05-105
TB3-B-B05-105-4,TBCV3-B-B05-105,Room B05-105
TB3-B-B05-106-1,TBCV3-B-B05-106,Room B05-106
TB3-B-B05-106-2,TBCV3-B-B05-106,Room B05-106
TB3-B-B05-106-3,TBCV3-B-B05-106,Room B05-106
TB3-B-B05-106-4,TBCV3-B-B05-106,Room B05-106
TB3-B-B05-107-1,TBCV3-B-B05-107,Room B05-107
TB3-B-B05-107-2,TBCV3-B-B05-107,Room B05-107
TB3-B-B05-107-3,TBCV3-B-B05-107,Room B05-107
TB3-B-B05-107-4,TBCV3-B-B05-107,Room B05-107
TB3-B-B05-108-1,TBCV3-B-B05-108,Room B05-108
TB3-B-B05-108-2,TBCV3-B-B05-108,Room B05-108
TB3-B-B05-108-3,TBCV3-B-B05-108,Room B05-108
TB3-B-B05-108-4,TBCV3-B-B05-108,Room B05-108
TB3-B-B05-109-1,TBCV3-B-B05-109,Room B05-109
TB3-B-B05-109-2,TBCV3-B-B05-109,Room B05-109
TB3-B-B05-109-3,TBCV3-B-B05-109,Room B05-109
TB3-B-B05-109-4,TBCV3-B-B05-109,Room B05-109
TB3-B-B05-110-1,TBCV3-B-B05-110,Room B05-110
TB3-B-B05-110-2,TBCV3-B-B05-110,Room B05-110
TB3-B-B05-110-3,TBCV3-B-B05-110,Room B05-110
TB3-B-B05-110-4,TBCV3-B-B05-110,Room B05-110
TB3-B-B05-111-1,TBCV3-B-B05-111,Room B05-111
TB3-B-B05-111-2,TBCV3-B-B05-111,Room B05-111
TB3-B-B05-111-3,TBCV3-B-B05-111,Room B05-111
TB3-B-B05-111-4,TBCV3-B-B05-111,Room B05-111
TB3-B-B05-112-1,TBCV3-B-B05-112,Room B05-112
TB3-B-B05-112-2,TBCV3-B-B05-112,Room B05-112
TB3-B-B05-112-3,TBCV3-B-B05-112,Room B05-112
TB3-B-B05-112-4,TBCV3-B-B05-112,Room B05-112
TB3-B-B06-001-1,TBCV3-B-B06-001,Room B06-001
TB3-B-B06-001-2,TBCV3-B-B06-001,Room B06-001
TB3-B-B06-001-3,TBCV3-B-B06-001,Room B06-001
TB3-B-B06-001-4,TBCV3-B-B06-001,Room B06-001
TB3-B-B06-001-5,TBCV3-B-B06-001,Room B06-001
TB3-B-B06-002-1,TBCV3-B-B06-002,Room B06-002
TB3-B-B06-002-2,TBCV3-B-B06-002,Room B06-002
TB3-B-B06-002-3,TBCV3-B-B06-002,Room B06-002
TB3-B-B06-002-4,TBCV3-B-B06-002,Room B06-002
TB3-B-B06-002-5,TBCV3-B-B06-002,Room B06-002
TB3-B-B06-003-1,TBCV3-B-B06-003,Room B06-003
TB3-B-B06-003-2,TBCV3-B-B06-003,Room B06-003
TB3-B-B06-003-3,TBCV3-B-B06-003,Room B06-003
TB3-B-B06-003-4,TBCV3-B-B06-003,Room B06-003
TB3-B-B06-003-5,TBCV3-B-B06-003,Room B06-003
TB3-B-B06-004-1,TBCV3-B-B06-004,Room B06-004
TB3-B-B06-004-2,TBCV3-B-B06-004,Room B06-004
TB3-B-B06-004-3,TBCV3-B-B06-004,Room B06-004
TB3-B-B06-004-4,TBCV3-B-B06-004,Room B06-004
TB3-B-B06-004-5,TBCV3-B-B06-004,Room B06-004
TB3-B-B06-005-1,TBCV3-B-B06-005,Room B06-005
TB3-B-B06-005-2,TBCV3-B-B06-005,Room B06-005
TB3-B-B06-005-3,TBCV3-B-B06-005,Room B06-005
TB3-B-B06-005-4,TBCV3-B-B06-005,Room B06-005
TB3-B-B06-005-5,TBCV3-B-B06-005,Room B06-005
TB3-B-B06-006-1,TBCV3-B-B06-006,Room B06-006
TB3-B-B06-006-2,TBCV3-B-B06-006,Room B06-006
TB3-B-B06-006-3,TBCV3-B-B06-006,Room B06-006
TB3-B-B06-006-4,TBCV3-B-B06-006,Room B06-006
TB3-B-B06-006-5,TBCV3-B-B06-006,Room B06-006
TB3-B-B06-007-1,TBCV3-B-B06-007,Room B06-007
TB3-B-B06-007-2,TBCV3-B-B06-007,Room B06-007
TB3-B-B06-007-3,TBCV3-B-B06-007,Room B06-007
TB3-B-B06-007-4,TBCV3-B-B06-007,Room B06-007
TB3-B-B06-007-5,TBCV3-B-B06-007,Room B06-007
TB3-B-B06-008-1,TBCV3-B-B06-008,Room B06-008
TB3-B-B06-008-2,TBCV3-B-B06-008,Room B06-008
TB3-B-B06-008-3,TBCV3-B-B06-008,Room B06-008
TB3-B-B06-008-4,TBCV3-B-B06-008,Room B06-008
TB3-B-B06-008-5,TBCV3-B-B06-008,Room B06-008
TB3-B-B06-009-1,TBCV3-B-B06-009,Room B06-009
TB3-B-B06-009-2,TBCV3-B-B06-009,Room B06-009
TB3-B-B06-009-3,TBCV3-B-B06-009,Room B06-009
TB3-B-B06-009-4,TBCV3-B-B06-009,Room B06-009
TB3-B-B06-009-5,TBCV3-B-B06-009,Room B06-009
TB3-B-B06-010-1,TBCV3-B-B06-010,Room B06-010
TB3-B-B06-010-2,TBCV3-B-B06-010,Room B06-010
TB3-B-B06-010-3,TBCV3-B-B06-010,Room B06-010
TB3-B-B06-010-4,TBCV3-B-B06-010,Room B06-010
TB3-B-B06-010-5,TBCV3-B-B06-010,Room B06-010
TB3-B-B06-011-1,TBCV3-B-B06-011,Room B06-011
TB3-B-B06-011-2,TBCV3-B-B06-011,Room B06-011
TB3-B-B06-011-3,TBCV3-B-B06-011,Room B06-011
TB3-B-B06-011-4,TBCV3-B-B06-011,Room B06-011
TB3-B-B06-011-5,TBCV3-B-B06-011,Room B06-011
TB3-B-B06-012-1,TBCV3-B-B06-012,Room B06-012
TB3-B-B06-012-2,TBCV3-B-B06-012,Room B06-012
TB3-B-B06-012-3,TBCV3-B-B06-012,Room B06-012
TB3-B-B06-012-4,TBCV3-B-B06-012,Room B06-012
TB3-B-B06-012-5,TBCV3-B-B06-012,Room B06-012
TB3-B-B06-101-1,TBCV3-B-B06-101,Room B06-101
TB3-B-B06-101-2,TBCV3-B-B06-101,Room B06-101
TB3-B-B06-101-3,TBCV3-B-B06-101,Room B06-101
TB3-B-B06-101-4,TBCV3-B-B06-101,Room B06-101
TB3-B-B06-102-1,TBCV3-B-B06-102,Room B06-102
TB3-B-B06-102-2,TBCV3-B-B06-102,Room B06-102
TB3-B-B06-102-3,TBCV3-B-B06-102,Room B06-102
TB3-B-B06-102-4,TBCV3-B-B06-102,Room B06-102
TB3-B-B06-103-1,TBCV3-B-B06-103,Room B06-103
TB3-B-B06-103-2,TBCV3-B-B06-103,Room B06-103
TB3-B-B06-103-3,TBCV3-B-B06-103,Room B06-103
TB3-B-B06-103-4,TBCV3-B-B06-103,Room B06-103
TB3-B-B06-104-1,TBCV3-B-B06-104,Room B06-104
TB3-B-B06-104-2,TBCV3-B-B06-104,Room B06-104
TB3-B-B06-104-3,TBCV3-B-B06-104,Room B06-104
TB3-B-B06-104-4,TBCV3-B-B06-104,Room B06-104
TB3-B-B06-105-1,TBCV3-B-B06-105,Room B06-105
TB3-B-B06-105-2,TBCV3-B-B06-105,Room B06-105
TB3-B-B06-105-3,TBCV3-B-B06-105,Room B06-105
TB3-B-B06-105-4,TBCV3-B-B06-105,Room B06-105
TB3-B-B06-106-1,TBCV3-B-B06-106,Room B06-106
TB3-B-B06-106-2,TBCV3-B-B06-106,Room B06-106
TB3-B-B06-106-3,TBCV3-B-B06-106,Room B06-106
TB3-B-B06-106-4,TBCV3-B-B06-106,Room B06-106
TB3-B-B06-107-1,TBCV3-B-B06-107,Room B06-107
TB3-B-B06-107-2,TBCV3-B-B06-107,Room B06-107
TB3-B-B06-107-3,TBCV3-B-B06-107,Room B06-107
TB3-B-B06-107-4,TBCV3-B-B06-107,Room B06-107
TB3-B-B06-108-1,TBCV3-B-B06-108,Room B06-108
TB3-B-B06-108-2,TBCV3-B-B06-108,Room B06-108
TB3-B-B06-108-3,TBCV3-B-B06-108,Room B06-108
TB3-B-B06-108-4,TBCV3-B-B06-108,Room B06-108
TB3-B-B06-109-1,TBCV3-B-B06-109,Room B06-109
TB3-B-B06-109-2,TBCV3-B-B06-109,Room B06-109
TB3-B-B06-109-3,TBCV3-B-B06-109,Room B06-109
TB3-B-B06-109-4,TBCV3-B-B06-109,Room B06-109
TB3-B-B06-110-1,TBCV3-B-B06-110,Room B06-110
TB3-B-B06-110-2,TBCV3-B-B06-110,Room B06-110
TB3-B-B06-110-3,TBCV3-B-B06-110,Room B06-110
TB3-B-B06-110-4,TBCV3-B-B06-110,Room B06-110
TB3-B-B06-111-1,TBCV3-B-B06-111,Room B06-111
TB3-B-B06-111-2,TBCV3-B-B06-111,Room B06-111
TB3-B-B06-111-3,TBCV3-B-B06-111,Room B06-111
TB3-B-B06-111-4,TBCV3-B-B06-111,Room B06-111
TB3-B-B06-112-1,TBCV3-B-B06-112,Room B06-112
TB3-B-B06-112-2,TBCV3-B-B06-112,Room B06-112
TB3-B-B06-112-3,TBCV3-B-B06-112,Room B06-112
TB3-B-B06-112-4,TBCV3-B-B06-112,Room B06-112
TB3-B-B07-001-1,TBCV3-B-B07-001,Room B07-001
TB3-B-B07-001-2,TBCV3-B-B07-001,Room B07-001
TB3-B-B07-001-3,TBCV3-B-B07-001,Room B07-001
TB3-B-B07-001-4,TBCV3-B-B07-001,Room B07-001
TB3-B-B07-001-5,TBCV3-B-B07-001,Room B07-001
TB3-B-B07-002-1,TBCV3-B-B07-002,Room B07-002
TB3-B-B07-002-2,TBCV3-B-B07-002,Room B07-002
TB3-B-B07-002-3,TBCV3-B-B07-002,Room B07-002
TB3-B-B07-002-4,TBCV3-B-B07-002,Room B07-002
TB3-B-B07-002-5,TBCV3-B-B07-002,Room B07-002
TB3-B-B07-003-1,TBCV3-B-B07-003,Room B07-003
TB3-B-B07-003-2,TBCV3-B-B07-003,Room B07-003
TB3-B-B07-003-3,TBCV3-B-B07-003,Room B07-003
TB3-B-B07-003-4,TBCV3-B-B07-003,Room B07-003
TB3-B-B07-003-5,TBCV3-B-B07-003,Room B07-003
TB3-B-B07-004-1,TBCV3-B-B07-004,Room B07-004
TB3-B-B07-004-2,TBCV3-B-B07-004,Room B07-004
TB3-B-B07-004-3,TBCV3-B-B07-004,Room B07-004
TB3-B-B07-004-4,TBCV3-B-B07-004,Room B07-004
TB3-B-B07-004-5,TBCV3-B-B07-004,Room B07-004
TB3-B-B07-005-1,TBCV3-B-B07-005,Room B07-005
TB3-B-B07-005-2,TBCV3-B-B07-005,Room B07-005
TB3-B-B07-005-3,TBCV3-B-B07-005,Room B07-005
TB3-B-B07-005-4,TBCV3-B-B07-005,Room B07-005
TB3-B-B07-005-5,TBCV3-B-B07-005,Room B07-005
TB3-B-B07-006-1,TBCV3-B-B07-006,Room B07-006
TB3-B-B07-006-2,TBCV3-B-B07-006,Room B07-006
TB3-B-B07-006-3,TBCV3-B-B07-006,Room B07-006
TB3-B-B07-006-4,TBCV3-B-B07-006,Room B07-006
TB3-B-B07-006-5,TBCV3-B-B07-006,Room B07-006
TB3-B-B07-007-1,TBCV3-B-B07-007,Room B07-007
TB3-B-B07-007-2,TBCV3-B-B07-007,Room B07-007
TB3-B-B07-007-3,TBCV3-B-B07-007,Room B07-007
TB3-B-B07-007-4,TBCV3-B-B07-007,Room B07-007
TB3-B-B07-007-5,TBCV3-B-B07-007,Room B07-007
TB3-B-B07-008-1,TBCV3-B-B07-008,Room B07-008
TB3-B-B07-008-2,TBCV3-B-B07-008,Room B07-008
TB3-B-B07-008-3,TBCV3-B-B07-008,Room B07-008
TB3-B-B07-008-4,TBCV3-B-B07-008,Room B07-008
TB3-B-B07-008-5,TBCV3-B-B07-008,Room B07-008
TB3-B-B07-009-1,TBCV3-B-B07-009,Room B07-009
TB3-B-B07-009-2,TBCV3-B-B07-009,Room B07-009
TB3-B-B07-009-3,TBCV3-B-B07-009,Room B07-009
TB3-B-B07-009-4,TBCV3-B-B07-009,Room B07-009
TB3-B-B07-009-5,TBCV3-B-B07-009,Room B07-009
TB3-B-B07-010-1,TBCV3-B-B07-010,Room B07-010
TB3-B-B07-010-2,TBCV3-B-B07-010,Room B07-010
TB3-B-B07-010-3,TBCV3-B-B07-010,Room B07-010
TB3-B-B07-010-4,TBCV3-B-B07-010,Room B07-010
TB3-B-B07-010-5,TBCV3-B-B07-010,Room B07-010
TB3-B-B07-011-1,TBCV3-B-B07-011,Room B07-011
TB3-B-B07-011-2,TBCV3-B-B07-011,Room B07-011
TB3-B-B07-011-3,TBCV3-B-B07-011,Room B07-011
TB3-B-B07-011-4,TBCV3-B-B07-011,Room B07-011
TB3-B-B07-011-5,TBCV3-B-B07-011,Room B07-011
TB3-B-B07-012-1,TBCV3-B-B07-012,Room B07-012
TB3-B-B07-012-2,TBCV3-B-B07-012,Room B07-012
TB3-B-B07-012-3,TBCV3-B-B07-012,Room B07-012
TB3-B-B07-012-4,TBCV3-B-B07-012,Room B07-012
TB3-B-B07-012-5,TBCV3-B-B07-012,Room B07-012
TB3-B-B07-101-1,TBCV3-B-B07-101,Room B07-101
TB3-B-B07-101-2,TBCV3-B-B07-101,Room B07-101
TB3-B-B07-101-3,TBCV3-B-B07-101,Room B07-101
TB3-B-B07-101-4,TBCV3-B-B07-101,Room B07-101
TB3-B-B07-102-1,TBCV3-B-B07-102,Room B07-102
TB3-B-B07-102-2,TBCV3-B-B07-102,Room B07-102
TB3-B-B07-102-3,TBCV3-B-B07-102,Room B07-102
TB3-B-B07-102-4,TBCV3-B-B07-102,Room B07-102
TB3-B-B07-103-1,TBCV3-B-B07-103,Room B07-103
TB3-B-B07-103-2,TBCV3-B-B07-103,Room B07-103
TB3-B-B07-103-3,TBCV3-B-B07-103,Room B07-103
TB3-B-B07-103-4,TBCV3-B-B07-103,Room B07-103
TB3-B-B07-104-1,TBCV3-B-B07-104,Room B07-104
TB3-B-B07-104-2,TBCV3-B-B07-104,Room B07-104
TB3-B-B07-104-3,TBCV3-B-B07-104,Room B07-104
TB3-B-B07-104-4,TBCV3-B-B07-104,Room B07-104
TB3-B-B07-105-1,TBCV3-B-B07-105,Room B07-105
TB3-B-B07-105-2,TBCV3-B-B07-105,Room B07-105
TB3-B-B07-105-3,TBCV3-B-B07-105,Room B07-105
TB3-B-B07-105-4,TBCV3-B-B07-105,Room B07-105
TB3-B-B07-106-1,TBCV3-B-B07-106,Room B07-106
TB3-B-B07-106-2,TBCV3-B-B07-106,Room B07-106
TB3-B-B07-106-3,TBCV3-B-B07-106,Room B07-106
TB3-B-B07-106-4,TBCV3-B-B07-106,Room B07-106
TB3-B-B07-107-1,TBCV3-B-B07-107,Room B07-107
TB3-B-B07-107-2,TBCV3-B-B07-107,Room B07-107
TB3-B-B07-107-3,TBCV3-B-B07-107,Room B07-107
TB3-B-B07-107-4,TBCV3-B-B07-107,Room B07-107
TB3-B-B07-108-1,TBCV3-B-B07-108,Room B07-108
TB3-B-B07-108-2,TBCV3-B-B07-108,Room B07-108
TB3-B-B07-108-3,TBCV3-B-B07-108,Room B07-108
TB3-B-B07-108-4,TBCV3-B-B07-108,Room B07-108
TB3-B-B07-109-1,TBCV3-B-B07-109,Room B07-109
TB3-B-B07-109-2,TBCV3-B-B07-109,Room B07-109
TB3-B-B07-109-3,TBCV3-B-B07-109,Room B07-109
TB3-B-B07-109-4,TBCV3-B-B07-109,Room B07-109
TB3-B-B07-110-1,TBCV3-B-B07-110,Room B07-110
TB3-B-B07-110-2,TBCV3-B-B07-110,Room B07-110
TB3-B-B07-110-3,TBCV3-B-B07-110,Room B07-110
TB3-B-B07-110-4,TBCV3-B-B07-110,Room B07-110
TB3-B-B07-111-1,TBCV3-B-B07-111,Room B07-111
TB3-B-B07-111-2,TBCV3-B-B07-111,Room B07-111
TB3-B-B07-111-3,TBCV3-B-B07-111,Room B07-111
TB3-B-B07-111-4,TBCV3-B-B07-111,Room B07-111
TB3-B-B07-112-1,TBCV3-B-B07-112,Room B07-112
TB3-B-B07-112-2,TBCV3-B-B07-112,Room B07-112
TB3-B-B07-112-3,TBCV3-B-B07-112,Room B07-112
TB3-B-B07-112-4,TBCV3-B-B07-112,Room B07-112
TB3-B-B08-001-1,TBCV3-B-B08-001,Room B08-001
TB3-B-B08-001-2,TBCV3-B-B08-001,Room B08-001
TB3-B-B08-001-3,TBCV3-B-B08-001,Room B08-001
TB3-B-B08-001-4,TBCV3-B-B08-001,Room B08-001
TB3-B-B08-001-5,TBCV3-B-B08-001,Room B08-001
TB3-B-B08-002-1,TBCV3-B-B08-002,Room B08-002
TB3-B-B08-002-2,TBCV3-B-B08-002,Room B08-002
TB3-B-B08-002-3,TBCV3-B-B08-002,Room B08-002
TB3-B-B08-002-4,TBCV3-B-B08-002,Room B08-002
TB3-B-B08-002-5,TBCV3-B-B08-002,Room B08-002
TB3-B-B08-003-1,TBCV3-B-B08-003,Room B08-003
TB3-B-B08-003-2,TBCV3-B-B08-003,Room B08-003
TB3-B-B08-003-3,TBCV3-B-B08-003,Room B08-003
TB3-B-B08-003-4,TBCV3-B-B08-003,Room B08-003
TB3-B-B08-003-5,TBCV3-B-B08-003,Room B08-003
TB3-B-B08-004-1,TBCV3-B-B08-004,Room B08-004
TB3-B-B08-004-2,TBCV3-B-B08-004,Room B08-004
TB3-B-B08-004-3,TBCV3-B-B08-004,Room B08-004
TB3-B-B08-004-4,TBCV3-B-B08-004,Room B08-004
TB3-B-B08-004-5,TBCV3-B-B08-004,Room B08-004
TB3-B-B08-005-1,TBCV3-B-B08-005,Room B08-005
TB3-B-B08-005-2,TBCV3-B-B08-005,Room B08-005
TB3-B-B08-005-3,TBCV3-B-B08-005,Room B08-005
TB3-B-B08-005-4,TBCV3-B-B08-005,Room B08-005
TB3-B-B08-005-5,TBCV3-B-B08-005,Room B08-005
TB3-B-B08-006-1,TBCV3-B-B08-006,Room B08-006
TB3-B-B08-006-2,TBCV3-B-B08-006,Room B08-006
TB3-B-B08-006-3,TBCV3-B-B08-006,Room B08-006
TB3-B-B08-006-4,TBCV3-B-B08-006,Room B08-006
TB3-B-B08-006-5,TBCV3-B-B08-006,Room B08-006
TB3-B-B08-007-1,TBCV3-B-B08-007,Room B08-007
TB3-B-B08-007-2,TBCV3-B-B08-007,Room B08-007
TB3-B-B08-007-3,TBCV3-B-B08-007,Room B08-007
TB3-B-B08-007-4,TBCV3-B-B08-007,Room B08-007
TB3-B-B08-007-5,TBCV3-B-B08-007,Room B08-007
TB3-B-B08-008-1,TBCV3-B-B08-008,Room B08-008
TB3-B-B08-008-2,TBCV3-B-B08-008,Room B08-008
TB3-B-B08-008-3,TBCV3-B-B08-008,Room B08-008
TB3-B-B08-008-4,TBCV3-B-B08-008,Room B08-008
TB3-B-B08-008-5,TBCV3-B-B08-008,Room B08-008
TB3-B-B08-009-1,TBCV3-B-B08-009,Room B08-009
TB3-B-B08-009-2,TBCV3-B-B08-009,Room B08-009
TB3-B-B08-009-3,TBCV3-B-B08-009,Room B08-009
TB3-B-B08-009-4,TBCV3-B-B08-009,Room B08-009
TB3-B-B08-009-5,TBCV3-B-B08-009,Room B08-009
TB3-B-B08-010-1,TBCV3-B-B08-010,Room B08-010
TB3-B-B08-010-2,TBCV3-B-B08-010,Room B08-010
TB3-B-B08-010-3,TBCV3-B-B08-010,Room B08-010
TB3-B-B08-010-4,TBCV3-B-B08-010,Room B08-010
TB3-B-B08-010-5,TBCV3-B-B08-010,Room B08-010
TB3-B-B08-011-1,TBCV3-B-B08-011,Room B08-011
TB3-B-B08-011-2,TBCV3-B-B08-011,Room B08-011
TB3-B-B08-011-3,TBCV3-B-B08-011,Room B08-011
TB3-B-B08-011-4,TBCV3-B-B08-011,Room B08-011
TB3-B-B08-011-5,TBCV3-B-B08-011,Room B08-011
TB3-B-B08-012-1,TBCV3-B-B08-012,Room B08-012
TB3-B-B08-012-2,TBCV3-B-B08-012,Room B08-012
TB3-B-B08-012-3,TBCV3-B-B08-012,Room B08-012
TB3-B-B08-012-4,TBCV3-B-B08-012,Room B08-012
TB3-B-B08-012-5,TBCV3-B-B08-012,Room B08-012
TB3-B-B08-101-1,TBCV3-B-B08-101,Room B08-101
TB3-B-B08-101-2,TBCV3-B-B08-101,Room B08-101
TB3-B-B08-101-3,TBCV3-B-B08-101,Room B08-101
TB3-B-B08-101-4,TBCV3-B-B08-101,Room B08-101
TB3-B-B08-102-1,TBCV3-B-B08-102,Room B08-102
TB3-B-B08-102-2,TBCV3-B-B08-102,Room B08-102
TB3-B-B08-102-3,TBCV3-B-B08-102,Room B08-102
TB3-B-B08-102-4,TBCV3-B-B08-102,Room B08-102
TB3-B-B08-103-1,TBCV3-B-B08-103,Room B08-103
TB3-B-B08-103-2,TBCV3-B-B08-103,Room B08-103
TB3-B-B08-103-3,TBCV3-B-B08-103,Room B08-103
TB3-B-B08-103-4,TBCV3-B-B08-103,Room B08-103
TB3-B-B08-104-1,TBCV3-B-B08-104,Room B08-104
TB3-B-B08-104-2,TBCV3-B-B08-104,Room B08-104
TB3-B-B08-104-3,TBCV3-B-B08-104,Room B08-104
TB3-B-B08-104-4,TBCV3-B-B08-104,Room B08-104
TB3-B-B08-105-1,TBCV3-B-B08-105,Room B08-105
TB3-B-B08-105-2,TBCV3-B-B08-105,Room B08-105
TB3-B-B08-105-3,TBCV3-B-B08-105,Room B08-105
TB3-B-B08-105-4,TBCV3-B-B08-105,Room B08-105
TB3-B-B08-106-1,TBCV3-B-B08-106,Room B08-106
TB3-B-B08-106-2,TBCV3-B-B08-106,Room B08-106
TB3-B-B08-106-3,TBCV3-B-B08-106,Room B08-106
TB3-B-B08-106-4,TBCV3-B-B08-106,Room B08-106
TB3-B-B08-107-1,TBCV3-B-B08-107,Room B08-107
TB3-B-B08-107-2,TBCV3-B-B08-107,Room B08-107
TB3-B-B08-107-3,TBCV3-B-B08-107,Room B08-107
TB3-B-B08-107-4,TBCV3-B-B08-107,Room B08-107
TB3-B-B08-108-1,TBCV3-B-B08-108,Room B08-108
TB3-B-B08-108-2,TBCV3-B-B08-108,Room B08-108
TB3-B-B08-108-3,TBCV3-B-B08-108,Room B08-108
TB3-B-B08-108-4,TBCV3-B-B08-108,Room B08-108
TB3-B-B08-109-1,TBCV3-B-B08-109,Room B08-109
TB3-B-B08-109-2,TBCV3-B-B08-109,Room B08-109
TB3-B-B08-109-3,TBCV3-B-B08-109,Room B08-109
TB3-B-B08-109-4,TBCV3-B-B08-109,Room B08-109
TB3-B-B08-110-1,TBCV3-B-B08-110,Room B08-110
TB3-B-B08-110-2,TBCV3-B-B08-110,Room B08-110
TB3-B-B08-110-3,TBCV3-B-B08-110,Room B08-110
TB3-B-B08-110-4,TBCV3-B-B08-110,Room B08-110
TB3-B-B08-111-1,TBCV3-B-B08-111,Room B08-111
TB3-B-B08-111-2,TBCV3-B-B08-111,Room B08-111
TB3-B-B08-111-3,TBCV3-B-B08-111,Room B08-111
TB3-B-B08-111-4,TBCV3-B-B08-111,Room B08-111
TB3-B-B08-112-1,TBCV3-B-B08-112,Room B08-112
TB3-B-B08-112-2,TBCV3-B-B08-112,Room B08-112
TB3-B-B08-112-3,TBCV3-B-B08-112,Room B08-112
TB3-B-B08-112-4,TBCV3-B-B08-112,Room B08-112
TB3-B-B09-001-1,TBCV3-B-B09-001,Room B09-001
TB3-B-B09-001-2,TBCV3-B-B09-001,Room B09-001
TB3-B-B09-001-3,TBCV3-B-B09-001,Room B09-001
TB3-B-B09-001-4,TBCV3-B-B09-001,Room B09-001
TB3-B-B09-001-5,TBCV3-B-B09-001,Room B09-001
TB3-B-B09-002-1,TBCV3-B-B09-002,Room B09-002
TB3-B-B09-002-2,TBCV3-B-B09-002,Room B09-002
TB3-B-B09-002-3,TBCV3-B-B09-002,Room B09-002
TB3-B-B09-002-4,TBCV3-B-B09-002,Room B09-002
TB3-B-B09-002-5,TBCV3-B-B09-002,Room B09-002
TB3-B-B09-003-1,TBCV3-B-B09-003,Room B09-003
TB3-B-B09-003-2,TBCV3-B-B09-003,Room B09-003
TB3-B-B09-003-3,TBCV3-B-B09-003,Room B09-003
TB3-B-B09-003-4,TBCV3-B-B09-003,Room B09-003
TB3-B-B09-003-5,TBCV3-B-B09-003,Room B09-003
TB3-B-B09-004-1,TBCV3-B-B09-004,Room B09-004
TB3-B-B09-004-2,TBCV3-B-B09-004,Room B09-004
TB3-B-B09-004-3,TBCV3-B-B09-004,Room B09-004
TB3-B-B09-004-4,TBCV3-B-B09-004,Room B09-004
TB3-B-B09-004-5,TBCV3-B-B09-004,Room B09-004
TB3-B-B09-005-1,TBCV3-B-B09-005,Room B09-005
TB3-B-B09-005-2,TBCV3-B-B09-005,Room B09-005
TB3-B-B09-005-3,TBCV3-B-B09-005,Room B09-005
TB3-B-B09-005-4,TBCV3-B-B09-005,Room B09-005
TB3-B-B09-005-5,TBCV3-B-B09-005,Room B09-005
TB3-B-B09-006-1,TBCV3-B-B09-006,Room B09-006
TB3-B-B09-006-2,TBCV3-B-B09-006,Room B09-006
TB3-B-B09-006-3,TBCV3-B-B09-006,Room B09-006
TB3-B-B09-006-4,TBCV3-B-B09-006,Room B09-006
TB3-B-B09-006-5,TBCV3-B-B09-006,Room B09-006
TB3-B-B09-007-1,TBCV3-B-B09-007,Room B09-007
TB3-B-B09-007-2,TBCV3-B-B09-007,Room B09-007
TB3-B-B09-007-3,TBCV3-B-B09-007,Room B09-007
TB3-B-B09-007-4,TBCV3-B-B09-007,Room B09-007
TB3-B-B09-007-5,TBCV3-B-B09-007,Room B09-007
TB3-B-B09-008-1,TBCV3-B-B09-008,Room B09-008
TB3-B-B09-008-2,TBCV3-B-B09-008,Room B09-008
TB3-B-B09-008-3,TBCV3-B-B09-008,Room B09-008
TB3-B-B09-008-4,TBCV3-B-B09-008,Room B09-008
TB3-B-B09-008-5,TBCV3-B-B09-008,Room B09-008
TB3-B-B09-009-1,TBCV3-B-B09-009,Room B09-009
TB3-B-B09-009-2,TBCV3-B-B09-009,Room B09-009
TB3-B-B09-009-3,TBCV3-B-B09-009,Room B09-009
TB3-B-B09-009-4,TBCV3-B-B09-009,Room B09-009
TB3-B-B09-009-5,TBCV3-B-B09-009,Room B09-009
TB3-B-B09-010-1,TBCV3-B-B09-010,Room B09-010
TB3-B-B09-010-2,TBCV3-B-B09-010,Room B09-010
TB3-B-B09-010-3,TBCV3-B-B09-010,Room B09-010
TB3-B-B09-010-4,TBCV3-B-B09-010,Room B09-010
TB3-B-B09-010-5,TBCV3-B-B09-010,Room B09-010
TB3-B-B09-011-1,TBCV3-B-B09-011,Room B09-011
TB3-B-B09-011-2,TBCV3-B-B09-011,Room B09-011
TB3-B-B09-011-3,TBCV3-B-B09-011,Room B09-011
TB3-B-B09-011-4,TBCV3-B-B09-011,Room B09-011
TB3-B-B09-011-5,TBCV3-B-B09-011,Room B09-011
TB3-B-B09-012-1,TBCV3-B-B09-012,Room B09-012
TB3-B-B09-012-2,TBCV3-B-B09-012,Room B09-012
TB3-B-B09-012-3,TBCV3-B-B09-012,Room B09-012
TB3-B-B09-012-4,TBCV3-B-B09-012,Room B09-012
TB3-B-B09-012-5,TBCV3-B-B09-012,Room B09-012
TB3-B-B09-101-1,TBCV3-B-B09-101,Room B09-101
TB3-B-B09-101-2,TBCV3-B-B09-101,Room B09-101
TB3-B-B09-101-3,TBCV3-B-B09-101,Room B09-101
TB3-B-B09-101-4,TBCV3-B-B09-101,Room B09-101
TB3-B-B09-102-1,TBCV3-B-B09-102,Room B09-102
TB3-B-B09-102-2,TBCV3-B-B09-102,Room B09-102
TB3-B-B09-102-3,TBCV3-B-B09-102,Room B09-102
TB3-B-B09-102-4,TBCV3-B-B09-102,Room B09-102
TB3-B-B09-103-1,TBCV3-B-B09-103,Room B09-103
TB3-B-B09-103-2,TBCV3-B-B09-103,Room B09-103
TB3-B-B09-103-3,TBCV3-B-B09-103,Room B09-103
TB3-B-B09-103-4,TBCV3-B-B09-103,Room B09-103
TB3-B-B09-104-1,TBCV3-B-B09-104,Room B09-104
TB3-B-B09-104-2,TBCV3-B-B09-104,Room B09-104
TB3-B-B09-104-3,TBCV3-B-B09-104,Room B09-104
TB3-B-B09-104-4,TBCV3-B-B09-104,Room B09-104
TB3-B-B09-105-1,TBCV3-B-B09-105,Room B09-105
TB3-B-B09-105-2,TBCV3-B-B09-105,Room B09-105
TB3-B-B09-105-3,TBCV3-B-B09-105,Room B09-105
TB3-B-B09-105-4,TBCV3-B-B09-105,Room B09-105
TB3-B-B09-106-1,TBCV3-B-B09-106,Room B09-106
TB3-B-B09-106-2,TBCV3-B-B09-106,Room B09-106
TB3-B-B09-106-3,TBCV3-B-B09-106,Room B09-106
TB3-B-B09-106-4,TBCV3-B-B09-106,Room B09-106
TB3-B-B09-107-1,TBCV3-B-B09-107,Room B09-107
TB3-B-B09-107-2,TBCV3-B-B09-107,Room B09-107
TB3-B-B09-107-3,TBCV3-B-B09-107,Room B09-107
TB3-B-B09-107-4,TBCV3-B-B09-107,Room B09-107
TB3-B-B09-108-1,TBCV3-B-B09-108,Room B09-108
TB3-B-B09-108-2,TBCV3-B-B09-108,Room B09-108
TB3-B-B09-108-3,TBCV3-B-B09-108,Room B09-108
TB3-B-B09-108-4,TBCV3-B-B09-108,Room B09-108
TB3-B-B09-109-1,TBCV3-B-B09-109,Room B09-109
TB3-B-B09-109-2,TBCV3-B-B09-109,Room B09-109
TB3-B-B09-109-3,TBCV3-B-B09-109,Room B09-109
TB3-B-B09-109-4,TBCV3-B-B09-109,Room B09-109
TB3-B-B09-110-1,TBCV3-B-B09-110,Room B09-110
TB3-B-B09-110-2,TBCV3-B-B09-110,Room B09-110
TB3-B-B09-110-3,TBCV3-B-B09-110,Room B09-110
TB3-B-B09-110-4,TBCV3-B-B09-110,Room B09-110
TB3-B-B09-111-1,TBCV3-B-B09-111,Room B09-111
TB3-B-B09-111-2,TBCV3-B-B09-111,Room B09-111
TB3-B-B09-111-3,TBCV3-B-B09-111,Room B09-111
TB3-B-B09-111-4,TBCV3-B-B09-111,Room B09-111
TB3-B-B09-112-1,TBCV3-B-B09-112,Room B09-112
TB3-B-B09-112-2,TBCV3-B-B09-112,Room B09-112
TB3-B-B09-112-3,TBCV3-B-B09-112,Room B09-112
TB3-B-B09-112-4,TBCV3-B-B09-112,Room B09-112
TB3-B-B10-001-1,TBCV3-B-B10-001,Room B10-001
TB3-B-B10-001-2,TBCV3-B-B10-001,Room B10-001
TB3-B-B10-001-3,TBCV3-B-B10-001,Room B10-001
TB3-B-B10-001-4,TBCV3-B-B10-001,Room B10-001
TB3-B-B10-001-5,TBCV3-B-B10-001,Room B10-001
TB3-B-B10-002-1,TBCV3-B-B10-002,Room B10-002
TB3-B-B10-002-2,TBCV3-B-B10-002,Room B10-002
TB3-B-B10-002-3,TBCV3-B-B10-002,Room B10-002
TB3-B-B10-002-4,TBCV3-B-B10-002,Room B10-002
TB3-B-B10-002-5,TBCV3-B-B10-002,Room B10-002
TB3-B-B10-003-1,TBCV3-B-B10-003,Room B10-003
TB3-B-B10-003-2,TBCV3-B-B10-003,Room B10-003
TB3-B-B10-003-3,TBCV3-B-B10-003,Room B10-003
TB3-B-B10-003-4,TBCV3-B-B10-003,Room B10-003
TB3-B-B10-003-5,TBCV3-B-B10-003,Room B10-003
TB3-B-B10-004-1,TBCV3-B-B10-004,Room B10-004
TB3-B-B10-004-2,TBCV3-B-B10-004,Room B10-004
TB3-B-B10-004-3,TBCV3-B-B10-004,Room B10-004
TB3-B-B10-004-4,TBCV3-B-B10-004,Room B10-004
TB3-B-B10-004-5,TBCV3-B-B10-004,Room B10-004
TB3-B-B10-005-1,TBCV3-B-B10-005,Room B10-005
TB3-B-B10-005-2,TBCV3-B-B10-005,Room B10-005
TB3-B-B10-005-3,TBCV3-B-B10-005,Room B10-005
TB3-B-B10-005-4,TBCV3-B-B10-005,Room B10-005
TB3-B-B10-005-5,TBCV3-B-B10-005,Room B10-005
TB3-B-B10-006-1,TBCV3-B-B10-006,Room B10-006
TB3-B-B10-006-2,TBCV3-B-B10-006,Room B10-006
TB3-B-B10-006-3,TBCV3-B-B10-006,Room B10-006
TB3-B-B10-006-4,TBCV3-B-B10-006,Room B10-006
TB3-B-B10-006-5,TBCV3-B-B10-006,Room B10-006
TB3-B-B10-007-1,TBCV3-B-B10-007,Room B10-007
TB3-B-B10-007-2,TBCV3-B-B10-007,Room B10-007
TB3-B-B10-007-3,TBCV3-B-B10-007,Room B10-007
TB3-B-B10-007-4,TBCV3-B-B10-007,Room B10-007
TB3-B-B10-007-5,TBCV3-B-B10-007,Room B10-007
TB3-B-B10-008-1,TBCV3-B-B10-008,Room B10-008
TB3-B-B10-008-2,TBCV3-B-B10-008,Room B10-008
TB3-B-B10-008-3,TBCV3-B-B10-008,Room B10-008
TB3-B-B10-008-4,TBCV3-B-B10-008,Room B10-008
TB3-B-B10-008-5,TBCV3-B-B10-008,Room B10-008
TB3-B-B10-009-1,TBCV3-B-B10-009,Room B10-009
TB3-B-B10-009-2,TBCV3-B-B10-009,Room B10-009
TB3-B-B10-009-3,TBCV3-B-B10-009,Room B10-009
TB3-B-B10-009-4,TBCV3-B-B10-009,Room B10-009
TB3-B-B10-009-5,TBCV3-B-B10-009,Room B10-009
TB3-B-B10-010-1,TBCV3-B-B10-010,Room B10-010
TB3-B-B10-010-2,TBCV3-B-B10-010,Room B10-010
TB3-B-B10-010-3,TBCV3-B-B10-010,Room B10-010
TB3-B-B10-010-4,TBCV3-B-B10-010,Room B10-010
TB3-B-B10-010-5,TBCV3-B-B10-010,Room B10-010
TB3-B-B10-011-1,TBCV3-B-B10-011,Room B10-011
TB3-B-B10-011-2,TBCV3-B-B10-011,Room B10-011
TB3-B-B10-011-3,TBCV3-B-B10-011,Room B10-011
TB3-B-B10-011-4,TBCV3-B-B10-011,Room B10-011
TB3-B-B10-011-5,TBCV3-B-B10-011,Room B10-011
TB3-B-B10-012-1,TBCV3-B-B10-012,Room B10-012
TB3-B-B10-012-2,TBCV3-B-B10-012,Room B10-012
TB3-B-B10-012-3,TBCV3-B-B10-012,Room B10-012
TB3-B-B10-012-4,TBCV3-B-B10-012,Room B10-012
TB3-B-B10-012-5,TBCV3-B-B10-012,Room B10-012
TB3-B-B10-101-1,TBCV3-B-B10-101,Room B10-101
TB3-B-B10-101-2,TBCV3-B-B10-101,Room B10-101
TB3-B-B10-101-3,TBCV3-B-B10-101,Room B10-101
TB3-B-B10-101-4,TBCV3-B-B10-101,Room B10-101
TB3-B-B10-102-1,TBCV3-B-B10-102,Room B10-102
TB3-B-B10-102-2,TBCV3-B-B10-102,Room B10-102
TB3-B-B10-102-3,TBCV3-B-B10-102,Room B10-102
TB3-B-B10-102-4,TBCV3-B-B10-102,Room B10-102
TB3-B-B10-103-1,TBCV3-B-B10-103,Room B10-103
TB3-B-B10-103-2,TBCV3-B-B10-103,Room B10-103
TB3-B-B10-103-3,TBCV3-B-B10-103,Room B10-103
TB3-B-B10-103-4,TBCV3-B-B10-103,Room B10-103
TB3-B-B10-104-1,TBCV3-B-B10-104,Room B10-104
TB3-B-B10-104-2,TBCV3-B-B10-104,Room B10-104
TB3-B-B10-104-3,TBCV3-B-B10-104,Room B10-104
TB3-B-B10-104-4,TBCV3-B-B10-104,Room B10-104
TB3-B-B10-105-1,TBCV3-B-B10-105,Room B10-105
TB3-B-B10-105-2,TBCV3-B-B10-105,Room B10-105
TB3-B-B10-105-3,TBCV3-B-B10-105,Room B10-105
TB3-B-B10-105-4,TBCV3-B-B10-105,Room B10-105
TB3-B-B10-106-1,TBCV3-B-B10-106,Room B10-106
TB3-B-B10-106-2,TBCV3-B-B10-106,Room B10-106
TB3-B-B10-106-3,TBCV3-B-B10-106,Room B10-106
TB3-B-B10-106-4,TBCV3-B-B10-106,Room B10-106
TB3-B-B10-107-1,TBCV3-B-B10-107,Room B10-107
TB3-B-B10-107-2,TBCV3-B-B10-107,Room B10-107
TB3-B-B10-107-3,TBCV3-B-B10-107,Room B10-107
TB3-B-B10-107-4,TBCV3-B-B10-107,Room B10-107
TB3-B-B10-108-1,TBCV3-B-B10-108,Room B10-108
TB3-B-B10-108-2,TBCV3-B-B10-108,Room B10-108
TB3-B-B10-108-3,TBCV3-B-B10-108,Room B10-108
TB3-B-B10-108-4,TBCV3-B-B10-108,Room B10-108
TB3-B-B10-109-1,TBCV3-B-B10-109,Room B10-109
TB3-B-B10-109-2,TBCV3-B-B10-109,Room B10-109
TB3-B-B10-109-3,TBCV3-B-B10-109,Room B10-109
TB3-B-B10-109-4,TBCV3-B-B10-109,Room B10-109
TB3-B-B10-110-1,TBCV3-B-B10-110,Room B10-110
TB3-B-B10-110-2,TBCV3-B-B10-110,Room B10-110
TB3-B-B10-110-3,TBCV3-B-B10-110,Room B10-110
TB3-B-B10-110-4,TBCV3-B-B10-110,Room B10-110
TB3-B-B10-111-1,TBCV3-B-B10-111,Room B10-111
TB3-B-B10-111-2,TBCV3-B-B10-111,Room B10-111
TB3-B-B10-111-3,TBCV3-B-B10-111,Room B10-111
TB3-B-B10-111-4,TBCV3-B-B10-111,Room B10-111
TB3-B-B10-112-1,TBCV3-B-B10-112,Room B10-112
TB3-B-B10-112-2,TBCV3-B-B10-112,Room B10-112
TB3-B-B10-112-3,TBCV3-B-B10-112,Room B10-112
TB3-B-B10-112-4,TBCV3-B-B10-112,Room B10-112
TB3-B-B11-001-1,TBCV3-B-B11-001,Room B11-001
TB3-B-B11-001-2,TBCV3-B-B11-001,Room B11-001
TB3-B-B11-001-3,TBCV3-B-B11-001,Room B11-001
TB3-B-B11-001-4,TBCV3-B-B11-001,Room B11-001
TB3-B-B11-001-5,TBCV3-B-B11-001,Room B11-001
TB3-B-B11-002-1,TBCV3-B-B11-002,Room B11-002
TB3-B-B11-002-2,TBCV3-B-B11-002,Room B11-002
TB3-B-B11-002-3,TBCV3-B-B11-002,Room B11-002
TB3-B-B11-002-4,TBCV3-B-B11-002,Room B11-002
TB3-B-B11-002-5,TBCV3-B-B11-002,Room B11-002
TB3-B-B11-003-1,TBCV3-B-B11-003,Room B11-003
TB3-B-B11-003-2,TBCV3-B-B11-003,Room B11-003
TB3-B-B11-003-3,TBCV3-B-B11-003,Room B11-003
TB3-B-B11-003-4,TBCV3-B-B11-003,Room B11-003
TB3-B-B11-003-5,TBCV3-B-B11-003,Room B11-003
TB3-B-B11-004-1,TBCV3-B-B11-004,Room B11-004
TB3-B-B11-004-2,TBCV3-B-B11-004,Room B11-004
TB3-B-B11-004-3,TBCV3-B-B11-004,Room B11-004
TB3-B-B11-004-4,TBCV3-B-B11-004,Room B11-004
TB3-B-B11-004-5,TBCV3-B-B11-004,Room B11-004
TB3-B-B11-005-1,TBCV3-B-B11-005,Room B11-005
TB3-B-B11-005-2,TBCV3-B-B11-005,Room B11-005
TB3-B-B11-005-3,TBCV3-B-B11-005,Room B11-005
TB3-B-B11-005-4,TBCV3-B-B11-005,Room B11-005
TB3-B-B11-005-5,TBCV3-B-B11-005,Room B11-005
TB3-B-B11-006-1,TBCV3-B-B11-006,Room B11-006
TB3-B-B11-006-2,TBCV3-B-B11-006,Room B11-006
TB3-B-B11-006-3,TBCV3-B-B11-006,Room B11-006
TB3-B-B11-006-4,TBCV3-B-B11-006,Room B11-006
TB3-B-B11-006-5,TBCV3-B-B11-006,Room B11-006
TB3-B-B11-007-1,TBCV3-B-B11-007,Room B11-007
TB3-B-B11-007-2,TBCV3-B-B11-007,Room B11-007
TB3-B-B11-007-3,TBCV3-B-B11-007,Room B11-007
TB3-B-B11-007-4,TBCV3-B-B11-007,Room B11-007
TB3-B-B11-007-5,TBCV3-B-B11-007,Room B11-007
TB3-B-B11-008-1,TBCV3-B-B11-008,Room B11-008
TB3-B-B11-008-2,TBCV3-B-B11-008,Room B11-008
TB3-B-B11-008-3,TBCV3-B-B11-008,Room B11-008
TB3-B-B11-008-4,TBCV3-B-B11-008,Room B11-008
TB3-B-B11-008-5,TBCV3-B-B11-008,Room B11-008
TB3-B-B11-009-1,TBCV3-B-B11-009,Room B11-009
TB3-B-B11-009-2,TBCV3-B-B11-009,Room B11-009
TB3-B-B11-009-3,TBCV3-B-B11-009,Room B11-009
TB3-B-B11-009-4,TBCV3-B-B11-009,Room B11-009
TB3-B-B11-009-5,TBCV3-B-B11-009,Room B11-009
TB3-B-B11-010-1,TBCV3-B-B11-010,Room B11-010
TB3-B-B11-010-2,TBCV3-B-B11-010,Room B11-010
TB3-B-B11-010-3,TBCV3-B-B11-010,Room B11-010
TB3-B-B11-010-4,TBCV3-B-B11-010,Room B11-010
TB3-B-B11-010-5,TBCV3-B-B11-010,Room B11-010
TB3-B-B11-011-1,TBCV3-B-B11-011,Room B11-011
TB3-B-B11-011-2,TBCV3-B-B11-011,Room B11-011
TB3-B-B11-011-3,TBCV3-B-B11-011,Room B11-011
TB3-B-B11-011-4,TBCV3-B-B11-011,Room B11-011
TB3-B-B11-011-5,TBCV3-B-B11-011,Room B11-011
TB3-B-B11-012-1,TBCV3-B-B11-012,Room B11-012
TB3-B-B11-012-2,TBCV3-B-B11-012,Room B11-012
TB3-B-B11-012-3,TBCV3-B-B11-012,Room B11-012
TB3-B-B11-012-4,TBCV3-B-B11-012,Room B11-012
TB3-B-B11-012-5,TBCV3-B-B11-012,Room B11-012
TB3-B-B11-101-1,TBCV3-B-B11-101,Room B11-101
TB3-B-B11-101-2,TBCV3-B-B11-101,Room B11-101
TB3-B-B11-101-3,TBCV3-B-B11-101,Room B11-101
TB3-B-B11-101-4,TBCV3-B-B11-101,Room B11-101
TB3-B-B11-102-1,TBCV3-B-B11-102,Room B11-102
TB3-B-B11-102-2,TBCV3-B-B11-102,Room B11-102
TB3-B-B11-102-3,TBCV3-B-B11-102,Room B11-102
TB3-B-B11-102-4,TBCV3-B-B11-102,Room B11-102
TB3-B-B11-103-1,TBCV3-B-B11-103,Room B11-103
TB3-B-B11-103-2,TBCV3-B-B11-103,Room B11-103
TB3-B-B11-103-3,TBCV3-B-B11-103,Room B11-103
TB3-B-B11-103-4,TBCV3-B-B11-103,Room B11-103
TB3-B-B11-104-1,TBCV3-B-B11-104,Room B11-104
TB3-B-B11-104-2,TBCV3-B-B11-104,Room B11-104
TB3-B-B11-104-3,TBCV3-B-B11-104,Room B11-104
TB3-B-B11-104-4,TBCV3-B-B11-104,Room B11-104
TB3-B-B11-105-1,TBCV3-B-B11-105,Room B11-105
TB3-B-B11-105-2,TBCV3-B-B11-105,Room B11-105
TB3-B-B11-105-3,TBCV3-B-B11-105,Room B11-105
TB3-B-B11-105-4,TBCV3-B-B11-105,Room B11-105
TB3-B-B11-106-1,TBCV3-B-B11-106,Room B11-106
TB3-B-B11-106-2,TBCV3-B-B11-106,Room B11-106
TB3-B-B11-106-3,TBCV3-B-B11-106,Room B11-106
TB3-B-B11-106-4,TBCV3-B-B11-106,Room B11-106
TB3-B-B11-107-1,TBCV3-B-B11-107,Room B11-107
TB3-B-B11-107-2,TBCV3-B-B11-107,Room B11-107
TB3-B-B11-107-3,TBCV3-B-B11-107,Room B11-107
TB3-B-B11-107-4,TBCV3-B-B11-107,Room B11-107
TB3-B-B11-108-1,TBCV3-B-B11-108,Room B11-108
TB3-B-B11-108-2,TBCV3-B-B11-108,Room B11-108
TB3-B-B11-108-3,TBCV3-B-B11-108,Room B11-108
TB3-B-B11-108-4,TBCV3-B-B11-108,Room B11-108
TB3-B-B11-109-1,TBCV3-B-B11-109,Room B11-109
TB3-B-B11-109-2,TBCV3-B-B11-109,Room B11-109
TB3-B-B11-109-3,TBCV3-B-B11-109,Room B11-109
TB3-B-B11-109-4,TBCV3-B-B11-109,Room B11-109
TB3-B-B11-110-1,TBCV3-B-B11-110,Room B11-110
TB3-B-B11-110-2,TBCV3-B-B11-110,Room B11-110
TB3-B-B11-110-3,TBCV3-B-B11-110,Room B11-110
TB3-B-B11-110-4,TBCV3-B-B11-110,Room B11-110
TB3-B-B11-111-1,TBCV3-B-B11-111,Room B11-111
TB3-B-B11-111-2,TBCV3-B-B11-111,Room B11-111
TB3-B-B11-111-3,TBCV3-B-B11-111,Room B11-111
TB3-B-B11-111-4,TBCV3-B-B11-111,Room B11-111
TB3-B-B11-112-1,TBCV3-B-B11-112,Room B11-112
TB3-B-B11-112-2,TBCV3-B-B11-112,Room B11-112
TB3-B-B11-112-3,TBCV3-B-B11-112,Room B11-112
TB3-B-B11-112-4,TBCV3-B-B11-112,Room B11-112
TB3-B-B12-001-1,TBCV3-B-B12-001,Room B12-001
TB3-B-B12-001-2,TBCV3-B-B12-001,Room B12-001
TB3-B-B12-001-3,TBCV3-B-B12-001,Room B12-001
TB3-B-B12-001-4,TBCV3-B-B12-001,Room B12-001
TB3-B-B12-001-5,TBCV3-B-B12-001,Room B12-001
TB3-B-B12-002-1,TBCV3-B-B12-002,Room B12-002
TB3-B-B12-002-2,TBCV3-B-B12-002,Room B12-002
TB3-B-B12-002-3,TBCV3-B-B12-002,Room B12-002
TB3-B-B12-002-4,TBCV3-B-B12-002,Room B12-002
TB3-B-B12-002-5,TBCV3-B-B12-002,Room B12-002
TB3-B-B12-003-1,TBCV3-B-B12-003,Room B12-003
TB3-B-B12-003-2,TBCV3-B-B12-003,Room B12-003
TB3-B-B12-003-3,TBCV3-B-B12-003,Room B12-003
TB3-B-B12-003-4,TBCV3-B-B12-003,Room B12-003
TB3-B-B12-003-5,TBCV3-B-B12-003,Room B12-003
TB3-B-B12-004-1,TBCV3-B-B12-004,Room B12-004
TB3-B-B12-004-2,TBCV3-B-B12-004,Room B12-004
TB3-B-B12-004-3,TBCV3-B-B12-004,Room B12-004
TB3-B-B12-004-4,TBCV3-B-B12-004,Room B12-004
TB3-B-B12-004-5,TBCV3-B-B12-004,Room B12-004
TB3-B-B12-005-1,TBCV3-B-B12-005,Room B12-005
TB3-B-B12-005-2,TBCV3-B-B12-005,Room B12-005
TB3-B-B12-005-3,TBCV3-B-B12-005,Room B12-005
TB3-B-B12-005-4,TBCV3-B-B12-005,Room B12-005
TB3-B-B12-005-5,TBCV3-B-B12-005,Room B12-005
TB3-B-B12-006-1,TBCV3-B-B12-006,Room B12-006
TB3-B-B12-006-2,TBCV3-B-B12-006,Room B12-006
TB3-B-B12-006-3,TBCV3-B-B12-006,Room B12-006
TB3-B-B12-006-4,TBCV3-B-B12-006,Room B12-006
TB3-B-B12-006-5,TBCV3-B-B12-006,Room B12-006
TB3-B-B12-007-1,TBCV3-B-B12-007,Room B12-007
TB3-B-B12-007-2,TBCV3-B-B12-007,Room B12-007
TB3-B-B12-007-3,TBCV3-B-B12-007,Room B12-007
TB3-B-B12-007-4,TBCV3-B-B12-007,Room B12-007
TB3-B-B12-007-5,TBCV3-B-B12-007,Room B12-007
TB3-B-B12-008-1,TBCV3-B-B12-008,Room B12-008
TB3-B-B12-008-2,TBCV3-B-B12-008,Room B12-008
TB3-B-B12-008-3,TBCV3-B-B12-008,Room B12-008
TB3-B-B12-008-4,TBCV3-B-B12-008,Room B12-008
TB3-B-B12-008-5,TBCV3-B-B12-008,Room B12-008
TB3-B-B12-009-1,TBCV3-B-B12-009,Room B12-009
TB3-B-B12-009-2,TBCV3-B-B12-009,Room B12-009
TB3-B-B12-009-3,TBCV3-B-B12-009,Room B12-009
TB3-B-B12-009-4,TBCV3-B-B12-009,Room B12-009
TB3-B-B12-009-5,TBCV3-B-B12-009,Room B12-009
TB3-B-B12-010-1,TBCV3-B-B12-010,Room B12-010
TB3-B-B12-010-2,TBCV3-B-B12-010,Room B12-010
TB3-B-B12-010-3,TBCV3-B-B12-010,Room B12-010
TB3-B-B12-010-4,TBCV3-B-B12-010,Room B12-010
TB3-B-B12-010-5,TBCV3-B-B12-010,Room B12-010
TB3-B-B12-011-1,TBCV3-B-B12-011,Room B12-011
TB3-B-B12-011-2,TBCV3-B-B12-011,Room B12-011
TB3-B-B12-011-3,TBCV3-B-B12-011,Room B12-011
TB3-B-B12-011-4,TBCV3-B-B12-011,Room B12-011
TB3-B-B12-011-5,TBCV3-B-B12-011,Room B12-011
TB3-B-B12-012-1,TBCV3-B-B12-012,Room B12-012
TB3-B-B12-012-2,TBCV3-B-B12-012,Room B12-012
TB3-B-B12-012-3,TBCV3-B-B12-012,Room B12-012
TB3-B-B12-012-4,TBCV3-B-B12-012,Room B12-012
TB3-B-B12-012-5,TBCV3-B-B12-012,Room B12-012
TB3-B-B12-101-1,TBCV3-B-B12-101,Room B12-101
TB3-B-B12-101-2,TBCV3-B-B12-101,Room B12-101
TB3-B-B12-101-3,TBCV3-B-B12-101,Room B12-101
TB3-B-B12-101-4,TBCV3-B-B12-101,Room B12-101
TB3-B-B12-102-1,TBCV3-B-B12-102,Room B12-102
TB3-B-B12-102-2,TBCV3-B-B12-102,Room B12-102
TB3-B-B12-102-3,TBCV3-B-B12-102,Room B12-102
TB3-B-B12-102-4,TBCV3-B-B12-102,Room B12-102
TB3-B-B12-103-1,TBCV3-B-B12-103,Room B12-103
TB3-B-B12-103-2,TBCV3-B-B12-103,Room B12-103
TB3-B-B12-103-3,TBCV3-B-B12-103,Room B12-103
TB3-B-B12-103-4,TBCV3-B-B12-103,Room B12-103
TB3-B-B12-104-1,TBCV3-B-B12-104,Room B12-104
TB3-B-B12-104-2,TBCV3-B-B12-104,Room B12-104
TB3-B-B12-104-3,TBCV3-B-B12-104,Room B12-104
TB3-B-B12-104-4,TBCV3-B-B12-104,Room B12-104
TB3-B-B12-105-1,TBCV3-B-B12-105,Room B12-105
TB3-B-B12-105-2,TBCV3-B-B12-105,Room B12-105
TB3-B-B12-105-3,TBCV3-B-B12-105,Room B12-105
TB3-B-B12-105-4,TBCV3-B-B12-105,Room B12-105
TB3-B-B12-106-1,TBCV3-B-B12-106,Room B12-106
TB3-B-B12-106-2,TBCV3-B-B12-106,Room B12-106
TB3-B-B12-106-3,TBCV3-B-B12-106,Room B12-106
TB3-B-B12-106-4,TBCV3-B-B12-106,Room B12-106
TB3-B-B12-107-1,TBCV3-B-B12-107,Room B12-107
TB3-B-B12-107-2,TBCV3-B-B12-107,Room B12-107
TB3-B-B12-107-3,TBCV3-B-B12-107,Room B12-107
TB3-B-B12-107-4,TBCV3-B-B12-107,Room B12-107
TB3-B-B12-108-1,TBCV3-B-B12-108,Room B12-108
TB3-B-B12-108-2,TBCV3-B-B12-108,Room B12-108
TB3-B-B12-108-3,TBCV3-B-B12-108,Room B12-108
TB3-B-B12-108-4,TBCV3-B-B12-108,Room B12-108
TB3-B-B12-109-1,TBCV3-B-B12-109,Room B12-109
TB3-B-B12-109-2,TBCV3-B-B12-109,Room B12-109
TB3-B-B12-109-3,TBCV3-B-B12-109,Room B12-109
TB3-B-B12-109-4,TBCV3-B-B12-109,Room B12-109
TB3-B-B12-110-1,TBCV3-B-B12-110,Room B12-110
TB3-B-B12-110-2,TBCV3-B-B12-110,Room B12-110
TB3-B-B12-110-3,TBCV3-B-B12-110,Room B12-110
TB3-B-B12-110-4,TBCV3-B-B12-110,Room B12-110
TB3-B-B12-111-1,TBCV3-B-B12-111,Room B12-111
TB3-B-B12-111-2,TBCV3-B-B12-111,Room B12-111
TB3-B-B12-111-3,TBCV3-B-B12-111,Room B12-111
TB3-B-B12-111-4,TBCV3-B-B12-111,Room B12-111
TB3-B-B12-112-1,TBCV3-B-B12-112,Room B12-112
TB3-B-B12-112-2,TBCV3-B-B12-112,Room B12-112
TB3-B-B12-112-3,TBCV3-B-B12-112,Room B12-112
TB3-B-B12-112-4,TBCV3-B-B12-112,Room B12-112
TB3-B-B13-001-1,TBCV3-B-B13-001,Room B13-001
TB3-B-B13-001-2,TBCV3-B-B13-001,Room B13-001
TB3-B-B13-001-3,TBCV3-B-B13-001,Room B13-001
TB3-B-B13-001-4,TBCV3-B-B13-001,Room B13-001
TB3-B-B13-001-5,TBCV3-B-B13-001,Room B13-001
TB3-B-B13-002-1,TBCV3-B-B13-002,Room B13-002
TB3-B-B13-002-2,TBCV3-B-B13-002,Room B13-002
TB3-B-B13-002-3,TBCV3-B-B13-002,Room B13-002
TB3-B-B13-002-4,TBCV3-B-B13-002,Room B13-002
TB3-B-B13-002-5,TBCV3-B-B13-002,Room B13-002
TB3-B-B13-003-1,TBCV3-B-B13-003,Room B13-003
TB3-B-B13-003-2,TBCV3-B-B13-003,Room B13-003
TB3-B-B13-003-3,TBCV3-B-B13-003,Room B13-003
TB3-B-B13-003-4,TBCV3-B-B13-003,Room B13-003
TB3-B-B13-003-5,TBCV3-B-B13-003,Room B13-003
TB3-B-B13-004-1,TBCV3-B-B13-004,Room B13-004
TB3-B-B13-004-2,TBCV3-B-B13-004,Room B13-004
TB3-B-B13-004-3,TBCV3-B-B13-004,Room B13-004
TB3-B-B13-004-4,TBCV3-B-B13-004,Room B13-004
TB3-B-B13-004-5,TBCV3-B-B13-004,Room B13-004
TB3-B-B13-005-1,TBCV3-B-B13-005,Room B13-005
TB3-B-B13-005-2,TBCV3-B-B13-005,Room B13-005
TB3-B-B13-005-3,TBCV3-B-B13-005,Room B13-005
TB3-B-B13-005-4,TBCV3-B-B13-005,Room B13-005
TB3-B-B13-005-5,TBCV3-B-B13-005,Room B13-005
TB3-B-B13-006-1,TBCV3-B-B13-006,Room B13-006
TB3-B-B13-006-2,TBCV3-B-B13-006,Room B13-006
TB3-B-B13-006-3,TBCV3-B-B13-006,Room B13-006
TB3-B-B13-006-4,TBCV3-B-B13-006,Room B13-006
TB3-B-B13-006-5,TBCV3-B-B13-006,Room B13-006
TB3-B-B13-007-1,TBCV3-B-B13-007,Room B13-007
TB3-B-B13-007-2,TBCV3-B-B13-007,Room B13-007
TB3-B-B13-007-3,TBCV3-B-B13-007,Room B13-007
TB3-B-B13-007-4,TBCV3-B-B13-007,Room B13-007
TB3-B-B13-007-5,TBCV3-B-B13-007,Room B13-007
TB3-B-B13-008-1,TBCV3-B-B13-008,Room B13-008
TB3-B-B13-008-2,TBCV3-B-B13-008,Room B13-008
TB3-B-B13-008-3,TBCV3-B-B13-008,Room B13-008
TB3-B-B13-008-4,TBCV3-B-B13-008,Room B13-008
TB3-B-B13-008-5,TBCV3-B-B13-008,Room B13-008
TB3-B-B13-009-1,TBCV3-B-B13-009,Room B13-009
TB3-B-B13-009-2,TBCV3-B-B13-009,Room B13-009
TB3-B-B13-009-3,TBCV3-B-B13-009,Room B13-009
TB3-B-B13-009-4,TBCV3-B-B13-009,Room B13-009
TB3-B-B13-009-5,TBCV3-B-B13-009,Room B13-009
TB3-B-B13-010-1,TBCV3-B-B13-010,Room B13-010
TB3-B-B13-010-2,TBCV3-B-B13-010,Room B13-010
TB3-B-B13-010-3,TBCV3-B-B13-010,Room B13-010
TB3-B-B13-010-4,TBCV3-B-B13-010,Room B13-010
TB3-B-B13-010-5,TBCV3-B-B13-010,Room B13-010
TB3-B-B13-011-1,TBCV3-B-B13-011,Room B13-011
TB3-B-B13-011-2,TBCV3-B-B13-011,Room B13-011
TB3-B-B13-011-3,TBCV3-B-B13-011,Room B13-011
TB3-B-B13-011-4,TBCV3-B-B13-011,Room B13-011
TB3-B-B13-011-5,TBCV3-B-B13-011,Room B13-011
TB3-B-B13-012-1,TBCV3-B-B13-012,Room B13-012
TB3-B-B13-012-2,TBCV3-B-B13-012,Room B13-012
TB3-B-B13-012-3,TBCV3-B-B13-012,Room B13-012
TB3-B-B13-012-4,TBCV3-B-B13-012,Room B13-012
TB3-B-B13-012-5,TBCV3-B-B13-012,Room B13-012
TB3-B-B13-101-1,TBCV3-B-B13-101,Room B13-101
TB3-B-B13-101-2,TBCV3-B-B13-101,Room B13-101
TB3-B-B13-101-3,TBCV3-B-B13-101,Room B13-101
TB3-B-B13-101-4,TBCV3-B-B13-101,Room B13-101
TB3-B-B13-102-1,TBCV3-B-B13-102,Room B13-102
TB3-B-B13-102-2,TBCV3-B-B13-102,Room B13-102
TB3-B-B13-102-3,TBCV3-B-B13-102,Room B13-102
TB3-B-B13-102-4,TBCV3-B-B13-102,Room B13-102
TB3-B-B13-103-1,TBCV3-B-B13-103,Room B13-103
TB3-B-B13-103-2,TBCV3-B-B13-103,Room B13-103
TB3-B-B13-103-3,TBCV3-B-B13-103,Room B13-103
TB3-B-B13-103-4,TBCV3-B-B13-103,Room B13-103
TB3-B-B13-104-1,TBCV3-B-B13-104,Room B13-104
TB3-B-B13-104-2,TBCV3-B-B13-104,Room B13-104
TB3-B-B13-104-3,TBCV3-B-B13-104,Room B13-104
TB3-B-B13-104-4,TBCV3-B-B13-104,Room B13-104
TB3-B-B13-105-1,TBCV3-B-B13-105,Room B13-105
TB3-B-B13-105-2,TBCV3-B-B13-105,Room B13-105
TB3-B-B13-105-3,TBCV3-B-B13-105,Room B13-105
TB3-B-B13-105-4,TBCV3-B-B13-105,Room B13-105
TB3-B-B13-106-1,TBCV3-B-B13-106,Room B13-106
TB3-B-B13-106-2,TBCV3-B-B13-106,Room B13-106
TB3-B-B13-106-3,TBCV3-B-B13-106,Room B13-106
TB3-B-B13-106-4,TBCV3-B-B13-106,Room B13-106
TB3-B-B13-107-1,TBCV3-B-B13-107,Room B13-107
TB3-B-B13-107-2,TBCV3-B-B13-107,Room B13-107
TB3-B-B13-107-3,TBCV3-B-B13-107,Room B13-107
TB3-B-B13-107-4,TBCV3-B-B13-107,Room B13-107
TB3-B-B13-108-1,TBCV3-B-B13-108,Room B13-108
TB3-B-B13-108-2,TBCV3-B-B13-108,Room B13-108
TB3-B-B13-108-3,TBCV3-B-B13-108,Room B13-108
TB3-B-B13-108-4,TBCV3-B-B13-108,Room B13-108
TB3-B-B13-109-1,TBCV3-B-B13-109,Room B13-109
TB3-B-B13-109-2,TBCV3-B-B13-109,Room B13-109
TB3-B-B13-109-3,TBCV3-B-B13-109,Room B13-109
TB3-B-B13-109-4,TBCV3-B-B13-109,Room B13-109
TB3-B-B13-110-1,TBCV3-B-B13-110,Room B13-110
TB3-B-B13-110-2,TBCV3-B-B13-110,Room B13-110
TB3-B-B13-110-3,TBCV3-B-B13-110,Room B13-110
TB3-B-B13-110-4,TBCV3-B-B13-110,Room B13-110
TB3-B-B13-111-1,TBCV3-B-B13-111,Room B13-111
TB3-B-B13-111-2,TBCV3-B-B13-111,Room B13-111
TB3-B-B13-111-3,TBCV3-B-B13-111,Room B13-111
TB3-B-B13-111-4,TBCV3-B-B13-111,Room B13-111
TB3-B-B13-112-1,TBCV3-B-B13-112,Room B13-112
TB3-B-B13-112-2,TBCV3-B-B13-112,Room B13-112
TB3-B-B13-112-3,TBCV3-B-B13-112,Room B13-112
TB3-B-B13-112-4,TBCV3-B-B13-112,Room B13-112
TB3-B-B14-001-1,TBCV3-B-B14-001,Room B14-001
TB3-B-B14-001-2,TBCV3-B-B14-001,Room B14-001
TB3-B-B14-001-3,TBCV3-B-B14-001,Room B14-001
TB3-B-B14-001-4,TBCV3-B-B14-001,Room B14-001
TB3-B-B14-001-5,TBCV3-B-B14-001,Room B14-001
TB3-B-B14-002-1,TBCV3-B-B14-002,Room B14-002
TB3-B-B14-002-2,TBCV3-B-B14-002,Room B14-002
TB3-B-B14-002-3,TBCV3-B-B14-002,Room B14-002
TB3-B-B14-002-4,TBCV3-B-B14-002,Room B14-002
TB3-B-B14-002-5,TBCV3-B-B14-002,Room B14-002
TB3-B-B14-003-1,TBCV3-B-B14-003,Room B14-003
TB3-B-B14-003-2,TBCV3-B-B14-003,Room B14-003
TB3-B-B14-003-3,TBCV3-B-B14-003,Room B14-003
TB3-B-B14-003-4,TBCV3-B-B14-003,Room B14-003
TB3-B-B14-003-5,TBCV3-B-B14-003,Room B14-003
TB3-B-B14-004-1,TBCV3-B-B14-004,Room B14-004
TB3-B-B14-004-2,TBCV3-B-B14-004,Room B14-004
TB3-B-B14-004-3,TBCV3-B-B14-004,Room B14-004
TB3-B-B14-004-4,TBCV3-B-B14-004,Room B14-004
TB3-B-B14-004-5,TBCV3-B-B14-004,Room B14-004
TB3-B-B14-005-1,TBCV3-B-B14-005,Room B14-005
TB3-B-B14-005-2,TBCV3-B-B14-005,Room B14-005
TB3-B-B14-005-3,TBCV3-B-B14-005,Room B14-005
TB3-B-B14-005-4,TBCV3-B-B14-005,Room B14-005
TB3-B-B14-005-5,TBCV3-B-B14-005,Room B14-005
TB3-B-B14-006-1,TBCV3-B-B14-006,Room B14-006
TB3-B-B14-006-2,TBCV3-B-B14-006,Room B14-006
TB3-B-B14-006-3,TBCV3-B-B14-006,Room B14-006
TB3-B-B14-006-4,TBCV3-B-B14-006,Room B14-006
TB3-B-B14-006-5,TBCV3-B-B14-006,Room B14-006
TB3-B-B14-007-1,TBCV3-B-B14-007,Room B14-007
TB3-B-B14-007-2,TBCV3-B-B14-007,Room B14-007
TB3-B-B14-007-3,TBCV3-B-B14-007,Room B14-007
TB3-B-B14-007-4,TBCV3-B-B14-007,Room B14-007
TB3-B-B14-007-5,TBCV3-B-B14-007,Room B14-007
TB3-B-B14-008-1,TBCV3-B-B14-008,Room B14-008
TB3-B-B14-008-2,TBCV3-B-B14-008,Room B14-008
TB3-B-B14-008-3,TBCV3-B-B14-008,Room B14-008
TB3-B-B14-008-4,TBCV3-B-B14-008,Room B14-008
TB3-B-B14-008-5,TBCV3-B-B14-008,Room B14-008
TB3-B-B14-009-1,TBCV3-B-B14-009,Room B14-009
TB3-B-B14-009-2,TBCV3-B-B14-009,Room B14-009
TB3-B-B14-009-3,TBCV3-B-B14-009,Room B14-009
TB3-B-B14-009-4,TBCV3-B-B14-009,Room B14-009
TB3-B-B14-009-5,TBCV3-B-B14-009,Room B14-009
TB3-B-B14-010-1,TBCV3-B-B14-010,Room B14-010
TB3-B-B14-010-2,TBCV3-B-B14-010,Room B14-010
TB3-B-B14-010-3,TBCV3-B-B14-010,Room B14-010
TB3-B-B14-010-4,TBCV3-B-B14-010,Room B14-010
TB3-B-B14-010-5,TBCV3-B-B14-010,Room B14-010
TB3-B-B14-011-1,TBCV3-B-B14-011,Room B14-011
TB3-B-B14-011-2,TBCV3-B-B14-011,Room B14-011
TB3-B-B14-011-3,TBCV3-B-B14-011,Room B14-011
TB3-B-B14-011-4,TBCV3-B-B14-011,Room B14-011
TB3-B-B14-011-5,TBCV3-B-B14-011,Room B14-011
TB3-B-B14-012-1,TBCV3-B-B14-012,Room B14-012
TB3-B-B14-012-2,TBCV3-B-B14-012,Room B14-012
TB3-B-B14-012-3,TBCV3-B-B14-012,Room B14-012
TB3-B-B14-012-4,TBCV3-B-B14-012,Room B14-012
TB3-B-B14-012-5,TBCV3-B-B14-012,Room B14-012
TB3-B-B14-101-1,TBCV3-B-B14-101,Room B14-101
TB3-B-B14-101-2,TBCV3-B-B14-101,Room B14-101
TB3-B-B14-101-3,TBCV3-B-B14-101,Room B14-101
TB3-B-B14-101-4,TBCV3-B-B14-101,Room B14-101
TB3-B-B14-102-1,TBCV3-B-B14-102,Room B14-102
TB3-B-B14-102-2,TBCV3-B-B14-102,Room B14-102
TB3-B-B14-102-3,TBCV3-B-B14-102,Room B14-102
TB3-B-B14-102-4,TBCV3-B-B14-102,Room B14-102
TB3-B-B14-103-1,TBCV3-B-B14-103,Room B14-103
TB3-B-B14-103-2,TBCV3-B-B14-103,Room B14-103
TB3-B-B14-103-3,TBCV3-B-B14-103,Room B14-103
TB3-B-B14-103-4,TBCV3-B-B14-103,Room B14-103
TB3-B-B14-104-1,TBCV3-B-B14-104,Room B14-104
TB3-B-B14-104-2,TBCV3-B-B14-104,Room B14-104
TB3-B-B14-104-3,TBCV3-B-B14-104,Room B14-104
TB3-B-B14-104-4,TBCV3-B-B14-104,Room B14-104
TB3-B-B14-105-1,TBCV3-B-B14-105,Room B14-105
TB3-B-B14-105-2,TBCV3-B-B14-105,Room B14-105
TB3-B-B14-105-3,TBCV3-B-B14-105,Room B14-105
TB3-B-B14-105-4,TBCV3-B-B14-105,Room B14-105
TB3-B-B14-106-1,TBCV3-B-B14-106,Room B14-106
TB3-B-B14-106-2,TBCV3-B-B14-106,Room B14-106
TB3-B-B14-106-3,TBCV3-B-B14-106,Room B14-106
TB3-B-B14-106-4,TBCV3-B-B14-106,Room B14-106
TB3-B-B14-107-1,TBCV3-B-B14-107,Room B14-107
TB3-B-B14-107-2,TBCV3-B-B14-107,Room B14-107
TB3-B-B14-107-3,TBCV3-B-B14-107,Room B14-107
TB3-B-B14-107-4,TBCV3-B-B14-107,Room B14-107
TB3-B-B14-108-1,TBCV3-B-B14-108,Room B14-108
TB3-B-B14-108-2,TBCV3-B-B14-108,Room B14-108
TB3-B-B14-108-3,TBCV3-B-B14-108,Room B14-108
TB3-B-B14-108-4,TBCV3-B-B14-108,Room B14-108
TB3-B-B14-109-1,TBCV3-B-B14-109,Room B14-109
TB3-B-B14-109-2,TBCV3-B-B14-109,Room B14-109
TB3-B-B14-109-3,TBCV3-B-B14-109,Room B14-109
TB3-B-B14-109-4,TBCV3-B-B14-109,Room B14-109
TB3-B-B14-110-1,TBCV3-B-B14-110,Room B14-110
TB3-B-B14-110-2,TBCV3-B-B14-110,Room B14-110
TB3-B-B14-110-3,TBCV3-B-B14-110,Room B14-110
TB3-B-B14-110-4,TBCV3-B-B14-110,Room B14-110
TB3-B-B14-111-1,TBCV3-B-B14-111,Room B14-111
TB3-B-B14-111-2,TBCV3-B-B14-111,Room B14-111
TB3-B-B14-111-3,TBCV3-B-B14-111,Room B14-111
TB3-B-B14-111-4,TBCV3-B-B14-111,Room B14-111
TB3-B-B14-112-1,TBCV3-B-B14-112,Room B14-112
TB3-B-B14-112-2,TBCV3-B-B14-112,Room B14-112
TB3-B-B14-112-3,TBCV3-B-B14-112,Room B14-112
TB3-B-B14-112-4,TBCV3-B-B14-112,Room B14-112
TB3-B-B15-001-1,TBCV3-B-B15-001,Room B15-001
TB3-B-B15-001-2,TBCV3-B-B15-001,Room B15-001
TB3-B-B15-001-3,TBCV3-B-B15-001,Room B15-001
TB3-B-B15-001-4,TBCV3-B-B15-001,Room B15-001
TB3-B-B15-001-5,TBCV3-B-B15-001,Room B15-001
TB3-B-B15-002-1,TBCV3-B-B15-002,Room B15-002
TB3-B-B15-002-2,TBCV3-B-B15-002,Room B15-002
TB3-B-B15-002-3,TBCV3-B-B15-002,Room B15-002
TB3-B-B15-002-4,TBCV3-B-B15-002,Room B15-002
TB3-B-B15-002-5,TBCV3-B-B15-002,Room B15-002
TB3-B-B15-003-1,TBCV3-B-B15-003,Room B15-003
TB3-B-B15-003-2,TBCV3-B-B15-003,Room B15-003
TB3-B-B15-003-3,TBCV3-B-B15-003,Room B15-003
TB3-B-B15-003-4,TBCV3-B-B15-003,Room B15-003
TB3-B-B15-003-5,TBCV3-B-B15-003,Room B15-003
TB3-B-B15-004-1,TBCV3-B-B15-004,Room B15-004
TB3-B-B15-004-2,TBCV3-B-B15-004,Room B15-004
TB3-B-B15-004-3,TBCV3-B-B15-004,Room B15-004
TB3-B-B15-004-4,TBCV3-B-B15-004,Room B15-004
TB3-B-B15-004-5,TBCV3-B-B15-004,Room B15-004
TB3-B-B15-005-1,TBCV3-B-B15-005,Room B15-005
TB3-B-B15-005-2,TBCV3-B-B15-005,Room B15-005
TB3-B-B15-005-3,TBCV3-B-B15-005,Room B15-005
TB3-B-B15-005-4,TBCV3-B-B15-005,Room B15-005
TB3-B-B15-005-5,TBCV3-B-B15-005,Room B15-005
TB3-B-B15-006-1,TBCV3-B-B15-006,Room B15-006
TB3-B-B15-006-2,TBCV3-B-B15-006,Room B15-006
TB3-B-B15-006-3,TBCV3-B-B15-006,Room B15-006
TB3-B-B15-006-4,TBCV3-B-B15-006,Room B15-006
TB3-B-B15-006-5,TBCV3-B-B15-006,Room B15-006
TB3-B-B15-007-1,TBCV3-B-B15-007,Room B15-007
TB3-B-B15-007-2,TBCV3-B-B15-007,Room B15-007
TB3-B-B15-007-3,TBCV3-B-B15-007,Room B15-007
TB3-B-B15-007-4,TBCV3-B-B15-007,Room B15-007
TB3-B-B15-007-5,TBCV3-B-B15-007,Room B15-007
TB3-B-B15-008-1,TBCV3-B-B15-008,Room B15-008
TB3-B-B15-008-2,TBCV3-B-B15-008,Room B15-008
TB3-B-B15-008-3,TBCV3-B-B15-008,Room B15-008
TB3-B-B15-008-4,TBCV3-B-B15-008,Room B15-008
TB3-B-B15-008-5,TBCV3-B-B15-008,Room B15-008
TB3-B-B15-009-1,TBCV3-B-B15-009,Room B15-009
TB3-B-B15-009-2,TBCV3-B-B15-009,Room B15-009
TB3-B-B15-009-3,TBCV3-B-B15-009,Room B15-009
TB3-B-B15-009-4,TBCV3-B-B15-009,Room B15-009
TB3-B-B15-009-5,TBCV3-B-B15-009,Room B15-009
TB3-B-B15-010-1,TBCV3-B-B15-010,Room B15-010
TB3-B-B15-010-2,TBCV3-B-B15-010,Room B15-010
TB3-B-B15-010-3,TBCV3-B-B15-010,Room B15-010
TB3-B-B15-010-4,TBCV3-B-B15-010,Room B15-010
TB3-B-B15-010-5,TBCV3-B-B15-010,Room B15-010
TB3-B-B15-011-1,TBCV3-B-B15-011,Room B15-011
TB3-B-B15-011-2,TBCV3-B-B15-011,Room B15-011
TB3-B-B15-011-3,TBCV3-B-B15-011,Room B15-011
TB3-B-B15-011-4,TBCV3-B-B15-011,Room B15-011
TB3-B-B15-011-5,TBCV3-B-B15-011,Room B15-011
TB3-B-B15-012-1,TBCV3-B-B15-012,Room B15-012
TB3-B-B15-012-2,TBCV3-B-B15-012,Room B15-012
TB3-B-B15-012-3,TBCV3-B-B15-012,Room B15-012
TB3-B-B15-012-4,TBCV3-B-B15-012,Room B15-012
TB3-B-B15-012-5,TBCV3-B-B15-012,Room B15-012
TB3-B-B15-101-1,TBCV3-B-B15-101,Room B15-101
TB3-B-B15-101-2,TBCV3-B-B15-101,Room B15-101
TB3-B-B15-101-3,TBCV3-B-B15-101,Room B15-101
TB3-B-B15-101-4,TBCV3-B-B15-101,Room B15-101
TB3-B-B15-102-1,TBCV3-B-B15-102,Room B15-102
TB3-B-B15-102-2,TBCV3-B-B15-102,Room B15-102
TB3-B-B15-102-3,TBCV3-B-B15-102,Room B15-102
TB3-B-B15-102-4,TBCV3-B-B15-102,Room B15-102
TB3-B-B15-103-1,TBCV3-B-B15-103,Room B15-103
TB3-B-B15-103-2,TBCV3-B-B15-103,Room B15-103
TB3-B-B15-103-3,TBCV3-B-B15-103,Room B15-103
TB3-B-B15-103-4,TBCV3-B-B15-103,Room B15-103
TB3-B-B15-104-1,TBCV3-B-B15-104,Room B15-104
TB3-B-B15-104-2,TBCV3-B-B15-104,Room B15-104
TB3-B-B15-104-3,TBCV3-B-B15-104,Room B15-104
TB3-B-B15-104-4,TBCV3-B-B15-104,Room B15-104
TB3-B-B15-105-1,TBCV3-B-B15-105,Room B15-105
TB3-B-B15-105-2,TBCV3-B-B15-105,Room B15-105
TB3-B-B15-105-3,TBCV3-B-B15-105,Room B15-105
TB3-B-B15-105-4,TBCV3-B-B15-105,Room B15-105
TB3-B-B15-106-1,TBCV3-B-B15-106,Room B15-106
TB3-B-B15-106-2,TBCV3-B-B15-106,Room B15-106
TB3-B-B15-106-3,TBCV3-B-B15-106,Room B15-106
TB3-B-B15-106-4,TBCV3-B-B15-106,Room B15-106
TB3-B-B15-107-1,TBCV3-B-B15-107,Room B15-107
TB3-B-B15-107-2,TBCV3-B-B15-107,Room B15-107
TB3-B-B15-107-3,TBCV3-B-B15-107,Room B15-107
TB3-B-B15-107-4,TBCV3-B-B15-107,Room B15-107
TB3-B-B15-108-1,TBCV3-B-B15-108,Room B15-108
TB3-B-B15-108-2,TBCV3-B-B15-108,Room B15-108
TB3-B-B15-108-3,TBCV3-B-B15-108,Room B15-108
TB3-B-B15-108-4,TBCV3-B-B15-108,Room B15-108
TB3-B-B15-109-1,TBCV3-B-B15-109,Room B15-109
TB3-B-B15-109-2,TBCV3-B-B15-109,Room B15-109
TB3-B-B15-109-3,TBCV3-B-B15-109,Room B15-109
TB3-B-B15-109-4,TBCV3-B-B15-109,Room B15-109
TB3-B-B15-110-1,TBCV3-B-B15-110,Room B15-110
TB3-B-B15-110-2,TBCV3-B-B15-110,Room B15-110
TB3-B-B15-110-3,TBCV3-B-B15-110,Room B15-110
TB3-B-B15-110-4,TBCV3-B-B15-110,Room B15-110
TB3-B-B15-111-1,TBCV3-B-B15-111,Room B15-111
TB3-B-B15-111-2,TBCV3-B-B15-111,Room B15-111
TB3-B-B15-111-3,TBCV3-B-B15-111,Room B15-111
TB3-B-B15-111-4,TBCV3-B-B15-111,Room B15-111
TB3-B-B15-112-1,TBCV3-B-B15-112,Room B15-112
TB3-B-B15-112-2,TBCV3-B-B15-112,Room B15-112
TB3-B-B15-112-3,TBCV3-B-B15-112,Room B15-112
TB3-B-B15-112-4,TBCV3-B-B15-112,Room B15-112
TB3-B-B16-001-1,TBCV3-B-B16-001,Room B16-001
TB3-B-B16-001-2,TBCV3-B-B16-001,Room B16-001
TB3-B-B16-001-3,TBCV3-B-B16-001,Room B16-001
TB3-B-B16-001-4,TBCV3-B-B16-001,Room B16-001
TB3-B-B16-001-5,TBCV3-B-B16-001,Room B16-001
TB3-B-B16-002-1,TBCV3-B-B16-002,Room B16-002
TB3-B-B16-002-2,TBCV3-B-B16-002,Room B16-002
TB3-B-B16-002-3,TBCV3-B-B16-002,Room B16-002
TB3-B-B16-002-4,TBCV3-B-B16-002,Room B16-002
TB3-B-B16-002-5,TBCV3-B-B16-002,Room B16-002
TB3-B-B16-003-1,TBCV3-B-B16-003,Room B16-003
TB3-B-B16-003-2,TBCV3-B-B16-003,Room B16-003
TB3-B-B16-003-3,TBCV3-B-B16-003,Room B16-003
TB3-B-B16-003-4,TBCV3-B-B16-003,Room B16-003
TB3-B-B16-003-5,TBCV3-B-B16-003,Room B16-003
TB3-B-B16-004-1,TBCV3-B-B16-004,Room B16-004
TB3-B-B16-004-2,TBCV3-B-B16-004,Room B16-004
TB3-B-B16-004-3,TBCV3-B-B16-004,Room B16-004
TB3-B-B16-004-4,TBCV3-B-B16-004,Room B16-004
TB3-B-B16-004-5,TBCV3-B-B16-004,Room B16-004
TB3-B-B16-005-1,TBCV3-B-B16-005,Room B16-005
TB3-B-B16-005-2,TBCV3-B-B16-005,Room B16-005
TB3-B-B16-005-3,TBCV3-B-B16-005,Room B16-005
TB3-B-B16-005-4,TBCV3-B-B16-005,Room B16-005
TB3-B-B16-005-5,TBCV3-B-B16-005,Room B16-005
TB3-B-B16-006-1,TBCV3-B-B16-006,Room B16-006
TB3-B-B16-006-2,TBCV3-B-B16-006,Room B16-006
TB3-B-B16-006-3,TBCV3-B-B16-006,Room B16-006
TB3-B-B16-006-4,TBCV3-B-B16-006,Room B16-006
TB3-B-B16-006-5,TBCV3-B-B16-006,Room B16-006
TB3-B-B16-007-1,TBCV3-B-B16-007,Room B16-007
TB3-B-B16-007-2,TBCV3-B-B16-007,Room B16-007
TB3-B-B16-007-3,TBCV3-B-B16-007,Room B16-007
TB3-B-B16-007-4,TBCV3-B-B16-007,Room B16-007
TB3-B-B16-007-5,TBCV3-B-B16-007,Room B16-007
TB3-B-B16-008-1,TBCV3-B-B16-008,Room B16-008
TB3-B-B16-008-2,TBCV3-B-B16-008,Room B16-008
TB3-B-B16-008-3,TBCV3-B-B16-008,Room B16-008
TB3-B-B16-008-4,TBCV3-B-B16-008,Room B16-008
TB3-B-B16-008-5,TBCV3-B-B16-008,Room B16-008
TB3-B-B16-009-1,TBCV3-B-B16-009,Room B16-009
TB3-B-B16-009-2,TBCV3-B-B16-009,Room B16-009
TB3-B-B16-009-3,TBCV3-B-B16-009,Room B16-009
TB3-B-B16-009-4,TBCV3-B-B16-009,Room B16-009
TB3-B-B16-009-5,TBCV3-B-B16-009,Room B16-009
TB3-B-B16-010-1,TBCV3-B-B16-010,Room B16-010
TB3-B-B16-010-2,TBCV3-B-B16-010,Room B16-010
TB3-B-B16-010-3,TBCV3-B-B16-010,Room B16-010
TB3-B-B16-010-4,TBCV3-B-B16-010,Room B16-010
TB3-B-B16-010-5,TBCV3-B-B16-010,Room B16-010
TB3-B-B16-011-1,TBCV3-B-B16-011,Room B16-011
TB3-B-B16-011-2,TBCV3-B-B16-011,Room B16-011
TB3-B-B16-011-3,TBCV3-B-B16-011,Room B16-011
TB3-B-B16-011-4,TBCV3-B-B16-011,Room B16-011
TB3-B-B16-011-5,TBCV3-B-B16-011,Room B16-011
TB3-B-B16-012-1,TBCV3-B-B16-012,Room B16-012
TB3-B-B16-012-2,TBCV3-B-B16-012,Room B16-012
TB3-B-B16-012-3,TBCV3-B-B16-012,Room B16-012
TB3-B-B16-012-4,TBCV3-B-B16-012,Room B16-012
TB3-B-B16-012-5,TBCV3-B-B16-012,Room B16-012
TB3-B-B16-101-1,TBCV3-B-B16-101,Room B16-101
TB3-B-B16-101-2,TBCV3-B-B16-101,Room B16-101
TB3-B-B16-101-3,TBCV3-B-B16-101,Room B16-101
TB3-B-B16-101-4,TBCV3-B-B16-101,Room B16-101
TB3-B-B16-102-1,TBCV3-B-B16-102,Room B16-102
TB3-B-B16-102-2,TBCV3-B-B16-102,Room B16-102
TB3-B-B16-102-3,TBCV3-B-B16-102,Room B16-102
TB3-B-B16-102-4,TBCV3-B-B16-102,Room B16-102
TB3-B-B16-103-1,TBCV3-B-B16-103,Room B16-103
TB3-B-B16-103-2,TBCV3-B-B16-103,Room B16-103
TB3-B-B16-103-3,TBCV3-B-B16-103,Room B16-103
TB3-B-B16-103-4,TBCV3-B-B16-103,Room B16-103
TB3-B-B16-104-1,TBCV3-B-B16-104,Room B16-104
TB3-B-B16-104-2,TBCV3-B-B16-104,Room B16-104
TB3-B-B16-104-3,TBCV3-B-B16-104,Room B16-104
TB3-B-B16-104-4,TBCV3-B-B16-104,Room B16-104
TB3-B-B16-105-1,TBCV3-B-B16-105,Room B16-105
TB3-B-B16-105-2,TBCV3-B-B16-105,Room B16-105
TB3-B-B16-105-3,TBCV3-B-B16-105,Room B16-105
TB3-B-B16-105-4,TBCV3-B-B16-105,Room B16-105
TB3-B-B16-106-1,TBCV3-B-B16-106,Room B16-106
TB3-B-B16-106-2,TBCV3-B-B16-106,Room B16-106
TB3-B-B16-106-3,TBCV3-B-B16-106,Room B16-106
TB3-B-B16-106-4,TBCV3-B-B16-106,Room B16-106
TB3-B-B16-107-1,TBCV3-B-B16-107,Room B16-107
TB3-B-B16-107-2,TBCV3-B-B16-107,Room B16-107
TB3-B-B16-107-3,TBCV3-B-B16-107,Room B16-107
TB3-B-B16-107-4,TBCV3-B-B16-107,Room B16-107
TB3-B-B16-108-1,TBCV3-B-B16-108,Room B16-108
TB3-B-B16-108-2,TBCV3-B-B16-108,Room B16-108
TB3-B-B16-108-3,TBCV3-B-B16-108,Room B16-108
TB3-B-B16-108-4,TBCV3-B-B16-108,Room B16-108
TB3-B-B16-109-1,TBCV3-B-B16-109,Room B16-109
TB3-B-B16-109-2,TBCV3-B-B16-109,Room B16-109
TB3-B-B16-109-3,TBCV3-B-B16-109,Room B16-109
TB3-B-B16-109-4,TBCV3-B-B16-109,Room B16-109
TB3-B-B16-110-1,TBCV3-B-B16-110,Room B16-110
TB3-B-B16-110-2,TBCV3-B-B16-110,Room B16-110
TB3-B-B16-110-3,TBCV3-B-B16-110,Room B16-110
TB3-B-B16-110-4,TBCV3-B-B16-110,Room B16-110
TB3-B-B16-111-1,TBCV3-B-B16-111,Room B16-111
TB3-B-B16-111-2,TBCV3-B-B16-111,Room B16-111
TB3-B-B16-111-3,TBCV3-B-B16-111,Room B16-111
TB3-B-B16-111-4,TBCV3-B-B16-111,Room B16-111
TB3-B-B16-112-1,TBCV3-B-B16-112,Room B16-112
TB3-B-B16-112-2,TBCV3-B-B16-112,Room B16-112
TB3-B-B16-112-3,TBCV3-B-B16-112,Room B16-112
TB3-B-B16-112-4,TBCV3-B-B16-112,Room B16-112
TB2-J-J01-001-1,TBCV2-J-J01-001,Room J01-001
TB2-J-J01-001-2,TBCV2-J-J01-001,Room J01-001
TB2-J-J01-001-3,TBCV2-J-J01-001,Room J01-001
TB2-J-J01-001-4,TBCV2-J-J01-001,Room J01-001
TB2-J-J01-001-5,TBCV2-J-J01-001,Room J01-001
TB2-J-J01-002-1,TBCV2-J-J01-002,Room J01-002
TB2-J-J01-002-2,TBCV2-J-J01-002,Room J01-002
TB2-J-J01-002-3,TBCV2-J-J01-002,Room J01-002
TB2-J-J01-002-4,TBCV2-J-J01-002,Room J01-002
TB2-J-J01-002-5,TBCV2-J-J01-002,Room J01-002
TB2-J-J01-003-1,TBCV2-J-J01-003,Room J01-003
TB2-J-J01-003-2,TBCV2-J-J01-003,Room J01-003
TB2-J-J01-003-3,TBCV2-J-J01-003,Room J01-003
TB2-J-J01-003-4,TBCV2-J-J01-003,Room J01-003
TB2-J-J01-003-5,TBCV2-J-J01-003,Room J01-003
TB2-J-J01-004-1,TBCV2-J-J01-004,Room J01-004
TB2-J-J01-004-2,TBCV2-J-J01-004,Room J01-004
TB2-J-J01-004-3,TBCV2-J-J01-004,Room J01-004
TB2-J-J01-004-4,TBCV2-J-J01-004,Room J01-004
TB2-J-J01-004-5,TBCV2-J-J01-004,Room J01-004
TB2-J-J01-005-1,TBCV2-J-J01-005,Room J01-005
TB2-J-J01-005-2,TBCV2-J-J01-005,Room J01-005
TB2-J-J01-005-3,TBCV2-J-J01-005,Room J01-005
TB2-J-J01-005-4,TBCV2-J-J01-005,Room J01-005
TB2-J-J01-005-5,TBCV2-J-J01-005,Room J01-005
TB2-J-J01-006-1,TBCV2-J-J01-006,Room J01-006
TB2-J-J01-006-2,TBCV2-J-J01-006,Room J01-006
TB2-J-J01-006-3,TBCV2-J-J01-006,Room J01-006
TB2-J-J01-006-4,TBCV2-J-J01-006,Room J01-006
TB2-J-J01-006-5,TBCV2-J-J01-006,Room J01-006
TB2-J-J01-007-1,TBCV2-J-J01-007,Room J01-007
TB2-J-J01-007-2,TBCV2-J-J01-007,Room J01-007
TB2-J-J01-007-3,TBCV2-J-J01-007,Room J01-007
TB2-J-J01-007-4,TBCV2-J-J01-007,Room J01-007
TB2-J-J01-007-5,TBCV2-J-J01-007,Room J01-007
TB2-J-J01-008-1,TBCV2-J-J01-008,Room J01-008
TB2-J-J01-008-2,TBCV2-J-J01-008,Room J01-008
TB2-J-J01-008-3,TBCV2-J-J01-008,Room J01-008
TB2-J-J01-008-4,TBCV2-J-J01-008,Room J01-008
TB2-J-J01-008-5,TBCV2-J-J01-008,Room J01-008
TB2-J-J01-009-1,TBCV2-J-J01-009,Room J01-009
TB2-J-J01-009-2,TBCV2-J-J01-009,Room J01-009
TB2-J-J01-009-3,TBCV2-J-J01-009,Room J01-009
TB2-J-J01-009-4,TBCV2-J-J01-009,Room J01-009
TB2-J-J01-009-5,TBCV2-J-J01-009,Room J01-009
TB2-J-J01-010-1,TBCV2-J-J01-010,Room J01-010
TB2-J-J01-010-2,TBCV2-J-J01-010,Room J01-010
TB2-J-J01-010-3,TBCV2-J-J01-010,Room J01-010
TB2-J-J01-010-4,TBCV2-J-J01-010,Room J01-010
TB2-J-J01-010-5,TBCV2-J-J01-010,Room J01-010
TB2-J-J01-011-1,TBCV2-J-J01-011,Room J01-011
TB2-J-J01-011-2,TBCV2-J-J01-011,Room J01-011
TB2-J-J01-011-3,TBCV2-J-J01-011,Room J01-011
TB2-J-J01-011-4,TBCV2-J-J01-011,Room J01-011
TB2-J-J01-011-5,TBCV2-J-J01-011,Room J01-011
TB2-J-J01-012-1,TBCV2-J-J01-012,Room J01-012
TB2-J-J01-012-2,TBCV2-J-J01-012,Room J01-012
TB2-J-J01-012-3,TBCV2-J-J01-012,Room J01-012
TB2-J-J01-012-4,TBCV2-J-J01-012,Room J01-012
TB2-J-J01-012-5,TBCV2-J-J01-012,Room J01-012
TB2-J-J01-101-1,TBCV2-J-J01-101,Room J01-101
TB2-J-J01-101-2,TBCV2-J-J01-101,Room J01-101
TB2-J-J01-101-3,TBCV2-J-J01-101,Room J01-101
TB2-J-J01-101-4,TBCV2-J-J01-101,Room J01-101
TB2-J-J01-102-1,TBCV2-J-J01-102,Room J01-102
TB2-J-J01-102-2,TBCV2-J-J01-102,Room J01-102
TB2-J-J01-102-3,TBCV2-J-J01-102,Room J01-102
TB2-J-J01-102-4,TBCV2-J-J01-102,Room J01-102
TB2-J-J01-103-1,TBCV2-J-J01-103,Room J01-103
TB2-J-J01-103-2,TBCV2-J-J01-103,Room J01-103
TB2-J-J01-103-3,TBCV2-J-J01-103,Room J01-103
TB2-J-J01-103-4,TBCV2-J-J01-103,Room J01-103
TB2-J-J01-104-1,TBCV2-J-J01-104,Room J01-104
TB2-J-J01-104-2,TBCV2-J-J01-104,Room J01-104
TB2-J-J01-104-3,TBCV2-J-J01-104,Room J01-104
TB2-J-J01-104-4,TBCV2-J-J01-104,Room J01-104
TB2-J-J01-105-1,TBCV2-J-J01-105,Room J01-105
TB2-J-J01-105-2,TBCV2-J-J01-105,Room J01-105
TB2-J-J01-105-3,TBCV2-J-J01-105,Room J01-105
TB2-J-J01-105-4,TBCV2-J-J01-105,Room J01-105
TB2-J-J01-106-1,TBCV2-J-J01-106,Room J01-106
TB2-J-J01-106-2,TBCV2-J-J01-106,Room J01-106
TB2-J-J01-106-3,TBCV2-J-J01-106,Room J01-106
TB2-J-J01-106-4,TBCV2-J-J01-106,Room J01-106
TB2-J-J01-107-1,TBCV2-J-J01-107,Room J01-107
TB2-J-J01-107-2,TBCV2-J-J01-107,Room J01-107
TB2-J-J01-107-3,TBCV2-J-J01-107,Room J01-107
TB2-J-J01-107-4,TBCV2-J-J01-107,Room J01-107
TB2-J-J01-108-1,TBCV2-J-J01-108,Room J01-108
TB2-J-J01-108-2,TBCV2-J-J01-108,Room J01-108
TB2-J-J01-108-3,TBCV2-J-J01-108,Room J01-108
TB2-J-J01-108-4,TBCV2-J-J01-108,Room J01-108
TB2-J-J01-109-1,TBCV2-J-J01-109,Room J01-109
TB2-J-J01-109-2,TBCV2-J-J01-109,Room J01-109
TB2-J-J01-109-3,TBCV2-J-J01-109,Room J01-109
TB2-J-J01-109-4,TBCV2-J-J01-109,Room J01-109
TB2-J-J01-110-1,TBCV2-J-J01-110,Room J01-110
TB2-J-J01-110-2,TBCV2-J-J01-110,Room J01-110
TB2-J-J01-110-3,TBCV2-J-J01-110,Room J01-110
TB2-J-J01-110-4,TBCV2-J-J01-110,Room J01-110
TB2-J-J01-111-1,TBCV2-J-J01-111,Room J01-111
TB2-J-J01-111-2,TBCV2-J-J01-111,Room J01-111
TB2-J-J01-111-3,TBCV2-J-J01-111,Room J01-111
TB2-J-J01-111-4,TBCV2-J-J01-111,Room J01-111
TB2-J-J01-112-1,TBCV2-J-J01-112,Room J01-112
TB2-J-J01-112-2,TBCV2-J-J01-112,Room J01-112
TB2-J-J01-112-3,TBCV2-J-J01-112,Room J01-112
TB2-J-J01-112-4,TBCV2-J-J01-112,Room J01-112
TB2-J-J02-001-1,TBCV2-J-J02-001,Room J02-001
TB2-J-J02-001-2,TBCV2-J-J02-001,Room J02-001
TB2-J-J02-001-3,TBCV2-J-J02-001,Room J02-001
TB2-J-J02-001-4,TBCV2-J-J02-001,Room J02-001
TB2-J-J02-001-5,TBCV2-J-J02-001,Room J02-001
TB2-J-J02-002-1,TBCV2-J-J02-002,Room J02-002
TB2-J-J02-002-2,TBCV2-J-J02-002,Room J02-002
TB2-J-J02-002-3,TBCV2-J-J02-002,Room J02-002
TB2-J-J02-002-4,TBCV2-J-J02-002,Room J02-002
TB2-J-J02-002-5,TBCV2-J-J02-002,Room J02-002
TB2-J-J02-003-1,TBCV2-J-J02-003,Room J02-003
TB2-J-J02-003-2,TBCV2-J-J02-003,Room J02-003
TB2-J-J02-003-3,TBCV2-J-J02-003,Room J02-003
TB2-J-J02-003-4,TBCV2-J-J02-003,Room J02-003
TB2-J-J02-003-5,TBCV2-J-J02-003,Room J02-003
TB2-J-J02-004-1,TBCV2-J-J02-004,Room J02-004
TB2-J-J02-004-2,TBCV2-J-J02-004,Room J02-004
TB2-J-J02-004-3,TBCV2-J-J02-004,Room J02-004
TB2-J-J02-004-4,TBCV2-J-J02-004,Room J02-004
TB2-J-J02-004-5,TBCV2-J-J02-004,Room J02-004
TB2-J-J02-005-1,TBCV2-J-J02-005,Room J02-005
TB2-J-J02-005-2,TBCV2-J-J02-005,Room J02-005
TB2-J-J02-005-3,TBCV2-J-J02-005,Room J02-005
TB2-J-J02-005-4,TBCV2-J-J02-005,Room J02-005
TB2-J-J02-005-5,TBCV2-J-J02-005,Room J02-005
TB2-J-J02-006-1,TBCV2-J-J02-006,Room J02-006
TB2-J-J02-006-2,TBCV2-J-J02-006,Room J02-006
TB2-J-J02-006-3,TBCV2-J-J02-006,Room J02-006
TB2-J-J02-006-4,TBCV2-J-J02-006,Room J02-006
TB2-J-J02-006-5,TBCV2-J-J02-006,Room J02-006
TB2-J-J02-007-1,TBCV2-J-J02-007,Room J02-007
TB2-J-J02-007-2,TBCV2-J-J02-007,Room J02-007
TB2-J-J02-007-3,TBCV2-J-J02-007,Room J02-007
TB2-J-J02-007-4,TBCV2-J-J02-007,Room J02-007
TB2-J-J02-007-5,TBCV2-J-J02-007,Room J02-007
TB2-J-J02-008-1,TBCV2-J-J02-008,Room J02-008
TB2-J-J02-008-2,TBCV2-J-J02-008,Room J02-008
TB2-J-J02-008-3,TBCV2-J-J02-008,Room J02-008
TB2-J-J02-008-4,TBCV2-J-J02-008,Room J02-008
TB2-J-J02-008-5,TBCV2-J-J02-008,Room J02-008
TB2-J-J02-009-1,TBCV2-J-J02-009,Room J02-009
TB2-J-J02-009-2,TBCV2-J-J02-009,Room J02-009
TB2-J-J02-009-3,TBCV2-J-J02-009,Room J02-009
TB2-J-J02-009-4,TBCV2-J-J02-009,Room J02-009
TB2-J-J02-009-5,TBCV2-J-J02-009,Room J02-009
TB2-J-J02-010-1,TBCV2-J-J02-010,Room J02-010
TB2-J-J02-010-2,TBCV2-J-J02-010,Room J02-010
TB2-J-J02-010-3,TBCV2-J-J02-010,Room J02-010
TB2-J-J02-010-4,TBCV2-J-J02-010,Room J02-010
TB2-J-J02-010-5,TBCV2-J-J02-010,Room J02-010
TB2-J-J02-011-1,TBCV2-J-J02-011,Room J02-011
TB2-J-J02-011-2,TBCV2-J-J02-011,Room J02-011
TB2-J-J02-011-3,TBCV2-J-J02-011,Room J02-011
TB2-J-J02-011-4,TBCV2-J-J02-011,Room J02-011
TB2-J-J02-011-5,TBCV2-J-J02-011,Room J02-011
TB2-J-J02-012-1,TBCV2-J-J02-012,Room J02-012
TB2-J-J02-012-2,TBCV2-J-J02-012,Room J02-012
TB2-J-J02-012-3,TBCV2-J-J02-012,Room J02-012
TB2-J-J02-012-4,TBCV2-J-J02-012,Room J02-012
TB2-J-J02-012-5,TBCV2-J-J02-012,Room J02-012
TB2-J-J02-101-1,TBCV2-J-J02-101,Room J02-101
TB2-J-J02-101-2,TBCV2-J-J02-101,Room J02-101
TB2-J-J02-101-3,TBCV2-J-J02-101,Room J02-101
TB2-J-J02-101-4,TBCV2-J-J02-101,Room J02-101
TB2-J-J02-102-1,TBCV2-J-J02-102,Room J02-102
TB2-J-J02-102-2,TBCV2-J-J02-102,Room J02-102
TB2-J-J02-102-3,TBCV2-J-J02-102,Room J02-102
TB2-J-J02-102-4,TBCV2-J-J02-102,Room J02-102
TB2-J-J02-103-1,TBCV2-J-J02-103,Room J02-103
TB2-J-J02-103-2,TBCV2-J-J02-103,Room J02-103
TB2-J-J02-103-3,TBCV2-J-J02-103,Room J02-103
TB2-J-J02-103-4,TBCV2-J-J02-103,Room J02-103
TB2-J-J02-104-1,TBCV2-J-J02-104,Room J02-104
TB2-J-J02-104-2,TBCV2-J-J02-104,Room J02-104
TB2-J-J02-104-3,TBCV2-J-J02-104,Room J02-104
TB2-J-J02-104-4,TBCV2-J-J02-104,Room J02-104
TB2-J-J02-105-1,TBCV2-J-J02-105,Room J02-105
TB2-J-J02-105-2,TBCV2-J-J02-105,Room J02-105
TB2-J-J02-105-3,TBCV2-J-J02-105,Room J02-105
TB2-J-J02-105-4,TBCV2-J-J02-105,Room J02-105
TB2-J-J02-106-1,TBCV2-J-J02-106,Room J02-106
TB2-J-J02-106-2,TBCV2-J-J02-106,Room J02-106
TB2-J-J02-106-3,TBCV2-J-J02-106,Room J02-106
TB2-J-J02-106-4,TBCV2-J-J02-106,Room J02-106
TB2-J-J02-107-1,TBCV2-J-J02-107,Room J02-107
TB2-J-J02-107-2,TBCV2-J-J02-107,Room J02-107
TB2-J-J02-107-3,TBCV2-J-J02-107,Room J02-107
TB2-J-J02-107-4,TBCV2-J-J02-107,Room J02-107
TB2-J-J02-108-1,TBCV2-J-J02-108,Room J02-108
TB2-J-J02-108-2,TBCV2-J-J02-108,Room J02-108
TB2-J-J02-108-3,TBCV2-J-J02-108,Room J02-108
TB2-J-J02-108-4,TBCV2-J-J02-108,Room J02-108
TB2-J-J02-109-1,TBCV2-J-J02-109,Room J02-109
TB2-J-J02-109-2,TBCV2-J-J02-109,Room J02-109
TB2-J-J02-109-3,TBCV2-J-J02-109,Room J02-109
TB2-J-J02-109-4,TBCV2-J-J02-109,Room J02-109
TB2-J-J02-110-1,TBCV2-J-J02-110,Room J02-110
TB2-J-J02-110-2,TBCV2-J-J02-110,Room J02-110
TB2-J-J02-110-3,TBCV2-J-J02-110,Room J02-110
TB2-J-J02-110-4,TBCV2-J-J02-110,Room J02-110
TB2-J-J02-111-1,TBCV2-J-J02-111,Room J02-111
TB2-J-J02-111-2,TBCV2-J-J02-111,Room J02-111
TB2-J-J02-111-3,TBCV2-J-J02-111,Room J02-111
TB2-J-J02-111-4,TBCV2-J-J02-111,Room J02-111
TB2-J-J02-112-1,TBCV2-J-J02-112,Room J02-112
TB2-J-J02-112-2,TBCV2-J-J02-112,Room J02-112
TB2-J-J02-112-3,TBCV2-J-J02-112,Room J02-112
TB2-J-J02-112-4,TBCV2-J-J02-112,Room J02-112
TB2-J-J03-001-1,TBCV2-J-J03-001,Room J03-001
TB2-J-J03-001-2,TBCV2-J-J03-001,Room J03-001
TB2-J-J03-001-3,TBCV2-J-J03-001,Room J03-001
TB2-J-J03-001-4,TBCV2-J-J03-001,Room J03-001
TB2-J-J03-001-5,TBCV2-J-J03-001,Room J03-001
TB2-J-J03-002-1,TBCV2-J-J03-002,Room J03-002
TB2-J-J03-002-2,TBCV2-J-J03-002,Room J03-002
TB2-J-J03-002-3,TBCV2-J-J03-002,Room J03-002
TB2-J-J03-002-4,TBCV2-J-J03-002,Room J03-002
TB2-J-J03-002-5,TBCV2-J-J03-002,Room J03-002
TB2-J-J03-003-1,TBCV2-J-J03-003,Room J03-003
TB2-J-J03-003-2,TBCV2-J-J03-003,Room J03-003
TB2-J-J03-003-3,TBCV2-J-J03-003,Room J03-003
TB2-J-J03-003-4,TBCV2-J-J03-003,Room J03-003
TB2-J-J03-003-5,TBCV2-J-J03-003,Room J03-003
TB2-J-J03-004-1,TBCV2-J-J03-004,Room J03-004
TB2-J-J03-004-2,TBCV2-J-J03-004,Room J03-004
TB2-J-J03-004-3,TBCV2-J-J03-004,Room J03-004
TB2-J-J03-004-4,TBCV2-J-J03-004,Room J03-004
TB2-J-J03-004-5,TBCV2-J-J03-004,Room J03-004
TB2-J-J03-005-1,TBCV2-J-J03-005,Room J03-005
TB2-J-J03-005-2,TBCV2-J-J03-005,Room J03-005
TB2-J-J03-005-3,TBCV2-J-J03-005,Room J03-005
TB2-J-J03-005-4,TBCV2-J-J03-005,Room J03-005
TB2-J-J03-005-5,TBCV2-J-J03-005,Room J03-005
TB2-J-J03-006-1,TBCV2-J-J03-006,Room J03-006
TB2-J-J03-006-2,TBCV2-J-J03-006,Room J03-006
TB2-J-J03-006-3,TBCV2-J-J03-006,Room J03-006
TB2-J-J03-006-4,TBCV2-J-J03-006,Room J03-006
TB2-J-J03-006-5,TBCV2-J-J03-006,Room J03-006
TB2-J-J03-007-1,TBCV2-J-J03-007,Room J03-007
TB2-J-J03-007-2,TBCV2-J-J03-007,Room J03-007
TB2-J-J03-007-3,TBCV2-J-J03-007,Room J03-007
TB2-J-J03-007-4,TBCV2-J-J03-007,Room J03-007
TB2-J-J03-007-5,TBCV2-J-J03-007,Room J03-007
TB2-J-J03-008-1,TBCV2-J-J03-008,Room J03-008
TB2-J-J03-008-2,TBCV2-J-J03-008,Room J03-008
TB2-J-J03-008-3,TBCV2-J-J03-008,Room J03-008
TB2-J-J03-008-4,TBCV2-J-J03-008,Room J03-008
TB2-J-J03-008-5,TBCV2-J-J03-008,Room J03-008
TB2-J-J03-009-1,TBCV2-J-J03-009,Room J03-009
TB2-J-J03-009-2,TBCV2-J-J03-009,Room J03-009
TB2-J-J03-009-3,TBCV2-J-J03-009,Room J03-009
TB2-J-J03-009-4,TBCV2-J-J03-009,Room J03-009
TB2-J-J03-009-5,TBCV2-J-J03-009,Room J03-009
TB2-J-J03-010-1,TBCV2-J-J03-010,Room J03-010
TB2-J-J03-010-2,TBCV2-J-J03-010,Room J03-010
TB2-J-J03-010-3,TBCV2-J-J03-010,Room J03-010
TB2-J-J03-010-4,TBCV2-J-J03-010,Room J03-010
TB2-J-J03-010-5,TBCV2-J-J03-010,Room J03-010
TB2-J-J03-011-1,TBCV2-J-J03-011,Room J03-011
TB2-J-J03-011-2,TBCV2-J-J03-011,Room J03-011
TB2-J-J03-011-3,TBCV2-J-J03-011,Room J03-011
TB2-J-J03-011-4,TBCV2-J-J03-011,Room J03-011
TB2-J-J03-011-5,TBCV2-J-J03-011,Room J03-011
TB2-J-J03-012-1,TBCV2-J-J03-012,Room J03-012
TB2-J-J03-012-2,TBCV2-J-J03-012,Room J03-012
TB2-J-J03-012-3,TBCV2-J-J03-012,Room J03-012
TB2-J-J03-012-4,TBCV2-J-J03-012,Room J03-012
TB2-J-J03-012-5,TBCV2-J-J03-012,Room J03-012
TB2-J-J03-101-1,TBCV2-J-J03-101,Room J03-101
TB2-J-J03-101-2,TBCV2-J-J03-101,Room J03-101
TB2-J-J03-101-3,TBCV2-J-J03-101,Room J03-101
TB2-J-J03-101-4,TBCV2-J-J03-101,Room J03-101
TB2-J-J03-102-1,TBCV2-J-J03-102,Room J03-102
TB2-J-J03-102-2,TBCV2-J-J03-102,Room J03-102
TB2-J-J03-102-3,TBCV2-J-J03-102,Room J03-102
TB2-J-J03-102-4,TBCV2-J-J03-102,Room J03-102
TB2-J-J03-103-1,TBCV2-J-J03-103,Room J03-103
TB2-J-J03-103-2,TBCV2-J-J03-103,Room J03-103
TB2-J-J03-103-3,TBCV2-J-J03-103,Room J03-103
TB2-J-J03-103-4,TBCV2-J-J03-103,Room J03-103
TB2-J-J03-104-1,TBCV2-J-J03-104,Room J03-104
TB2-J-J03-104-2,TBCV2-J-J03-104,Room J03-104
TB2-J-J03-104-3,TBCV2-J-J03-104,Room J03-104
TB2-J-J03-104-4,TBCV2-J-J03-104,Room J03-104
TB2-J-J03-105-1,TBCV2-J-J03-105,Room J03-105
TB2-J-J03-105-2,TBCV2-J-J03-105,Room J03-105
TB2-J-J03-105-3,TBCV2-J-J03-105,Room J03-105
TB2-J-J03-105-4,TBCV2-J-J03-105,Room J03-105
TB2-J-J03-106-1,TBCV2-J-J03-106,Room J03-106
TB2-J-J03-106-2,TBCV2-J-J03-106,Room J03-106
TB2-J-J03-106-3,TBCV2-J-J03-106,Room J03-106
TB2-J-J03-106-4,TBCV2-J-J03-106,Room J03-106
TB2-J-J03-107-1,TBCV2-J-J03-107,Room J03-107
TB2-J-J03-107-2,TBCV2-J-J03-107,Room J03-107
TB2-J-J03-107-3,TBCV2-J-J03-107,Room J03-107
TB2-J-J03-107-4,TBCV2-J-J03-107,Room J03-107
TB2-J-J03-108-1,TBCV2-J-J03-108,Room J03-108
TB2-J-J03-108-2,TBCV2-J-J03-108,Room J03-108
TB2-J-J03-108-3,TBCV2-J-J03-108,Room J03-108
TB2-J-J03-108-4,TBCV2-J-J03-108,Room J03-108
TB2-J-J03-109-1,TBCV2-J-J03-109,Room J03-109
TB2-J-J03-109-2,TBCV2-J-J03-109,Room J03-109
TB2-J-J03-109-3,TBCV2-J-J03-109,Room J03-109
TB2-J-J03-109-4,TBCV2-J-J03-109,Room J03-109
TB2-J-J03-110-1,TBCV2-J-J03-110,Room J03-110
TB2-J-J03-110-2,TBCV2-J-J03-110,Room J03-110
TB2-J-J03-110-3,TBCV2-J-J03-110,Room J03-110
TB2-J-J03-110-4,TBCV2-J-J03-110,Room J03-110
TB2-J-J03-111-1,TBCV2-J-J03-111,Room J03-111
TB2-J-J03-111-2,TBCV2-J-J03-111,Room J03-111
TB2-J-J03-111-3,TBCV2-J-J03-111,Room J03-111
TB2-J-J03-111-4,TBCV2-J-J03-111,Room J03-111
TB2-J-J03-112-1,TBCV2-J-J03-112,Room J03-112
TB2-J-J03-112-2,TBCV2-J-J03-112,Room J03-112
TB2-J-J03-112-3,TBCV2-J-J03-112,Room J03-112
TB2-J-J03-112-4,TBCV2-J-J03-112,Room J03-112
TB2-J-J04-001-1,TBCV2-J-J04-001,Room J04-001
TB2-J-J04-001-2,TBCV2-J-J04-001,Room J04-001
TB2-J-J04-001-3,TBCV2-J-J04-001,Room J04-001
TB2-J-J04-001-4,TBCV2-J-J04-001,Room J04-001
TB2-J-J04-001-5,TBCV2-J-J04-001,Room J04-001
TB2-J-J04-002-1,TBCV2-J-J04-002,Room J04-002
TB2-J-J04-002-2,TBCV2-J-J04-002,Room J04-002
TB2-J-J04-002-3,TBCV2-J-J04-002,Room J04-002
TB2-J-J04-002-4,TBCV2-J-J04-002,Room J04-002
TB2-J-J04-002-5,TBCV2-J-J04-002,Room J04-002
TB2-J-J04-003-1,TBCV2-J-J04-003,Room J04-003
TB2-J-J04-003-2,TBCV2-J-J04-003,Room J04-003
TB2-J-J04-003-3,TBCV2-J-J04-003,Room J04-003
TB2-J-J04-003-4,TBCV2-J-J04-003,Room J04-003
TB2-J-J04-003-5,TBCV2-J-J04-003,Room J04-003
TB2-J-J04-004-1,TBCV2-J-J04-004,Room J04-004
TB2-J-J04-004-2,TBCV2-J-J04-004,Room J04-004
TB2-J-J04-004-3,TBCV2-J-J04-004,Room J04-004
TB2-J-J04-004-4,TBCV2-J-J04-004,Room J04-004
TB2-J-J04-004-5,TBCV2-J-J04-004,Room J04-004
TB2-J-J04-005-1,TBCV2-J-J04-005,Room J04-005
TB2-J-J04-005-2,TBCV2-J-J04-005,Room J04-005
TB2-J-J04-005-3,TBCV2-J-J04-005,Room J04-005
TB2-J-J04-005-4,TBCV2-J-J04-005,Room J04-005
TB2-J-J04-005-5,TBCV2-J-J04-005,Room J04-005
TB2-J-J04-006-1,TBCV2-J-J04-006,Room J04-006
TB2-J-J04-006-2,TBCV2-J-J04-006,Room J04-006
TB2-J-J04-006-3,TBCV2-J-J04-006,Room J04-006
TB2-J-J04-006-4,TBCV2-J-J04-006,Room J04-006
TB2-J-J04-006-5,TBCV2-J-J04-006,Room J04-006
TB2-J-J04-007-1,TBCV2-J-J04-007,Room J04-007
TB2-J-J04-007-2,TBCV2-J-J04-007,Room J04-007
TB2-J-J04-007-3,TBCV2-J-J04-007,Room J04-007
TB2-J-J04-007-4,TBCV2-J-J04-007,Room J04-007
TB2-J-J04-007-5,TBCV2-J-J04-007,Room J04-007
TB2-J-J04-008-1,TBCV2-J-J04-008,Room J04-008
TB2-J-J04-008-2,TBCV2-J-J04-008,Room J04-008
TB2-J-J04-008-3,TBCV2-J-J04-008,Room J04-008
TB2-J-J04-008-4,TBCV2-J-J04-008,Room J04-008
TB2-J-J04-008-5,TBCV2-J-J04-008,Room J04-008
TB2-J-J04-009-1,TBCV2-J-J04-009,Room J04-009
TB2-J-J04-009-2,TBCV2-J-J04-009,Room J04-009
TB2-J-J04-009-3,TBCV2-J-J04-009,Room J04-009
TB2-J-J04-009-4,TBCV2-J-J04-009,Room J04-009
TB2-J-J04-009-5,TBCV2-J-J04-009,Room J04-009
TB2-J-J04-010-1,TBCV2-J-J04-010,Room J04-010
TB2-J-J04-010-2,TBCV2-J-J04-010,Room J04-010
TB2-J-J04-010-3,TBCV2-J-J04-010,Room J04-010
TB2-J-J04-010-4,TBCV2-J-J04-010,Room J04-010
TB2-J-J04-010-5,TBCV2-J-J04-010,Room J04-010
TB2-J-J04-011-1,TBCV2-J-J04-011,Room J04-011
TB2-J-J04-011-2,TBCV2-J-J04-011,Room J04-011
TB2-J-J04-011-3,TBCV2-J-J04-011,Room J04-011
TB2-J-J04-011-4,TBCV2-J-J04-011,Room J04-011
TB2-J-J04-011-5,TBCV2-J-J04-011,Room J04-011
TB2-J-J04-012-1,TBCV2-J-J04-012,Room J04-012
TB2-J-J04-012-2,TBCV2-J-J04-012,Room J04-012
TB2-J-J04-012-3,TBCV2-J-J04-012,Room J04-012
TB2-J-J04-012-4,TBCV2-J-J04-012,Room J04-012
TB2-J-J04-012-5,TBCV2-J-J04-012,Room J04-012
TB2-J-J04-101-1,TBCV2-J-J04-101,Room J04-101
TB2-J-J04-101-2,TBCV2-J-J04-101,Room J04-101
TB2-J-J04-101-3,TBCV2-J-J04-101,Room J04-101
TB2-J-J04-101-4,TBCV2-J-J04-101,Room J04-101
TB2-J-J04-102-1,TBCV2-J-J04-102,Room J04-102
TB2-J-J04-102-2,TBCV2-J-J04-102,Room J04-102
TB2-J-J04-102-3,TBCV2-J-J04-102,Room J04-102
TB2-J-J04-102-4,TBCV2-J-J04-102,Room J04-102
TB2-J-J04-103-1,TBCV2-J-J04-103,Room J04-103
TB2-J-J04-103-2,TBCV2-J-J04-103,Room J04-103
TB2-J-J04-103-3,TBCV2-J-J04-103,Room J04-103
TB2-J-J04-103-4,TBCV2-J-J04-103,Room J04-103
TB2-J-J04-104-1,TBCV2-J-J04-104,Room J04-104
TB2-J-J04-104-2,TBCV2-J-J04-104,Room J04-104
TB2-J-J04-104-3,TBCV2-J-J04-104,Room J04-104
TB2-J-J04-104-4,TBCV2-J-J04-104,Room J04-104
TB2-J-J04-105-1,TBCV2-J-J04-105,Room J04-105
TB2-J-J04-105-2,TBCV2-J-J04-105,Room J04-105
TB2-J-J04-105-3,TBCV2-J-J04-105,Room J04-105
TB2-J-J04-105-4,TBCV2-J-J04-105,Room J04-105
TB2-J-J04-106-1,TBCV2-J-J04-106,Room J04-106
TB2-J-J04-106-2,TBCV2-J-J04-106,Room J04-106
TB2-J-J04-106-3,TBCV2-J-J04-106,Room J04-106
TB2-J-J04-106-4,TBCV2-J-J04-106,Room J04-106
TB2-J-J04-107-1,TBCV2-J-J04-107,Room J04-107
TB2-J-J04-107-2,TBCV2-J-J04-107,Room J04-107
TB2-J-J04-107-3,TBCV2-J-J04-107,Room J04-107
TB2-J-J04-107-4,TBCV2-J-J04-107,Room J04-107
TB2-J-J04-108-1,TBCV2-J-J04-108,Room J04-108
TB2-J-J04-108-2,TBCV2-J-J04-108,Room J04-108
TB2-J-J04-108-3,TBCV2-J-J04-108,Room J04-108
TB2-J-J04-108-4,TBCV2-J-J04-108,Room J04-108
TB2-J-J04-109-1,TBCV2-J-J04-109,Room J04-109
TB2-J-J04-109-2,TBCV2-J-J04-109,Room J04-109
TB2-J-J04-109-3,TBCV2-J-J04-109,Room J04-109
TB2-J-J04-109-4,TBCV2-J-J04-109,Room J04-109
TB2-J-J04-110-1,TBCV2-J-J04-110,Room J04-110
TB2-J-J04-110-2,TBCV2-J-J04-110,Room J04-110
TB2-J-J04-110-3,TBCV2-J-J04-110,Room J04-110
TB2-J-J04-110-4,TBCV2-J-J04-110,Room J04-110
TB2-J-J04-111-1,TBCV2-J-J04-111,Room J04-111
TB2-J-J04-111-2,TBCV2-J-J04-111,Room J04-111
TB2-J-J04-111-3,TBCV2-J-J04-111,Room J04-111
TB2-J-J04-111-4,TBCV2-J-J04-111,Room J04-111
TB2-J-J04-112-1,TBCV2-J-J04-112,Room J04-112
TB2-J-J04-112-2,TBCV2-J-J04-112,Room J04-112
TB2-J-J04-112-3,TBCV2-J-J04-112,Room J04-112
TB2-J-J04-112-4,TBCV2-J-J04-112,Room J04-112
TB2-J-J05-001-1,TBCV2-J-J05-001,Room J05-001
TB2-J-J05-001-2,TBCV2-J-J05-001,Room J05-001
TB2-J-J05-001-3,TBCV2-J-J05-001,Room J05-001
TB2-J-J05-001-4,TBCV2-J-J05-001,Room J05-001
TB2-J-J05-001-5,TBCV2-J-J05-001,Room J05-001
TB2-J-J05-002-1,TBCV2-J-J05-002,Room J05-002
TB2-J-J05-002-2,TBCV2-J-J05-002,Room J05-002
TB2-J-J05-002-3,TBCV2-J-J05-002,Room J05-002
TB2-J-J05-002-4,TBCV2-J-J05-002,Room J05-002
TB2-J-J05-002-5,TBCV2-J-J05-002,Room J05-002
TB2-J-J05-003-1,TBCV2-J-J05-003,Room J05-003
TB2-J-J05-003-2,TBCV2-J-J05-003,Room J05-003
TB2-J-J05-003-3,TBCV2-J-J05-003,Room J05-003
TB2-J-J05-003-4,TBCV2-J-J05-003,Room J05-003
TB2-J-J05-003-5,TBCV2-J-J05-003,Room J05-003
TB2-J-J05-004-1,TBCV2-J-J05-004,Room J05-004
TB2-J-J05-004-2,TBCV2-J-J05-004,Room J05-004
TB2-J-J05-004-3,TBCV2-J-J05-004,Room J05-004
TB2-J-J05-004-4,TBCV2-J-J05-004,Room J05-004
TB2-J-J05-004-5,TBCV2-J-J05-004,Room J05-004
TB2-J-J05-005-1,TBCV2-J-J05-005,Room J05-005
TB2-J-J05-005-2,TBCV2-J-J05-005,Room J05-005
TB2-J-J05-005-3,TBCV2-J-J05-005,Room J05-005
TB2-J-J05-005-4,TBCV2-J-J05-005,Room J05-005
TB2-J-J05-005-5,TBCV2-J-J05-005,Room J05-005
TB2-J-J05-006-1,TBCV2-J-J05-006,Room J05-006
TB2-J-J05-006-2,TBCV2-J-J05-006,Room J05-006
TB2-J-J05-006-3,TBCV2-J-J05-006,Room J05-006
TB2-J-J05-006-4,TBCV2-J-J05-006,Room J05-006
TB2-J-J05-006-5,TBCV2-J-J05-006,Room J05-006
TB2-J-J05-007-1,TBCV2-J-J05-007,Room J05-007
TB2-J-J05-007-2,TBCV2-J-J05-007,Room J05-007
TB2-J-J05-007-3,TBCV2-J-J05-007,Room J05-007
TB2-J-J05-007-4,TBCV2-J-J05-007,Room J05-007
TB2-J-J05-007-5,TBCV2-J-J05-007,Room J05-007
TB2-J-J05-008-1,TBCV2-J-J05-008,Room J05-008
TB2-J-J05-008-2,TBCV2-J-J05-008,Room J05-008
TB2-J-J05-008-3,TBCV2-J-J05-008,Room J05-008
TB2-J-J05-008-4,TBCV2-J-J05-008,Room J05-008
TB2-J-J05-008-5,TBCV2-J-J05-008,Room J05-008
TB2-J-J05-009-1,TBCV2-J-J05-009,Room J05-009
TB2-J-J05-009-2,TBCV2-J-J05-009,Room J05-009
TB2-J-J05-009-3,TBCV2-J-J05-009,Room J05-009
TB2-J-J05-009-4,TBCV2-J-J05-009,Room J05-009
TB2-J-J05-009-5,TBCV2-J-J05-009,Room J05-009
TB2-J-J05-010-1,TBCV2-J-J05-010,Room J05-010
TB2-J-J05-010-2,TBCV2-J-J05-010,Room J05-010
TB2-J-J05-010-3,TBCV2-J-J05-010,Room J05-010
TB2-J-J05-010-4,TBCV2-J-J05-010,Room J05-010
TB2-J-J05-010-5,TBCV2-J-J05-010,Room J05-010
TB2-J-J05-011-1,TBCV2-J-J05-011,Room J05-011
TB2-J-J05-011-2,TBCV2-J-J05-011,Room J05-011
TB2-J-J05-011-3,TBCV2-J-J05-011,Room J05-011
TB2-J-J05-011-4,TBCV2-J-J05-011,Room J05-011
TB2-J-J05-011-5,TBCV2-J-J05-011,Room J05-011
TB2-J-J05-012-1,TBCV2-J-J05-012,Room J05-012
TB2-J-J05-012-2,TBCV2-J-J05-012,Room J05-012
TB2-J-J05-012-3,TBCV2-J-J05-012,Room J05-012
TB2-J-J05-012-4,TBCV2-J-J05-012,Room J05-012
TB2-J-J05-012-5,TBCV2-J-J05-012,Room J05-012
TB2-J-J05-101-1,TBCV2-J-J05-101,Room J05-101
TB2-J-J05-101-2,TBCV2-J-J05-101,Room J05-101
TB2-J-J05-101-3,TBCV2-J-J05-101,Room J05-101
TB2-J-J05-101-4,TBCV2-J-J05-101,Room J05-101
TB2-J-J05-102-1,TBCV2-J-J05-102,Room J05-102
TB2-J-J05-102-2,TBCV2-J-J05-102,Room J05-102
TB2-J-J05-102-3,TBCV2-J-J05-102,Room J05-102
TB2-J-J05-102-4,TBCV2-J-J05-102,Room J05-102
TB2-J-J05-103-1,TBCV2-J-J05-103,Room J05-103
TB2-J-J05-103-2,TBCV2-J-J05-103,Room J05-103
TB2-J-J05-103-3,TBCV2-J-J05-103,Room J05-103
TB2-J-J05-103-4,TBCV2-J-J05-103,Room J05-103
TB2-J-J05-104-1,TBCV2-J-J05-104,Room J05-104
TB2-J-J05-104-2,TBCV2-J-J05-104,Room J05-104
TB2-J-J05-104-3,TBCV2-J-J05-104,Room J05-104
TB2-J-J05-104-4,TBCV2-J-J05-104,Room J05-104
TB2-J-J05-105-1,TBCV2-J-J05-105,Room J05-105
TB2-J-J05-105-2,TBCV2-J-J05-105,Room J05-105
TB2-J-J05-105-3,TBCV2-J-J05-105,Room J05-105
TB2-J-J05-105-4,TBCV2-J-J05-105,Room J05-105
TB2-J-J05-106-1,TBCV2-J-J05-106,Room J05-106
TB2-J-J05-106-2,TBCV2-J-J05-106,Room J05-106
TB2-J-J05-106-3,TBCV2-J-J05-106,Room J05-106
TB2-J-J05-106-4,TBCV2-J-J05-106,Room J05-106
TB2-J-J05-107-1,TBCV2-J-J05-107,Room J05-107
TB2-J-J05-107-2,TBCV2-J-J05-107,Room J05-107
TB2-J-J05-107-3,TBCV2-J-J05-107,Room J05-107
TB2-J-J05-107-4,TBCV2-J-J05-107,Room J05-107
TB2-J-J05-108-1,TBCV2-J-J05-108,Room J05-108
TB2-J-J05-108-2,TBCV2-J-J05-108,Room J05-108
TB2-J-J05-108-3,TBCV2-J-J05-108,Room J05-108
TB2-J-J05-108-4,TBCV2-J-J05-108,Room J05-108
TB2-J-J05-109-1,TBCV2-J-J05-109,Room J05-109
TB2-J-J05-109-2,TBCV2-J-J05-109,Room J05-109
TB2-J-J05-109-3,TBCV2-J-J05-109,Room J05-109
TB2-J-J05-109-4,TBCV2-J-J05-109,Room J05-109
TB2-J-J05-110-1,TBCV2-J-J05-110,Room J05-110
TB2-J-J05-110-2,TBCV2-J-J05-110,Room J05-110
TB2-J-J05-110-3,TBCV2-J-J05-110,Room J05-110
TB2-J-J05-110-4,TBCV2-J-J05-110,Room J05-110
TB2-J-J05-111-1,TBCV2-J-J05-111,Room J05-111
TB2-J-J05-111-2,TBCV2-J-J05-111,Room J05-111
TB2-J-J05-111-3,TBCV2-J-J05-111,Room J05-111
TB2-J-J05-111-4,TBCV2-J-J05-111,Room J05-111
TB2-J-J05-112-1,TBCV2-J-J05-112,Room J05-112
TB2-J-J05-112-2,TBCV2-J-J05-112,Room J05-112
TB2-J-J05-112-3,TBCV2-J-J05-112,Room J05-112
TB2-J-J05-112-4,TBCV2-J-J05-112,Room J05-112
TB2-J-J06-001-1,TBCV2-J-J06-001,Room J06-001
TB2-J-J06-001-2,TBCV2-J-J06-001,Room J06-001
TB2-J-J06-001-3,TBCV2-J-J06-001,Room J06-001
TB2-J-J06-001-4,TBCV2-J-J06-001,Room J06-001
TB2-J-J06-001-5,TBCV2-J-J06-001,Room J06-001
TB2-J-J06-002-1,TBCV2-J-J06-002,Room J06-002
TB2-J-J06-002-2,TBCV2-J-J06-002,Room J06-002
TB2-J-J06-002-3,TBCV2-J-J06-002,Room J06-002
TB2-J-J06-002-4,TBCV2-J-J06-002,Room J06-002
TB2-J-J06-002-5,TBCV2-J-J06-002,Room J06-002
TB2-J-J06-003-1,TBCV2-J-J06-003,Room J06-003
TB2-J-J06-003-2,TBCV2-J-J06-003,Room J06-003
TB2-J-J06-003-3,TBCV2-J-J06-003,Room J06-003
TB2-J-J06-003-4,TBCV2-J-J06-003,Room J06-003
TB2-J-J06-003-5,TBCV2-J-J06-003,Room J06-003
TB2-J-J06-004-1,TBCV2-J-J06-004,Room J06-004
TB2-J-J06-004-2,TBCV2-J-J06-004,Room J06-004
TB2-J-J06-004-3,TBCV2-J-J06-004,Room J06-004
TB2-J-J06-004-4,TBCV2-J-J06-004,Room J06-004
TB2-J-J06-004-5,TBCV2-J-J06-004,Room J06-004
TB2-J-J06-005-1,TBCV2-J-J06-005,Room J06-005
TB2-J-J06-005-2,TBCV2-J-J06-005,Room J06-005
TB2-J-J06-005-3,TBCV2-J-J06-005,Room J06-005
TB2-J-J06-005-4,TBCV2-J-J06-005,Room J06-005
TB2-J-J06-005-5,TBCV2-J-J06-005,Room J06-005
TB2-J-J06-006-1,TBCV2-J-J06-006,Room J06-006
TB2-J-J06-006-2,TBCV2-J-J06-006,Room J06-006
TB2-J-J06-006-3,TBCV2-J-J06-006,Room J06-006
TB2-J-J06-006-4,TBCV2-J-J06-006,Room J06-006
TB2-J-J06-006-5,TBCV2-J-J06-006,Room J06-006
TB2-J-J06-007-1,TBCV2-J-J06-007,Room J06-007
TB2-J-J06-007-2,TBCV2-J-J06-007,Room J06-007
TB2-J-J06-007-3,TBCV2-J-J06-007,Room J06-007
TB2-J-J06-007-4,TBCV2-J-J06-007,Room J06-007
TB2-J-J06-007-5,TBCV2-J-J06-007,Room J06-007
TB2-J-J06-008-1,TBCV2-J-J06-008,Room J06-008
TB2-J-J06-008-2,TBCV2-J-J06-008,Room J06-008
TB2-J-J06-008-3,TBCV2-J-J06-008,Room J06-008
TB2-J-J06-008-4,TBCV2-J-J06-008,Room J06-008
TB2-J-J06-008-5,TBCV2-J-J06-008,Room J06-008
TB2-J-J06-009-1,TBCV2-J-J06-009,Room J06-009
TB2-J-J06-009-2,TBCV2-J-J06-009,Room J06-009
TB2-J-J06-009-3,TBCV2-J-J06-009,Room J06-009
TB2-J-J06-009-4,TBCV2-J-J06-009,Room J06-009
TB2-J-J06-009-5,TBCV2-J-J06-009,Room J06-009
TB2-J-J06-010-1,TBCV2-J-J06-010,Room J06-010
TB2-J-J06-010-2,TBCV2-J-J06-010,Room J06-010
TB2-J-J06-010-3,TBCV2-J-J06-010,Room J06-010
TB2-J-J06-010-4,TBCV2-J-J06-010,Room J06-010
TB2-J-J06-010-5,TBCV2-J-J06-010,Room J06-010
TB2-J-J06-011-1,TBCV2-J-J06-011,Room J06-011
TB2-J-J06-011-2,TBCV2-J-J06-011,Room J06-011
TB2-J-J06-011-3,TBCV2-J-J06-011,Room J06-011
TB2-J-J06-011-4,TBCV2-J-J06-011,Room J06-011
TB2-J-J06-011-5,TBCV2-J-J06-011,Room J06-011
TB2-J-J06-012-1,TBCV2-J-J06-012,Room J06-012
TB2-J-J06-012-2,TBCV2-J-J06-012,Room J06-012
TB2-J-J06-012-3,TBCV2-J-J06-012,Room J06-012
TB2-J-J06-012-4,TBCV2-J-J06-012,Room J06-012
TB2-J-J06-012-5,TBCV2-J-J06-012,Room J06-012
TB2-J-J06-101-1,TBCV2-J-J06-101,Room J06-101
TB2-J-J06-101-2,TBCV2-J-J06-101,Room J06-101
TB2-J-J06-101-3,TBCV2-J-J06-101,Room J06-101
TB2-J-J06-101-4,TBCV2-J-J06-101,Room J06-101
TB2-J-J06-102-1,TBCV2-J-J06-102,Room J06-102
TB2-J-J06-102-2,TBCV2-J-J06-102,Room J06-102
TB2-J-J06-102-3,TBCV2-J-J06-102,Room J06-102
TB2-J-J06-102-4,TBCV2-J-J06-102,Room J06-102
TB2-J-J06-103-1,TBCV2-J-J06-103,Room J06-103
TB2-J-J06-103-2,TBCV2-J-J06-103,Room J06-103
TB2-J-J06-103-3,TBCV2-J-J06-103,Room J06-103
TB2-J-J06-103-4,TBCV2-J-J06-103,Room J06-103
TB2-J-J06-104-1,TBCV2-J-J06-104,Room J06-104
TB2-J-J06-104-2,TBCV2-J-J06-104,Room J06-104
TB2-J-J06-104-3,TBCV2-J-J06-104,Room J06-104
TB2-J-J06-104-4,TBCV2-J-J06-104,Room J06-104
TB2-J-J06-105-1,TBCV2-J-J06-105,Room J06-105
TB2-J-J06-105-2,TBCV2-J-J06-105,Room J06-105
TB2-J-J06-105-3,TBCV2-J-J06-105,Room J06-105
TB2-J-J06-105-4,TBCV2-J-J06-105,Room J06-105
TB2-J-J06-106-1,TBCV2-J-J06-106,Room J06-106
TB2-J-J06-106-2,TBCV2-J-J06-106,Room J06-106
TB2-J-J06-106-3,TBCV2-J-J06-106,Room J06-106
TB2-J-J06-106-4,TBCV2-J-J06-106,Room J06-106
TB2-J-J06-107-1,TBCV2-J-J06-107,Room J06-107
TB2-J-J06-107-2,TBCV2-J-J06-107,Room J06-107
TB2-J-J06-107-3,TBCV2-J-J06-107,Room J06-107
TB2-J-J06-107-4,TBCV2-J-J06-107,Room J06-107
TB2-J-J06-108-1,TBCV2-J-J06-108,Room J06-108
TB2-J-J06-108-2,TBCV2-J-J06-108,Room J06-108
TB2-J-J06-108-3,TBCV2-J-J06-108,Room J06-108
TB2-J-J06-108-4,TBCV2-J-J06-108,Room J06-108
TB2-J-J06-109-1,TBCV2-J-J06-109,Room J06-109
TB2-J-J06-109-2,TBCV2-J-J06-109,Room J06-109
TB2-J-J06-109-3,TBCV2-J-J06-109,Room J06-109
TB2-J-J06-109-4,TBCV2-J-J06-109,Room J06-109
TB2-J-J06-110-1,TBCV2-J-J06-110,Room J06-110
TB2-J-J06-110-2,TBCV2-J-J06-110,Room J06-110
TB2-J-J06-110-3,TBCV2-J-J06-110,Room J06-110
TB2-J-J06-110-4,TBCV2-J-J06-110,Room J06-110
TB2-J-J06-111-1,TBCV2-J-J06-111,Room J06-111
TB2-J-J06-111-2,TBCV2-J-J06-111,Room J06-111
TB2-J-J06-111-3,TBCV2-J-J06-111,Room J06-111
TB2-J-J06-111-4,TBCV2-J-J06-111,Room J06-111
TB2-J-J06-112-1,TBCV2-J-J06-112,Room J06-112
TB2-J-J06-112-2,TBCV2-J-J06-112,Room J06-112
TB2-J-J06-112-3,TBCV2-J-J06-112,Room J06-112
TB2-J-J06-112-4,TBCV2-J-J06-112,Room J06-112
TB2-J-J07-001-1,TBCV2-J-J07-001,Room J07-001
TB2-J-J07-001-2,TBCV2-J-J07-001,Room J07-001
TB2-J-J07-001-3,TBCV2-J-J07-001,Room J07-001
TB2-J-J07-001-4,TBCV2-J-J07-001,Room J07-001
TB2-J-J07-001-5,TBCV2-J-J07-001,Room J07-001
TB2-J-J07-002-1,TBCV2-J-J07-002,Room J07-002
TB2-J-J07-002-2,TBCV2-J-J07-002,Room J07-002
TB2-J-J07-002-3,TBCV2-J-J07-002,Room J07-002
TB2-J-J07-002-4,TBCV2-J-J07-002,Room J07-002
TB2-J-J07-002-5,TBCV2-J-J07-002,Room J07-002
TB2-J-J07-003-1,TBCV2-J-J07-003,Room J07-003
TB2-J-J07-003-2,TBCV2-J-J07-003,Room J07-003
TB2-J-J07-003-3,TBCV2-J-J07-003,Room J07-003
TB2-J-J07-003-4,TBCV2-J-J07-003,Room J07-003
TB2-J-J07-003-5,TBCV2-J-J07-003,Room J07-003
TB2-J-J07-004-1,TBCV2-J-J07-004,Room J07-004
TB2-J-J07-004-2,TBCV2-J-J07-004,Room J07-004
TB2-J-J07-004-3,TBCV2-J-J07-004,Room J07-004
TB2-J-J07-004-4,TBCV2-J-J07-004,Room J07-004
TB2-J-J07-004-5,TBCV2-J-J07-004,Room J07-004
TB2-J-J07-005-1,TBCV2-J-J07-005,Room J07-005
TB2-J-J07-005-2,TBCV2-J-J07-005,Room J07-005
TB2-J-J07-005-3,TBCV2-J-J07-005,Room J07-005
TB2-J-J07-005-4,TBCV2-J-J07-005,Room J07-005
TB2-J-J07-005-5,TBCV2-J-J07-005,Room J07-005
TB2-J-J07-006-1,TBCV2-J-J07-006,Room J07-006
TB2-J-J07-006-2,TBCV2-J-J07-006,Room J07-006
TB2-J-J07-006-3,TBCV2-J-J07-006,Room J07-006
TB2-J-J07-006-4,TBCV2-J-J07-006,Room J07-006
TB2-J-J07-006-5,TBCV2-J-J07-006,Room J07-006
TB2-J-J07-007-1,TBCV2-J-J07-007,Room J07-007
TB2-J-J07-007-2,TBCV2-J-J07-007,Room J07-007
TB2-J-J07-007-3,TBCV2-J-J07-007,Room J07-007
TB2-J-J07-007-4,TBCV2-J-J07-007,Room J07-007
TB2-J-J07-007-5,TBCV2-J-J07-007,Room J07-007
TB2-J-J07-008-1,TBCV2-J-J07-008,Room J07-008
TB2-J-J07-008-2,TBCV2-J-J07-008,Room J07-008
TB2-J-J07-008-3,TBCV2-J-J07-008,Room J07-008
TB2-J-J07-008-4,TBCV2-J-J07-008,Room J07-008
TB2-J-J07-008-5,TBCV2-J-J07-008,Room J07-008
TB2-J-J07-009-1,TBCV2-J-J07-009,Room J07-009
TB2-J-J07-009-2,TBCV2-J-J07-009,Room J07-009
TB2-J-J07-009-3,TBCV2-J-J07-009,Room J07-009
TB2-J-J07-009-4,TBCV2-J-J07-009,Room J07-009
TB2-J-J07-009-5,TBCV2-J-J07-009,Room J07-009
TB2-J-J07-010-1,TBCV2-J-J07-010,Room J07-010
TB2-J-J07-010-2,TBCV2-J-J07-010,Room J07-010
TB2-J-J07-010-3,TBCV2-J-J07-010,Room J07-010
TB2-J-J07-010-4,TBCV2-J-J07-010,Room J07-010
TB2-J-J07-010-5,TBCV2-J-J07-010,Room J07-010
TB2-J-J07-011-1,TBCV2-J-J07-011,Room J07-011
TB2-J-J07-011-2,TBCV2-J-J07-011,Room J07-011
TB2-J-J07-011-3,TBCV2-J-J07-011,Room J07-011
TB2-J-J07-011-4,TBCV2-J-J07-011,Room J07-011
TB2-J-J07-011-5,TBCV2-J-J07-011,Room J07-011
TB2-J-J07-012-1,TBCV2-J-J07-012,Room J07-012
TB2-J-J07-012-2,TBCV2-J-J07-012,Room J07-012
TB2-J-J07-012-3,TBCV2-J-J07-012,Room J07-012
TB2-J-J07-012-4,TBCV2-J-J07-012,Room J07-012
TB2-J-J07-012-5,TBCV2-J-J07-012,Room J07-012
TB2-J-J07-101-1,TBCV2-J-J07-101,Room J07-101
TB2-J-J07-101-2,TBCV2-J-J07-101,Room J07-101
TB2-J-J07-101-3,TBCV2-J-J07-101,Room J07-101
TB2-J-J07-101-4,TBCV2-J-J07-101,Room J07-101
TB2-J-J07-102-1,TBCV2-J-J07-102,Room J07-102
TB2-J-J07-102-2,TBCV2-J-J07-102,Room J07-102
TB2-J-J07-102-3,TBCV2-J-J07-102,Room J07-102
TB2-J-J07-102-4,TBCV2-J-J07-102,Room J07-102
TB2-J-J07-103-1,TBCV2-J-J07-103,Room J07-103
TB2-J-J07-103-2,TBCV2-J-J07-103,Room J07-103
TB2-J-J07-103-3,TBCV2-J-J07-103,Room J07-103
TB2-J-J07-103-4,TBCV2-J-J07-103,Room J07-103
TB2-J-J07-104-1,TBCV2-J-J07-104,Room J07-104
TB2-J-J07-104-2,TBCV2-J-J07-104,Room J07-104
TB2-J-J07-104-3,TBCV2-J-J07-104,Room J07-104
TB2-J-J07-104-4,TBCV2-J-J07-104,Room J07-104
TB2-J-J07-105-1,TBCV2-J-J07-105,Room J07-105
TB2-J-J07-105-2,TBCV2-J-J07-105,Room J07-105
TB2-J-J07-105-3,TBCV2-J-J07-105,Room J07-105
TB2-J-J07-105-4,TBCV2-J-J07-105,Room J07-105
TB2-J-J07-106-1,TBCV2-J-J07-106,Room J07-106
TB2-J-J07-106-2,TBCV2-J-J07-106,Room J07-106
TB2-J-J07-106-3,TBCV2-J-J07-106,Room J07-106
TB2-J-J07-106-4,TBCV2-J-J07-106,Room J07-106
TB2-J-J07-107-1,TBCV2-J-J07-107,Room J07-107
TB2-J-J07-107-2,TBCV2-J-J07-107,Room J07-107
TB2-J-J07-107-3,TBCV2-J-J07-107,Room J07-107
TB2-J-J07-107-4,TBCV2-J-J07-107,Room J07-107
TB2-J-J07-108-1,TBCV2-J-J07-108,Room J07-108
TB2-J-J07-108-2,TBCV2-J-J07-108,Room J07-108
TB2-J-J07-108-3,TBCV2-J-J07-108,Room J07-108
TB2-J-J07-108-4,TBCV2-J-J07-108,Room J07-108
TB2-J-J07-109-1,TBCV2-J-J07-109,Room J07-109
TB2-J-J07-109-2,TBCV2-J-J07-109,Room J07-109
TB2-J-J07-109-3,TBCV2-J-J07-109,Room J07-109
TB2-J-J07-109-4,TBCV2-J-J07-109,Room J07-109
TB2-J-J07-110-1,TBCV2-J-J07-110,Room J07-110
TB2-J-J07-110-2,TBCV2-J-J07-110,Room J07-110
TB2-J-J07-110-3,TBCV2-J-J07-110,Room J07-110
TB2-J-J07-110-4,TBCV2-J-J07-110,Room J07-110
TB2-J-J07-111-1,TBCV2-J-J07-111,Room J07-111
TB2-J-J07-111-2,TBCV2-J-J07-111,Room J07-111
TB2-J-J07-111-3,TBCV2-J-J07-111,Room J07-111
TB2-J-J07-111-4,TBCV2-J-J07-111,Room J07-111
TB2-J-J07-112-1,TBCV2-J-J07-112,Room J07-112
TB2-J-J07-112-2,TBCV2-J-J07-112,Room J07-112
TB2-J-J07-112-3,TBCV2-J-J07-112,Room J07-112
TB2-J-J07-112-4,TBCV2-J-J07-112,Room J07-112
TB2-J-J08-001-1,TBCV2-J-J08-001,Room J08-001
TB2-J-J08-001-2,TBCV2-J-J08-001,Room J08-001
TB2-J-J08-001-3,TBCV2-J-J08-001,Room J08-001
TB2-J-J08-001-4,TBCV2-J-J08-001,Room J08-001
TB2-J-J08-001-5,TBCV2-J-J08-001,Room J08-001
TB2-J-J08-002-1,TBCV2-J-J08-002,Room J08-002
TB2-J-J08-002-2,TBCV2-J-J08-002,Room J08-002
TB2-J-J08-002-3,TBCV2-J-J08-002,Room J08-002
TB2-J-J08-002-4,TBCV2-J-J08-002,Room J08-002
TB2-J-J08-002-5,TBCV2-J-J08-002,Room J08-002
TB2-J-J08-003-1,TBCV2-J-J08-003,Room J08-003
TB2-J-J08-003-2,TBCV2-J-J08-003,Room J08-003
TB2-J-J08-003-3,TBCV2-J-J08-003,Room J08-003
TB2-J-J08-003-4,TBCV2-J-J08-003,Room J08-003
TB2-J-J08-003-5,TBCV2-J-J08-003,Room J08-003
TB2-J-J08-004-1,TBCV2-J-J08-004,Room J08-004
TB2-J-J08-004-2,TBCV2-J-J08-004,Room J08-004
TB2-J-J08-004-3,TBCV2-J-J08-004,Room J08-004
TB2-J-J08-004-4,TBCV2-J-J08-004,Room J08-004
TB2-J-J08-004-5,TBCV2-J-J08-004,Room J08-004
TB2-J-J08-005-1,TBCV2-J-J08-005,Room J08-005
TB2-J-J08-005-2,TBCV2-J-J08-005,Room J08-005
TB2-J-J08-005-3,TBCV2-J-J08-005,Room J08-005
TB2-J-J08-005-4,TBCV2-J-J08-005,Room J08-005
TB2-J-J08-005-5,TBCV2-J-J08-005,Room J08-005
TB2-J-J08-006-1,TBCV2-J-J08-006,Room J08-006
TB2-J-J08-006-2,TBCV2-J-J08-006,Room J08-006
TB2-J-J08-006-3,TBCV2-J-J08-006,Room J08-006
TB2-J-J08-006-4,TBCV2-J-J08-006,Room J08-006
TB2-J-J08-006-5,TBCV2-J-J08-006,Room J08-006
TB2-J-J08-007-1,TBCV2-J-J08-007,Room J08-007
TB2-J-J08-007-2,TBCV2-J-J08-007,Room J08-007
TB2-J-J08-007-3,TBCV2-J-J08-007,Room J08-007
TB2-J-J08-007-4,TBCV2-J-J08-007,Room J08-007
TB2-J-J08-007-5,TBCV2-J-J08-007,Room J08-007
TB2-J-J08-008-1,TBCV2-J-J08-008,Room J08-008
TB2-J-J08-008-2,TBCV2-J-J08-008,Room J08-008
TB2-J-J08-008-3,TBCV2-J-J08-008,Room J08-008
TB2-J-J08-008-4,TBCV2-J-J08-008,Room J08-008
TB2-J-J08-008-5,TBCV2-J-J08-008,Room J08-008
TB2-J-J08-009-1,TBCV2-J-J08-009,Room J08-009
TB2-J-J08-009-2,TBCV2-J-J08-009,Room J08-009
TB2-J-J08-009-3,TBCV2-J-J08-009,Room J08-009
TB2-J-J08-009-4,TBCV2-J-J08-009,Room J08-009
TB2-J-J08-009-5,TBCV2-J-J08-009,Room J08-009
TB2-J-J08-010-1,TBCV2-J-J08-010,Room J08-010
TB2-J-J08-010-2,TBCV2-J-J08-010,Room J08-010
TB2-J-J08-010-3,TBCV2-J-J08-010,Room J08-010
TB2-J-J08-010-4,TBCV2-J-J08-010,Room J08-010
TB2-J-J08-010-5,TBCV2-J-J08-010,Room J08-010
TB2-J-J08-011-1,TBCV2-J-J08-011,Room J08-011
TB2-J-J08-011-2,TBCV2-J-J08-011,Room J08-011
TB2-J-J08-011-3,TBCV2-J-J08-011,Room J08-011
TB2-J-J08-011-4,TBCV2-J-J08-011,Room J08-011
TB2-J-J08-011-5,TBCV2-J-J08-011,Room J08-011
TB2-J-J08-012-1,TBCV2-J-J08-012,Room J08-012
TB2-J-J08-012-2,TBCV2-J-J08-012,Room J08-012
TB2-J-J08-012-3,TBCV2-J-J08-012,Room J08-012
TB2-J-J08-012-4,TBCV2-J-J08-012,Room J08-012
TB2-J-J08-012-5,TBCV2-J-J08-012,Room J08-012
TB2-J-J08-101-1,TBCV2-J-J08-101,Room J08-101
TB2-J-J08-101-2,TBCV2-J-J08-101,Room J08-101
TB2-J-J08-101-3,TBCV2-J-J08-101,Room J08-101
TB2-J-J08-101-4,TBCV2-J-J08-101,Room J08-101
TB2-J-J08-102-1,TBCV2-J-J08-102,Room J08-102
TB2-J-J08-102-2,TBCV2-J-J08-102,Room J08-102
TB2-J-J08-102-3,TBCV2-J-J08-102,Room J08-102
TB2-J-J08-102-4,TBCV2-J-J08-102,Room J08-102
TB2-J-J08-103-1,TBCV2-J-J08-103,Room J08-103
TB2-J-J08-103-2,TBCV2-J-J08-103,Room J08-103
TB2-J-J08-103-3,TBCV2-J-J08-103,Room J08-103
TB2-J-J08-103-4,TBCV2-J-J08-103,Room J08-103
TB2-J-J08-104-1,TBCV2-J-J08-104,Room J08-104
TB2-J-J08-104-2,TBCV2-J-J08-104,Room J08-104
TB2-J-J08-104-3,TBCV2-J-J08-104,Room J08-104
TB2-J-J08-104-4,TBCV2-J-J08-104,Room J08-104
TB2-J-J08-105-1,TBCV2-J-J08-105,Room J08-105
TB2-J-J08-105-2,TBCV2-J-J08-105,Room J08-105
TB2-J-J08-105-3,TBCV2-J-J08-105,Room J08-105
TB2-J-J08-105-4,TBCV2-J-J08-105,Room J08-105
TB2-J-J08-106-1,TBCV2-J-J08-106,Room J08-106
TB2-J-J08-106-2,TBCV2-J-J08-106,Room J08-106
TB2-J-J08-106-3,TBCV2-J-J08-106,Room J08-106
TB2-J-J08-106-4,TBCV2-J-J08-106,Room J08-106
TB2-J-J08-107-1,TBCV2-J-J08-107,Room J08-107
TB2-J-J08-107-2,TBCV2-J-J08-107,Room J08-107
TB2-J-J08-107-3,TBCV2-J-J08-107,Room J08-107
TB2-J-J08-107-4,TBCV2-J-J08-107,Room J08-107
TB2-J-J08-108-1,TBCV2-J-J08-108,Room J08-108
TB2-J-J08-108-2,TBCV2-J-J08-108,Room J08-108
TB2-J-J08-108-3,TBCV2-J-J08-108,Room J08-108
TB2-J-J08-108-4,TBCV2-J-J08-108,Room J08-108
TB2-J-J08-109-1,TBCV2-J-J08-109,Room J08-109
TB2-J-J08-109-2,TBCV2-J-J08-109,Room J08-109
TB2-J-J08-109-3,TBCV2-J-J08-109,Room J08-109
TB2-J-J08-109-4,TBCV2-J-J08-109,Room J08-109
TB2-J-J08-110-1,TBCV2-J-J08-110,Room J08-110
TB2-J-J08-110-2,TBCV2-J-J08-110,Room J08-110
TB2-J-J08-110-3,TBCV2-J-J08-110,Room J08-110
TB2-J-J08-110-4,TBCV2-J-J08-110,Room J08-110
TB2-J-J08-111-1,TBCV2-J-J08-111,Room J08-111
TB2-J-J08-111-2,TBCV2-J-J08-111,Room J08-111
TB2-J-J08-111-3,TBCV2-J-J08-111,Room J08-111
TB2-J-J08-111-4,TBCV2-J-J08-111,Room J08-111
TB2-J-J08-112-1,TBCV2-J-J08-112,Room J08-112
TB2-J-J08-112-2,TBCV2-J-J08-112,Room J08-112
TB2-J-J08-112-3,TBCV2-J-J08-112,Room J08-112
TB2-J-J08-112-4,TBCV2-J-J08-112,Room J08-112
TB2-J-J09-001-1,TBCV2-J-J09-001,Room J09-001
TB2-J-J09-001-2,TBCV2-J-J09-001,Room J09-001
TB2-J-J09-001-3,TBCV2-J-J09-001,Room J09-001
TB2-J-J09-001-4,TBCV2-J-J09-001,Room J09-001
TB2-J-J09-001-5,TBCV2-J-J09-001,Room J09-001
TB2-J-J09-002-1,TBCV2-J-J09-002,Room J09-002
TB2-J-J09-002-2,TBCV2-J-J09-002,Room J09-002
TB2-J-J09-002-3,TBCV2-J-J09-002,Room J09-002
TB2-J-J09-002-4,TBCV2-J-J09-002,Room J09-002
TB2-J-J09-002-5,TBCV2-J-J09-002,Room J09-002
TB2-J-J09-003-1,TBCV2-J-J09-003,Room J09-003
TB2-J-J09-003-2,TBCV2-J-J09-003,Room J09-003
TB2-J-J09-003-3,TBCV2-J-J09-003,Room J09-003
TB2-J-J09-003-4,TBCV2-J-J09-003,Room J09-003
TB2-J-J09-003-5,TBCV2-J-J09-003,Room J09-003
TB2-J-J09-004-1,TBCV2-J-J09-004,Room J09-004
TB2-J-J09-004-2,TBCV2-J-J09-004,Room J09-004
TB2-J-J09-004-3,TBCV2-J-J09-004,Room J09-004
TB2-J-J09-004-4,TBCV2-J-J09-004,Room J09-004
TB2-J-J09-004-5,TBCV2-J-J09-004,Room J09-004
TB2-J-J09-005-1,TBCV2-J-J09-005,Room J09-005
TB2-J-J09-005-2,TBCV2-J-J09-005,Room J09-005
TB2-J-J09-005-3,TBCV2-J-J09-005,Room J09-005
TB2-J-J09-005-4,TBCV2-J-J09-005,Room J09-005
TB2-J-J09-005-5,TBCV2-J-J09-005,Room J09-005
TB2-J-J09-006-1,TBCV2-J-J09-006,Room J09-006
TB2-J-J09-006-2,TBCV2-J-J09-006,Room J09-006
TB2-J-J09-006-3,TBCV2-J-J09-006,Room J09-006
TB2-J-J09-006-4,TBCV2-J-J09-006,Room J09-006
TB2-J-J09-006-5,TBCV2-J-J09-006,Room J09-006
TB2-J-J09-007-1,TBCV2-J-J09-007,Room J09-007
TB2-J-J09-007-2,TBCV2-J-J09-007,Room J09-007
TB2-J-J09-007-3,TBCV2-J-J09-007,Room J09-007
TB2-J-J09-007-4,TBCV2-J-J09-007,Room J09-007
TB2-J-J09-007-5,TBCV2-J-J09-007,Room J09-007
TB2-J-J09-008-1,TBCV2-J-J09-008,Room J09-008
TB2-J-J09-008-2,TBCV2-J-J09-008,Room J09-008
TB2-J-J09-008-3,TBCV2-J-J09-008,Room J09-008
TB2-J-J09-008-4,TBCV2-J-J09-008,Room J09-008
TB2-J-J09-008-5,TBCV2-J-J09-008,Room J09-008
TB2-J-J09-009-1,TBCV2-J-J09-009,Room J09-009
TB2-J-J09-009-2,TBCV2-J-J09-009,Room J09-009
TB2-J-J09-009-3,TBCV2-J-J09-009,Room J09-009
TB2-J-J09-009-4,TBCV2-J-J09-009,Room J09-009
TB2-J-J09-009-5,TBCV2-J-J09-009,Room J09-009
TB2-J-J09-010-1,TBCV2-J-J09-010,Room J09-010
TB2-J-J09-010-2,TBCV2-J-J09-010,Room J09-010
TB2-J-J09-010-3,TBCV2-J-J09-010,Room J09-010
TB2-J-J09-010-4,TBCV2-J-J09-010,Room J09-010
TB2-J-J09-010-5,TBCV2-J-J09-010,Room J09-010
TB2-J-J09-011-1,TBCV2-J-J09-011,Room J09-011
TB2-J-J09-011-2,TBCV2-J-J09-011,Room J09-011
TB2-J-J09-011-3,TBCV2-J-J09-011,Room J09-011
TB2-J-J09-011-4,TBCV2-J-J09-011,Room J09-011
TB2-J-J09-011-5,TBCV2-J-J09-011,Room J09-011
TB2-J-J09-012-1,TBCV2-J-J09-012,Room J09-012
TB2-J-J09-012-2,TBCV2-J-J09-012,Room J09-012
TB2-J-J09-012-3,TBCV2-J-J09-012,Room J09-012
TB2-J-J09-012-4,TBCV2-J-J09-012,Room J09-012
TB2-J-J09-012-5,TBCV2-J-J09-012,Room J09-012
TB2-J-J09-101-1,TBCV2-J-J09-101,Room J09-101
TB2-J-J09-101-2,TBCV2-J-J09-101,Room J09-101
TB2-J-J09-101-3,TBCV2-J-J09-101,Room J09-101
TB2-J-J09-101-4,TBCV2-J-J09-101,Room J09-101
TB2-J-J09-102-1,TBCV2-J-J09-102,Room J09-102
TB2-J-J09-102-2,TBCV2-J-J09-102,Room J09-102
TB2-J-J09-102-3,TBCV2-J-J09-102,Room J09-102
TB2-J-J09-102-4,TBCV2-J-J09-102,Room J09-102
TB2-J-J09-103-1,TBCV2-J-J09-103,Room J09-103
TB2-J-J09-103-2,TBCV2-J-J09-103,Room J09-103
TB2-J-J09-103-3,TBCV2-J-J09-103,Room J09-103
TB2-J-J09-103-4,TBCV2-J-J09-103,Room J09-103
TB2-J-J09-104-1,TBCV2-J-J09-104,Room J09-104
TB2-J-J09-104-2,TBCV2-J-J09-104,Room J09-104
TB2-J-J09-104-3,TBCV2-J-J09-104,Room J09-104
TB2-J-J09-104-4,TBCV2-J-J09-104,Room J09-104
TB2-J-J09-105-1,TBCV2-J-J09-105,Room J09-105
TB2-J-J09-105-2,TBCV2-J-J09-105,Room J09-105
TB2-J-J09-105-3,TBCV2-J-J09-105,Room J09-105
TB2-J-J09-105-4,TBCV2-J-J09-105,Room J09-105
TB2-J-J09-106-1,TBCV2-J-J09-106,Room J09-106
TB2-J-J09-106-2,TBCV2-J-J09-106,Room J09-106
TB2-J-J09-106-3,TBCV2-J-J09-106,Room J09-106
TB2-J-J09-106-4,TBCV2-J-J09-106,Room J09-106
TB2-J-J09-107-1,TBCV2-J-J09-107,Room J09-107
TB2-J-J09-107-2,TBCV2-J-J09-107,Room J09-107
TB2-J-J09-107-3,TBCV2-J-J09-107,Room J09-107
TB2-J-J09-107-4,TBCV2-J-J09-107,Room J09-107
TB2-J-J09-108-1,TBCV2-J-J09-108,Room J09-108
TB2-J-J09-108-2,TBCV2-J-J09-108,Room J09-108
TB2-J-J09-108-3,TBCV2-J-J09-108,Room J09-108
TB2-J-J09-108-4,TBCV2-J-J09-108,Room J09-108
TB2-J-J09-109-1,TBCV2-J-J09-109,Room J09-109
TB2-J-J09-109-2,TBCV2-J-J09-109,Room J09-109
TB2-J-J09-109-3,TBCV2-J-J09-109,Room J09-109
TB2-J-J09-109-4,TBCV2-J-J09-109,Room J09-109
TB2-J-J09-110-1,TBCV2-J-J09-110,Room J09-110
TB2-J-J09-110-2,TBCV2-J-J09-110,Room J09-110
TB2-J-J09-110-3,TBCV2-J-J09-110,Room J09-110
TB2-J-J09-110-4,TBCV2-J-J09-110,Room J09-110
TB2-J-J09-111-1,TBCV2-J-J09-111,Room J09-111
TB2-J-J09-111-2,TBCV2-J-J09-111,Room J09-111
TB2-J-J09-111-3,TBCV2-J-J09-111,Room J09-111
TB2-J-J09-111-4,TBCV2-J-J09-111,Room J09-111
TB2-J-J09-112-1,TBCV2-J-J09-112,Room J09-112
TB2-J-J09-112-2,TBCV2-J-J09-112,Room J09-112
TB2-J-J09-112-3,TBCV2-J-J09-112,Room J09-112
TB2-J-J09-112-4,TBCV2-J-J09-112,Room J09-112
TB2-J-J10-001-1,TBCV2-J-J10-001,Room J10-001
TB2-J-J10-001-2,TBCV2-J-J10-001,Room J10-001
TB2-J-J10-001-3,TBCV2-J-J10-001,Room J10-001
TB2-J-J10-001-4,TBCV2-J-J10-001,Room J10-001
TB2-J-J10-001-5,TBCV2-J-J10-001,Room J10-001
TB2-J-J10-002-1,TBCV2-J-J10-002,Room J10-002
TB2-J-J10-002-2,TBCV2-J-J10-002,Room J10-002
TB2-J-J10-002-3,TBCV2-J-J10-002,Room J10-002
TB2-J-J10-002-4,TBCV2-J-J10-002,Room J10-002
TB2-J-J10-002-5,TBCV2-J-J10-002,Room J10-002
TB2-J-J10-003-1,TBCV2-J-J10-003,Room J10-003
TB2-J-J10-003-2,TBCV2-J-J10-003,Room J10-003
TB2-J-J10-003-3,TBCV2-J-J10-003,Room J10-003
TB2-J-J10-003-4,TBCV2-J-J10-003,Room J10-003
TB2-J-J10-003-5,TBCV2-J-J10-003,Room J10-003
TB2-J-J10-004-1,TBCV2-J-J10-004,Room J10-004
TB2-J-J10-004-2,TBCV2-J-J10-004,Room J10-004
TB2-J-J10-004-3,TBCV2-J-J10-004,Room J10-004
TB2-J-J10-004-4,TBCV2-J-J10-004,Room J10-004
TB2-J-J10-004-5,TBCV2-J-J10-004,Room J10-004
TB2-J-J10-005-1,TBCV2-J-J10-005,Room J10-005
TB2-J-J10-005-2,TBCV2-J-J10-005,Room J10-005
TB2-J-J10-005-3,TBCV2-J-J10-005,Room J10-005
TB2-J-J10-005-4,TBCV2-J-J10-005,Room J10-005
TB2-J-J10-005-5,TBCV2-J-J10-005,Room J10-005
TB2-J-J10-006-1,TBCV2-J-J10-006,Room J10-006
TB2-J-J10-006-2,TBCV2-J-J10-006,Room J10-006
TB2-J-J10-006-3,TBCV2-J-J10-006,Room J10-006
TB2-J-J10-006-4,TBCV2-J-J10-006,Room J10-006
TB2-J-J10-006-5,TBCV2-J-J10-006,Room J10-006
TB2-J-J10-007-1,TBCV2-J-J10-007,Room J10-007
TB2-J-J10-007-2,TBCV2-J-J10-007,Room J10-007
TB2-J-J10-007-3,TBCV2-J-J10-007,Room J10-007
TB2-J-J10-007-4,TBCV2-J-J10-007,Room J10-007
TB2-J-J10-007-5,TBCV2-J-J10-007,Room J10-007
TB2-J-J10-008-1,TBCV2-J-J10-008,Room J10-008
TB2-J-J10-008-2,TBCV2-J-J10-008,Room J10-008
TB2-J-J10-008-3,TBCV2-J-J10-008,Room J10-008
TB2-J-J10-008-4,TBCV2-J-J10-008,Room J10-008
TB2-J-J10-008-5,TBCV2-J-J10-008,Room J10-008
TB2-J-J10-009-1,TBCV2-J-J10-009,Room J10-009
TB2-J-J10-009-2,TBCV2-J-J10-009,Room J10-009
TB2-J-J10-009-3,TBCV2-J-J10-009,Room J10-009
TB2-J-J10-009-4,TBCV2-J-J10-009,Room J10-009
TB2-J-J10-009-5,TBCV2-J-J10-009,Room J10-009
TB2-J-J10-010-1,TBCV2-J-J10-010,Room J10-010
TB2-J-J10-010-2,TBCV2-J-J10-010,Room J10-010
TB2-J-J10-010-3,TBCV2-J-J10-010,Room J10-010
TB2-J-J10-010-4,TBCV2-J-J10-010,Room J10-010
TB2-J-J10-010-5,TBCV2-J-J10-010,Room J10-010
TB2-J-J10-011-1,TBCV2-J-J10-011,Room J10-011
TB2-J-J10-011-2,TBCV2-J-J10-011,Room J10-011
TB2-J-J10-011-3,TBCV2-J-J10-011,Room J10-011
TB2-J-J10-011-4,TBCV2-J-J10-011,Room J10-011
TB2-J-J10-011-5,TBCV2-J-J10-011,Room J10-011
TB2-J-J10-012-1,TBCV2-J-J10-012,Room J10-012
TB2-J-J10-012-2,TBCV2-J-J10-012,Room J10-012
TB2-J-J10-012-3,TBCV2-J-J10-012,Room J10-012
TB2-J-J10-012-4,TBCV2-J-J10-012,Room J10-012
TB2-J-J10-012-5,TBCV2-J-J10-012,Room J10-012
TB2-J-J10-101-1,TBCV2-J-J10-101,Room J10-101
TB2-J-J10-101-2,TBCV2-J-J10-101,Room J10-101
TB2-J-J10-101-3,TBCV2-J-J10-101,Room J10-101
TB2-J-J10-101-4,TBCV2-J-J10-101,Room J10-101
TB2-J-J10-102-1,TBCV2-J-J10-102,Room J10-102
TB2-J-J10-102-2,TBCV2-J-J10-102,Room J10-102
TB2-J-J10-102-3,TBCV2-J-J10-102,Room J10-102
TB2-J-J10-102-4,TBCV2-J-J10-102,Room J10-102
TB2-J-J10-103-1,TBCV2-J-J10-103,Room J10-103
TB2-J-J10-103-2,TBCV2-J-J10-103,Room J10-103
TB2-J-J10-103-3,TBCV2-J-J10-103,Room J10-103
TB2-J-J10-103-4,TBCV2-J-J10-103,Room J10-103
TB2-J-J10-104-1,TBCV2-J-J10-104,Room J10-104
TB2-J-J10-104-2,TBCV2-J-J10-104,Room J10-104
TB2-J-J10-104-3,TBCV2-J-J10-104,Room J10-104
TB2-J-J10-104-4,TBCV2-J-J10-104,Room J10-104
TB2-J-J10-105-1,TBCV2-J-J10-105,Room J10-105
TB2-J-J10-105-2,TBCV2-J-J10-105,Room J10-105
TB2-J-J10-105-3,TBCV2-J-J10-105,Room J10-105
TB2-J-J10-105-4,TBCV2-J-J10-105,Room J10-105
TB2-J-J10-106-1,TBCV2-J-J10-106,Room J10-106
TB2-J-J10-106-2,TBCV2-J-J10-106,Room J10-106
TB2-J-J10-106-3,TBCV2-J-J10-106,Room J10-106
TB2-J-J10-106-4,TBCV2-J-J10-106,Room J10-106
TB2-J-J10-107-1,TBCV2-J-J10-107,Room J10-107
TB2-J-J10-107-2,TBCV2-J-J10-107,Room J10-107
TB2-J-J10-107-3,TBCV2-J-J10-107,Room J10-107
TB2-J-J10-107-4,TBCV2-J-J10-107,Room J10-107
TB2-J-J10-108-1,TBCV2-J-J10-108,Room J10-108
TB2-J-J10-108-2,TBCV2-J-J10-108,Room J10-108
TB2-J-J10-108-3,TBCV2-J-J10-108,Room J10-108
TB2-J-J10-108-4,TBCV2-J-J10-108,Room J10-108
TB2-J-J10-109-1,TBCV2-J-J10-109,Room J10-109
TB2-J-J10-109-2,TBCV2-J-J10-109,Room J10-109
TB2-J-J10-109-3,TBCV2-J-J10-109,Room J10-109
TB2-J-J10-109-4,TBCV2-J-J10-109,Room J10-109
TB2-J-J10-110-1,TBCV2-J-J10-110,Room J10-110
TB2-J-J10-110-2,TBCV2-J-J10-110,Room J10-110
TB2-J-J10-110-3,TBCV2-J-J10-110,Room J10-110
TB2-J-J10-110-4,TBCV2-J-J10-110,Room J10-110
TB2-J-J10-111-1,TBCV2-J-J10-111,Room J10-111
TB2-J-J10-111-2,TBCV2-J-J10-111,Room J10-111
TB2-J-J10-111-3,TBCV2-J-J10-111,Room J10-111
TB2-J-J10-111-4,TBCV2-J-J10-111,Room J10-111
TB2-J-J10-112-1,TBCV2-J-J10-112,Room J10-112
TB2-J-J10-112-2,TBCV2-J-J10-112,Room J10-112
TB2-J-J10-112-3,TBCV2-J-J10-112,Room J10-112
TB2-J-J10-112-4,TBCV2-J-J10-112,Room J10-112
TB2-J-J11-001-1,TBCV2-J-J11-001,Room J11-001
TB2-J-J11-001-2,TBCV2-J-J11-001,Room J11-001
TB2-J-J11-001-3,TBCV2-J-J11-001,Room J11-001
TB2-J-J11-001-4,TBCV2-J-J11-001,Room J11-001
TB2-J-J11-001-5,TBCV2-J-J11-001,Room J11-001
TB2-J-J11-002-1,TBCV2-J-J11-002,Room J11-002
TB2-J-J11-002-2,TBCV2-J-J11-002,Room J11-002
TB2-J-J11-002-3,TBCV2-J-J11-002,Room J11-002
TB2-J-J11-002-4,TBCV2-J-J11-002,Room J11-002
TB2-J-J11-002-5,TBCV2-J-J11-002,Room J11-002
TB2-J-J11-003-1,TBCV2-J-J11-003,Room J11-003
TB2-J-J11-003-2,TBCV2-J-J11-003,Room J11-003
TB2-J-J11-003-3,TBCV2-J-J11-003,Room J11-003
TB2-J-J11-003-4,TBCV2-J-J11-003,Room J11-003
TB2-J-J11-003-5,TBCV2-J-J11-003,Room J11-003
TB2-J-J11-004-1,TBCV2-J-J11-004,Room J11-004
TB2-J-J11-004-2,TBCV2-J-J11-004,Room J11-004
TB2-J-J11-004-3,TBCV2-J-J11-004,Room J11-004
TB2-J-J11-004-4,TBCV2-J-J11-004,Room J11-004
TB2-J-J11-004-5,TBCV2-J-J11-004,Room J11-004
TB2-J-J11-005-1,TBCV2-J-J11-005,Room J11-005
TB2-J-J11-005-2,TBCV2-J-J11-005,Room J11-005
TB2-J-J11-005-3,TBCV2-J-J11-005,Room J11-005
TB2-J-J11-005-4,TBCV2-J-J11-005,Room J11-005
TB2-J-J11-005-5,TBCV2-J-J11-005,Room J11-005
TB2-J-J11-006-1,TBCV2-J-J11-006,Room J11-006
TB2-J-J11-006-2,TBCV2-J-J11-006,Room J11-006
TB2-J-J11-006-3,TBCV2-J-J11-006,Room J11-006
TB2-J-J11-006-4,TBCV2-J-J11-006,Room J11-006
TB2-J-J11-006-5,TBCV2-J-J11-006,Room J11-006
TB2-J-J11-007-1,TBCV2-J-J11-007,Room J11-007
TB2-J-J11-007-2,TBCV2-J-J11-007,Room J11-007
TB2-J-J11-007-3,TBCV2-J-J11-007,Room J11-007
TB2-J-J11-007-4,TBCV2-J-J11-007,Room J11-007
TB2-J-J11-007-5,TBCV2-J-J11-007,Room J11-007
TB2-J-J11-008-1,TBCV2-J-J11-008,Room J11-008
TB2-J-J11-008-2,TBCV2-J-J11-008,Room J11-008
TB2-J-J11-008-3,TBCV2-J-J11-008,Room J11-008
TB2-J-J11-008-4,TBCV2-J-J11-008,Room J11-008
TB2-J-J11-008-5,TBCV2-J-J11-008,Room J11-008
TB2-J-J11-009-1,TBCV2-J-J11-009,Room J11-009
TB2-J-J11-009-2,TBCV2-J-J11-009,Room J11-009
TB2-J-J11-009-3,TBCV2-J-J11-009,Room J11-009
TB2-J-J11-009-4,TBCV2-J-J11-009,Room J11-009
TB2-J-J11-009-5,TBCV2-J-J11-009,Room J11-009
TB2-J-J11-010-1,TBCV2-J-J11-010,Room J11-010
TB2-J-J11-010-2,TBCV2-J-J11-010,Room J11-010
TB2-J-J11-010-3,TBCV2-J-J11-010,Room J11-010
TB2-J-J11-010-4,TBCV2-J-J11-010,Room J11-010
TB2-J-J11-010-5,TBCV2-J-J11-010,Room J11-010
TB2-J-J11-011-1,TBCV2-J-J11-011,Room J11-011
TB2-J-J11-011-2,TBCV2-J-J11-011,Room J11-011
TB2-J-J11-011-3,TBCV2-J-J11-011,Room J11-011
TB2-J-J11-011-4,TBCV2-J-J11-011,Room J11-011
TB2-J-J11-011-5,TBCV2-J-J11-011,Room J11-011
TB2-J-J11-012-1,TBCV2-J-J11-012,Room J11-012
TB2-J-J11-012-2,TBCV2-J-J11-012,Room J11-012
TB2-J-J11-012-3,TBCV2-J-J11-012,Room J11-012
TB2-J-J11-012-4,TBCV2-J-J11-012,Room J11-012
TB2-J-J11-012-5,TBCV2-J-J11-012,Room J11-012
TB2-J-J11-101-1,TBCV2-J-J11-101,Room J11-101
TB2-J-J11-101-2,TBCV2-J-J11-101,Room J11-101
TB2-J-J11-101-3,TBCV2-J-J11-101,Room J11-101
TB2-J-J11-101-4,TBCV2-J-J11-101,Room J11-101
TB2-J-J11-102-1,TBCV2-J-J11-102,Room J11-102
TB2-J-J11-102-2,TBCV2-J-J11-102,Room J11-102
TB2-J-J11-102-3,TBCV2-J-J11-102,Room J11-102
TB2-J-J11-102-4,TBCV2-J-J11-102,Room J11-102
TB2-J-J11-103-1,TBCV2-J-J11-103,Room J11-103
TB2-J-J11-103-2,TBCV2-J-J11-103,Room J11-103
TB2-J-J11-103-3,TBCV2-J-J11-103,Room J11-103
TB2-J-J11-103-4,TBCV2-J-J11-103,Room J11-103
TB2-J-J11-104-1,TBCV2-J-J11-104,Room J11-104
TB2-J-J11-104-2,TBCV2-J-J11-104,Room J11-104
TB2-J-J11-104-3,TBCV2-J-J11-104,Room J11-104
TB2-J-J11-104-4,TBCV2-J-J11-104,Room J11-104
TB2-J-J11-105-1,TBCV2-J-J11-105,Room J11-105
TB2-J-J11-105-2,TBCV2-J-J11-105,Room J11-105
TB2-J-J11-105-3,TBCV2-J-J11-105,Room J11-105
TB2-J-J11-105-4,TBCV2-J-J11-105,Room J11-105
TB2-J-J11-106-1,TBCV2-J-J11-106,Room J11-106
TB2-J-J11-106-2,TBCV2-J-J11-106,Room J11-106
TB2-J-J11-106-3,TBCV2-J-J11-106,Room J11-106
TB2-J-J11-106-4,TBCV2-J-J11-106,Room J11-106
TB2-J-J11-107-1,TBCV2-J-J11-107,Room J11-107
TB2-J-J11-107-2,TBCV2-J-J11-107,Room J11-107
TB2-J-J11-107-3,TBCV2-J-J11-107,Room J11-107
TB2-J-J11-107-4,TBCV2-J-J11-107,Room J11-107
TB2-J-J11-108-1,TBCV2-J-J11-108,Room J11-108
TB2-J-J11-108-2,TBCV2-J-J11-108,Room J11-108
TB2-J-J11-108-3,TBCV2-J-J11-108,Room J11-108
TB2-J-J11-108-4,TBCV2-J-J11-108,Room J11-108
TB2-J-J11-109-1,TBCV2-J-J11-109,Room J11-109
TB2-J-J11-109-2,TBCV2-J-J11-109,Room J11-109
TB2-J-J11-109-3,TBCV2-J-J11-109,Room J11-109
TB2-J-J11-109-4,TBCV2-J-J11-109,Room J11-109
TB2-J-J11-110-1,TBCV2-J-J11-110,Room J11-110
TB2-J-J11-110-2,TBCV2-J-J11-110,Room J11-110
TB2-J-J11-110-3,TBCV2-J-J11-110,Room J11-110
TB2-J-J11-110-4,TBCV2-J-J11-110,Room J11-110
TB2-J-J11-111-1,TBCV2-J-J11-111,Room J11-111
TB2-J-J11-111-2,TBCV2-J-J11-111,Room J11-111
TB2-J-J11-111-3,TBCV2-J-J11-111,Room J11-111
TB2-J-J11-111-4,TBCV2-J-J11-111,Room J11-111
TB2-J-J11-112-1,TBCV2-J-J11-112,Room J11-112
TB2-J-J11-112-2,TBCV2-J-J11-112,Room J11-112
TB2-J-J11-112-3,TBCV2-J-J11-112,Room J11-112
TB2-J-J11-112-4,TBCV2-J-J11-112,Room J11-112
TB2-J-J12-001-1,TBCV2-J-J12-001,Room J12-001
TB2-J-J12-001-2,TBCV2-J-J12-001,Room J12-001
TB2-J-J12-001-3,TBCV2-J-J12-001,Room J12-001
TB2-J-J12-001-4,TBCV2-J-J12-001,Room J12-001
TB2-J-J12-001-5,TBCV2-J-J12-001,Room J12-001
TB2-J-J12-002-1,TBCV2-J-J12-002,Room J12-002
TB2-J-J12-002-2,TBCV2-J-J12-002,Room J12-002
TB2-J-J12-002-3,TBCV2-J-J12-002,Room J12-002
TB2-J-J12-002-4,TBCV2-J-J12-002,Room J12-002
TB2-J-J12-002-5,TBCV2-J-J12-002,Room J12-002
TB2-J-J12-003-1,TBCV2-J-J12-003,Room J12-003
TB2-J-J12-003-2,TBCV2-J-J12-003,Room J12-003
TB2-J-J12-003-3,TBCV2-J-J12-003,Room J12-003
TB2-J-J12-003-4,TBCV2-J-J12-003,Room J12-003
TB2-J-J12-003-5,TBCV2-J-J12-003,Room J12-003
TB2-J-J12-004-1,TBCV2-J-J12-004,Room J12-004
TB2-J-J12-004-2,TBCV2-J-J12-004,Room J12-004
TB2-J-J12-004-3,TBCV2-J-J12-004,Room J12-004
TB2-J-J12-004-4,TBCV2-J-J12-004,Room J12-004
TB2-J-J12-004-5,TBCV2-J-J12-004,Room J12-004
TB2-J-J12-005-1,TBCV2-J-J12-005,Room J12-005
TB2-J-J12-005-2,TBCV2-J-J12-005,Room J12-005
TB2-J-J12-005-3,TBCV2-J-J12-005,Room J12-005
TB2-J-J12-005-4,TBCV2-J-J12-005,Room J12-005
TB2-J-J12-005-5,TBCV2-J-J12-005,Room J12-005
TB2-J-J12-006-1,TBCV2-J-J12-006,Room J12-006
TB2-J-J12-006-2,TBCV2-J-J12-006,Room J12-006
TB2-J-J12-006-3,TBCV2-J-J12-006,Room J12-006
TB2-J-J12-006-4,TBCV2-J-J12-006,Room J12-006
TB2-J-J12-006-5,TBCV2-J-J12-006,Room J12-006
TB2-J-J12-007-1,TBCV2-J-J12-007,Room J12-007
TB2-J-J12-007-2,TBCV2-J-J12-007,Room J12-007
TB2-J-J12-007-3,TBCV2-J-J12-007,Room J12-007
TB2-J-J12-007-4,TBCV2-J-J12-007,Room J12-007
TB2-J-J12-007-5,TBCV2-J-J12-007,Room J12-007
TB2-J-J12-008-1,TBCV2-J-J12-008,Room J12-008
TB2-J-J12-008-2,TBCV2-J-J12-008,Room J12-008
TB2-J-J12-008-3,TBCV2-J-J12-008,Room J12-008
TB2-J-J12-008-4,TBCV2-J-J12-008,Room J12-008
TB2-J-J12-008-5,TBCV2-J-J12-008,Room J12-008
TB2-J-J12-009-1,TBCV2-J-J12-009,Room J12-009
TB2-J-J12-009-2,TBCV2-J-J12-009,Room J12-009
TB2-J-J12-009-3,TBCV2-J-J12-009,Room J12-009
TB2-J-J12-009-4,TBCV2-J-J12-009,Room J12-009
TB2-J-J12-009-5,TBCV2-J-J12-009,Room J12-009
TB2-J-J12-010-1,TBCV2-J-J12-010,Room J12-010
TB2-J-J12-010-2,TBCV2-J-J12-010,Room J12-010
TB2-J-J12-010-3,TBCV2-J-J12-010,Room J12-010
TB2-J-J12-010-4,TBCV2-J-J12-010,Room J12-010
TB2-J-J12-010-5,TBCV2-J-J12-010,Room J12-010
TB2-J-J12-011-1,TBCV2-J-J12-011,Room J12-011
TB2-J-J12-011-2,TBCV2-J-J12-011,Room J12-011
TB2-J-J12-011-3,TBCV2-J-J12-011,Room J12-011
TB2-J-J12-011-4,TBCV2-J-J12-011,Room J12-011
TB2-J-J12-011-5,TBCV2-J-J12-011,Room J12-011
TB2-J-J12-012-1,TBCV2-J-J12-012,Room J12-012
TB2-J-J12-012-2,TBCV2-J-J12-012,Room J12-012
TB2-J-J12-012-3,TBCV2-J-J12-012,Room J12-012
TB2-J-J12-012-4,TBCV2-J-J12-012,Room J12-012
TB2-J-J12-012-5,TBCV2-J-J12-012,Room J12-012
TB2-J-J12-101-1,TBCV2-J-J12-101,Room J12-101
TB2-J-J12-101-2,TBCV2-J-J12-101,Room J12-101
TB2-J-J12-101-3,TBCV2-J-J12-101,Room J12-101
TB2-J-J12-101-4,TBCV2-J-J12-101,Room J12-101
TB2-J-J12-102-1,TBCV2-J-J12-102,Room J12-102
TB2-J-J12-102-2,TBCV2-J-J12-102,Room J12-102
TB2-J-J12-102-3,TBCV2-J-J12-102,Room J12-102
TB2-J-J12-102-4,TBCV2-J-J12-102,Room J12-102
TB2-J-J12-103-1,TBCV2-J-J12-103,Room J12-103
TB2-J-J12-103-2,TBCV2-J-J12-103,Room J12-103
TB2-J-J12-103-3,TBCV2-J-J12-103,Room J12-103
TB2-J-J12-103-4,TBCV2-J-J12-103,Room J12-103
TB2-J-J12-104-1,TBCV2-J-J12-104,Room J12-104
TB2-J-J12-104-2,TBCV2-J-J12-104,Room J12-104
TB2-J-J12-104-3,TBCV2-J-J12-104,Room J12-104
TB2-J-J12-104-4,TBCV2-J-J12-104,Room J12-104
TB2-J-J12-105-1,TBCV2-J-J12-105,Room J12-105
TB2-J-J12-105-2,TBCV2-J-J12-105,Room J12-105
TB2-J-J12-105-3,TBCV2-J-J12-105,Room J12-105
TB2-J-J12-105-4,TBCV2-J-J12-105,Room J12-105
TB2-J-J12-106-1,TBCV2-J-J12-106,Room J12-106
TB2-J-J12-106-2,TBCV2-J-J12-106,Room J12-106
TB2-J-J12-106-3,TBCV2-J-J12-106,Room J12-106
TB2-J-J12-106-4,TBCV2-J-J12-106,Room J12-106
TB2-J-J12-107-1,TBCV2-J-J12-107,Room J12-107
TB2-J-J12-107-2,TBCV2-J-J12-107,Room J12-107
TB2-J-J12-107-3,TBCV2-J-J12-107,Room J12-107
TB2-J-J12-107-4,TBCV2-J-J12-107,Room J12-107
TB2-J-J12-108-1,TBCV2-J-J12-108,Room J12-108
TB2-J-J12-108-2,TBCV2-J-J12-108,Room J12-108
TB2-J-J12-108-3,TBCV2-J-J12-108,Room J12-108
TB2-J-J12-108-4,TBCV2-J-J12-108,Room J12-108
TB2-J-J12-109-1,TBCV2-J-J12-109,Room J12-109
TB2-J-J12-109-2,TBCV2-J-J12-109,Room J12-109
TB2-J-J12-109-3,TBCV2-J-J12-109,Room J12-109
TB2-J-J12-109-4,TBCV2-J-J12-109,Room J12-109
TB2-J-J12-110-1,TBCV2-J-J12-110,Room J12-110
TB2-J-J12-110-2,TBCV2-J-J12-110,Room J12-110
TB2-J-J12-110-3,TBCV2-J-J12-110,Room J12-110
TB2-J-J12-110-4,TBCV2-J-J12-110,Room J12-110
TB2-J-J12-111-1,TBCV2-J-J12-111,Room J12-111
TB2-J-J12-111-2,TBCV2-J-J12-111,Room J12-111
TB2-J-J12-111-3,TBCV2-J-J12-111,Room J12-111
TB2-J-J12-111-4,TBCV2-J-J12-111,Room J12-111
TB2-J-J12-112-1,TBCV2-J-J12-112,Room J12-112
TB2-J-J12-112-2,TBCV2-J-J12-112,Room J12-112
TB2-J-J12-112-3,TBCV2-J-J12-112,Room J12-112
TB2-J-J12-112-4,TBCV2-J-J12-112,Room J12-112
TB2-J-J13-001-1,TBCV2-J-J13-001,Room J13-001
TB2-J-J13-001-2,TBCV2-J-J13-001,Room J13-001
TB2-J-J13-001-3,TBCV2-J-J13-001,Room J13-001
TB2-J-J13-001-4,TBCV2-J-J13-001,Room J13-001
TB2-J-J13-001-5,TBCV2-J-J13-001,Room J13-001
TB2-J-J13-002-1,TBCV2-J-J13-002,Room J13-002
TB2-J-J13-002-2,TBCV2-J-J13-002,Room J13-002
TB2-J-J13-002-3,TBCV2-J-J13-002,Room J13-002
TB2-J-J13-002-4,TBCV2-J-J13-002,Room J13-002
TB2-J-J13-002-5,TBCV2-J-J13-002,Room J13-002
TB2-J-J13-003-1,TBCV2-J-J13-003,Room J13-003
TB2-J-J13-003-2,TBCV2-J-J13-003,Room J13-003
TB2-J-J13-003-3,TBCV2-J-J13-003,Room J13-003
TB2-J-J13-003-4,TBCV2-J-J13-003,Room J13-003
TB2-J-J13-003-5,TBCV2-J-J13-003,Room J13-003
TB2-J-J13-004-1,TBCV2-J-J13-004,Room J13-004
TB2-J-J13-004-2,TBCV2-J-J13-004,Room J13-004
TB2-J-J13-004-3,TBCV2-J-J13-004,Room J13-004
TB2-J-J13-004-4,TBCV2-J-J13-004,Room J13-004
TB2-J-J13-004-5,TBCV2-J-J13-004,Room J13-004
TB2-J-J13-005-1,TBCV2-J-J13-005,Room J13-005
TB2-J-J13-005-2,TBCV2-J-J13-005,Room J13-005
TB2-J-J13-005-3,TBCV2-J-J13-005,Room J13-005
TB2-J-J13-005-4,TBCV2-J-J13-005,Room J13-005
TB2-J-J13-005-5,TBCV2-J-J13-005,Room J13-005
TB2-J-J13-006-1,TBCV2-J-J13-006,Room J13-006
TB2-J-J13-006-2,TBCV2-J-J13-006,Room J13-006
TB2-J-J13-006-3,TBCV2-J-J13-006,Room J13-006
TB2-J-J13-006-4,TBCV2-J-J13-006,Room J13-006
TB2-J-J13-006-5,TBCV2-J-J13-006,Room J13-006
TB2-J-J13-007-1,TBCV2-J-J13-007,Room J13-007
TB2-J-J13-007-2,TBCV2-J-J13-007,Room J13-007
TB2-J-J13-007-3,TBCV2-J-J13-007,Room J13-007
TB2-J-J13-007-4,TBCV2-J-J13-007,Room J13-007
TB2-J-J13-007-5,TBCV2-J-J13-007,Room J13-007
TB2-J-J13-008-1,TBCV2-J-J13-008,Room J13-008
TB2-J-J13-008-2,TBCV2-J-J13-008,Room J13-008
TB2-J-J13-008-3,TBCV2-J-J13-008,Room J13-008
TB2-J-J13-008-4,TBCV2-J-J13-008,Room J13-008
TB2-J-J13-008-5,TBCV2-J-J13-008,Room J13-008
TB2-J-J13-009-1,TBCV2-J-J13-009,Room J13-009
TB2-J-J13-009-2,TBCV2-J-J13-009,Room J13-009
TB2-J-J13-009-3,TBCV2-J-J13-009,Room J13-009
TB2-J-J13-009-4,TBCV2-J-J13-009,Room J13-009
TB2-J-J13-009-5,TBCV2-J-J13-009,Room J13-009
TB2-J-J13-010-1,TBCV2-J-J13-010,Room J13-010
TB2-J-J13-010-2,TBCV2-J-J13-010,Room J13-010
TB2-J-J13-010-3,TBCV2-J-J13-010,Room J13-010
TB2-J-J13-010-4,TBCV2-J-J13-010,Room J13-010
TB2-J-J13-010-5,TBCV2-J-J13-010,Room J13-010
TB2-J-J13-011-1,TBCV2-J-J13-011,Room J13-011
TB2-J-J13-011-2,TBCV2-J-J13-011,Room J13-011
TB2-J-J13-011-3,TBCV2-J-J13-011,Room J13-011
TB2-J-J13-011-4,TBCV2-J-J13-011,Room J13-011
TB2-J-J13-011-5,TBCV2-J-J13-011,Room J13-011
TB2-J-J13-012-1,TBCV2-J-J13-012,Room J13-012
TB2-J-J13-012-2,TBCV2-J-J13-012,Room J13-012
TB2-J-J13-012-3,TBCV2-J-J13-012,Room J13-012
TB2-J-J13-012-4,TBCV2-J-J13-012,Room J13-012
TB2-J-J13-012-5,TBCV2-J-J13-012,Room J13-012
TB2-J-J13-101-1,TBCV2-J-J13-101,Room J13-101
TB2-J-J13-101-2,TBCV2-J-J13-101,Room J13-101
TB2-J-J13-101-3,TBCV2-J-J13-101,Room J13-101
TB2-J-J13-101-4,TBCV2-J-J13-101,Room J13-101
TB2-J-J13-102-1,TBCV2-J-J13-102,Room J13-102
TB2-J-J13-102-2,TBCV2-J-J13-102,Room J13-102
TB2-J-J13-102-3,TBCV2-J-J13-102,Room J13-102
TB2-J-J13-102-4,TBCV2-J-J13-102,Room J13-102
TB2-J-J13-103-1,TBCV2-J-J13-103,Room J13-103
TB2-J-J13-103-2,TBCV2-J-J13-103,Room J13-103
TB2-J-J13-103-3,TBCV2-J-J13-103,Room J13-103
TB2-J-J13-103-4,TBCV2-J-J13-103,Room J13-103
TB2-J-J13-104-1,TBCV2-J-J13-104,Room J13-104
TB2-J-J13-104-2,TBCV2-J-J13-104,Room J13-104
TB2-J-J13-104-3,TBCV2-J-J13-104,Room J13-104
TB2-J-J13-104-4,TBCV2-J-J13-104,Room J13-104
TB2-J-J13-105-1,TBCV2-J-J13-105,Room J13-105
TB2-J-J13-105-2,TBCV2-J-J13-105,Room J13-105
TB2-J-J13-105-3,TBCV2-J-J13-105,Room J13-105
TB2-J-J13-105-4,TBCV2-J-J13-105,Room J13-105
TB2-J-J13-106-1,TBCV2-J-J13-106,Room J13-106
TB2-J-J13-106-2,TBCV2-J-J13-106,Room J13-106
TB2-J-J13-106-3,TBCV2-J-J13-106,Room J13-106
TB2-J-J13-106-4,TBCV2-J-J13-106,Room J13-106
TB2-J-J13-107-1,TBCV2-J-J13-107,Room J13-107
TB2-J-J13-107-2,TBCV2-J-J13-107,Room J13-107
TB2-J-J13-107-3,TBCV2-J-J13-107,Room J13-107
TB2-J-J13-107-4,TBCV2-J-J13-107,Room J13-107
TB2-J-J13-108-1,TBCV2-J-J13-108,Room J13-108
TB2-J-J13-108-2,TBCV2-J-J13-108,Room J13-108
TB2-J-J13-108-3,TBCV2-J-J13-108,Room J13-108
TB2-J-J13-108-4,TBCV2-J-J13-108,Room J13-108
TB2-J-J13-109-1,TBCV2-J-J13-109,Room J13-109
TB2-J-J13-109-2,TBCV2-J-J13-109,Room J13-109
TB2-J-J13-109-3,TBCV2-J-J13-109,Room J13-109
TB2-J-J13-109-4,TBCV2-J-J13-109,Room J13-109
TB2-J-J13-110-1,TBCV2-J-J13-110,Room J13-110
TB2-J-J13-110-2,TBCV2-J-J13-110,Room J13-110
TB2-J-J13-110-3,TBCV2-J-J13-110,Room J13-110
TB2-J-J13-110-4,TBCV2-J-J13-110,Room J13-110
TB2-J-J13-111-1,TBCV2-J-J13-111,Room J13-111
TB2-J-J13-111-2,TBCV2-J-J13-111,Room J13-111
TB2-J-J13-111-3,TBCV2-J-J13-111,Room J13-111
TB2-J-J13-111-4,TBCV2-J-J13-111,Room J13-111
TB2-J-J13-112-1,TBCV2-J-J13-112,Room J13-112
TB2-J-J13-112-2,TBCV2-J-J13-112,Room J13-112
TB2-J-J13-112-3,TBCV2-J-J13-112,Room J13-112
TB2-J-J13-112-4,TBCV2-J-J13-112,Room J13-112
TB2-J-J14-001-1,TBCV2-J-J14-001,Room J14-001
TB2-J-J14-001-2,TBCV2-J-J14-001,Room J14-001
TB2-J-J14-001-3,TBCV2-J-J14-001,Room J14-001
TB2-J-J14-001-4,TBCV2-J-J14-001,Room J14-001
TB2-J-J14-001-5,TBCV2-J-J14-001,Room J14-001
TB2-J-J14-002-1,TBCV2-J-J14-002,Room J14-002
TB2-J-J14-002-2,TBCV2-J-J14-002,Room J14-002
TB2-J-J14-002-3,TBCV2-J-J14-002,Room J14-002
TB2-J-J14-002-4,TBCV2-J-J14-002,Room J14-002
TB2-J-J14-002-5,TBCV2-J-J14-002,Room J14-002
TB2-J-J14-003-1,TBCV2-J-J14-003,Room J14-003
TB2-J-J14-003-2,TBCV2-J-J14-003,Room J14-003
TB2-J-J14-003-3,TBCV2-J-J14-003,Room J14-003
TB2-J-J14-003-4,TBCV2-J-J14-003,Room J14-003
TB2-J-J14-003-5,TBCV2-J-J14-003,Room J14-003
TB2-J-J14-004-1,TBCV2-J-J14-004,Room J14-004
TB2-J-J14-004-2,TBCV2-J-J14-004,Room J14-004
TB2-J-J14-004-3,TBCV2-J-J14-004,Room J14-004
TB2-J-J14-004-4,TBCV2-J-J14-004,Room J14-004
TB2-J-J14-004-5,TBCV2-J-J14-004,Room J14-004
TB2-J-J14-005-1,TBCV2-J-J14-005,Room J14-005
TB2-J-J14-005-2,TBCV2-J-J14-005,Room J14-005
TB2-J-J14-005-3,TBCV2-J-J14-005,Room J14-005
TB2-J-J14-005-4,TBCV2-J-J14-005,Room J14-005
TB2-J-J14-005-5,TBCV2-J-J14-005,Room J14-005
TB2-J-J14-006-1,TBCV2-J-J14-006,Room J14-006
TB2-J-J14-006-2,TBCV2-J-J14-006,Room J14-006
TB2-J-J14-006-3,TBCV2-J-J14-006,Room J14-006
TB2-J-J14-006-4,TBCV2-J-J14-006,Room J14-006
TB2-J-J14-006-5,TBCV2-J-J14-006,Room J14-006
TB2-J-J14-007-1,TBCV2-J-J14-007,Room J14-007
TB2-J-J14-007-2,TBCV2-J-J14-007,Room J14-007
TB2-J-J14-007-3,TBCV2-J-J14-007,Room J14-007
TB2-J-J14-007-4,TBCV2-J-J14-007,Room J14-007
TB2-J-J14-007-5,TBCV2-J-J14-007,Room J14-007
TB2-J-J14-008-1,TBCV2-J-J14-008,Room J14-008
TB2-J-J14-008-2,TBCV2-J-J14-008,Room J14-008
TB2-J-J14-008-3,TBCV2-J-J14-008,Room J14-008
TB2-J-J14-008-4,TBCV2-J-J14-008,Room J14-008
TB2-J-J14-008-5,TBCV2-J-J14-008,Room J14-008
TB2-J-J14-009-1,TBCV2-J-J14-009,Room J14-009
TB2-J-J14-009-2,TBCV2-J-J14-009,Room J14-009
TB2-J-J14-009-3,TBCV2-J-J14-009,Room J14-009
TB2-J-J14-009-4,TBCV2-J-J14-009,Room J14-009
TB2-J-J14-009-5,TBCV2-J-J14-009,Room J14-009
TB2-J-J14-010-1,TBCV2-J-J14-010,Room J14-010
TB2-J-J14-010-2,TBCV2-J-J14-010,Room J14-010
TB2-J-J14-010-3,TBCV2-J-J14-010,Room J14-010
TB2-J-J14-010-4,TBCV2-J-J14-010,Room J14-010
TB2-J-J14-010-5,TBCV2-J-J14-010,Room J14-010
TB2-J-J14-011-1,TBCV2-J-J14-011,Room J14-011
TB2-J-J14-011-2,TBCV2-J-J14-011,Room J14-011
TB2-J-J14-011-3,TBCV2-J-J14-011,Room J14-011
TB2-J-J14-011-4,TBCV2-J-J14-011,Room J14-011
TB2-J-J14-011-5,TBCV2-J-J14-011,Room J14-011
TB2-J-J14-012-1,TBCV2-J-J14-012,Room J14-012
TB2-J-J14-012-2,TBCV2-J-J14-012,Room J14-012
TB2-J-J14-012-3,TBCV2-J-J14-012,Room J14-012
TB2-J-J14-012-4,TBCV2-J-J14-012,Room J14-012
TB2-J-J14-012-5,TBCV2-J-J14-012,Room J14-012
TB2-J-J14-101-1,TBCV2-J-J14-101,Room J14-101
TB2-J-J14-101-2,TBCV2-J-J14-101,Room J14-101
TB2-J-J14-101-3,TBCV2-J-J14-101,Room J14-101
TB2-J-J14-101-4,TBCV2-J-J14-101,Room J14-101
TB2-J-J14-102-1,TBCV2-J-J14-102,Room J14-102
TB2-J-J14-102-2,TBCV2-J-J14-102,Room J14-102
TB2-J-J14-102-3,TBCV2-J-J14-102,Room J14-102
TB2-J-J14-102-4,TBCV2-J-J14-102,Room J14-102
TB2-J-J14-103-1,TBCV2-J-J14-103,Room J14-103
TB2-J-J14-103-2,TBCV2-J-J14-103,Room J14-103
TB2-J-J14-103-3,TBCV2-J-J14-103,Room J14-103
TB2-J-J14-103-4,TBCV2-J-J14-103,Room J14-103
TB2-J-J14-104-1,TBCV2-J-J14-104,Room J14-104
TB2-J-J14-104-2,TBCV2-J-J14-104,Room J14-104
TB2-J-J14-104-3,TBCV2-J-J14-104,Room J14-104
TB2-J-J14-104-4,TBCV2-J-J14-104,Room J14-104
TB2-J-J14-105-1,TBCV2-J-J14-105,Room J14-105
TB2-J-J14-105-2,TBCV2-J-J14-105,Room J14-105
TB2-J-J14-105-3,TBCV2-J-J14-105,Room J14-105
TB2-J-J14-105-4,TBCV2-J-J14-105,Room J14-105
TB2-J-J14-106-1,TBCV2-J-J14-106,Room J14-106
TB2-J-J14-106-2,TBCV2-J-J14-106,Room J14-106
TB2-J-J14-106-3,TBCV2-J-J14-106,Room J14-106
TB2-J-J14-106-4,TBCV2-J-J14-106,Room J14-106
TB2-J-J14-107-1,TBCV2-J-J14-107,Room J14-107
TB2-J-J14-107-2,TBCV2-J-J14-107,Room J14-107
TB2-J-J14-107-3,TBCV2-J-J14-107,Room J14-107
TB2-J-J14-107-4,TBCV2-J-J14-107,Room J14-107
TB2-J-J14-108-1,TBCV2-J-J14-108,Room J14-108
TB2-J-J14-108-2,TBCV2-J-J14-108,Room J14-108
TB2-J-J14-108-3,TBCV2-J-J14-108,Room J14-108
TB2-J-J14-108-4,TBCV2-J-J14-108,Room J14-108
TB2-J-J14-109-1,TBCV2-J-J14-109,Room J14-109
TB2-J-J14-109-2,TBCV2-J-J14-109,Room J14-109
TB2-J-J14-109-3,TBCV2-J-J14-109,Room J14-109
TB2-J-J14-109-4,TBCV2-J-J14-109,Room J14-109
TB2-J-J14-110-1,TBCV2-J-J14-110,Room J14-110
TB2-J-J14-110-2,TBCV2-J-J14-110,Room J14-110
TB2-J-J14-110-3,TBCV2-J-J14-110,Room J14-110
TB2-J-J14-110-4,TBCV2-J-J14-110,Room J14-110
TB2-J-J14-111-1,TBCV2-J-J14-111,Room J14-111
TB2-J-J14-111-2,TBCV2-J-J14-111,Room J14-111
TB2-J-J14-111-3,TBCV2-J-J14-111,Room J14-111
TB2-J-J14-111-4,TBCV2-J-J14-111,Room J14-111
TB2-J-J14-112-1,TBCV2-J-J14-112,Room J14-112
TB2-J-J14-112-2,TBCV2-J-J14-112,Room J14-112
TB2-J-J14-112-3,TBCV2-J-J14-112,Room J14-112
TB2-J-J14-112-4,TBCV2-J-J14-112,Room J14-112
TB2-J-J15-001-1,TBCV2-J-J15-001,Room J15-001
TB2-J-J15-001-2,TBCV2-J-J15-001,Room J15-001
TB2-J-J15-001-3,TBCV2-J-J15-001,Room J15-001
TB2-J-J15-001-4,TBCV2-J-J15-001,Room J15-001
TB2-J-J15-001-5,TBCV2-J-J15-001,Room J15-001
TB2-J-J15-002-1,TBCV2-J-J15-002,Room J15-002
TB2-J-J15-002-2,TBCV2-J-J15-002,Room J15-002
TB2-J-J15-002-3,TBCV2-J-J15-002,Room J15-002
TB2-J-J15-002-4,TBCV2-J-J15-002,Room J15-002
TB2-J-J15-002-5,TBCV2-J-J15-002,Room J15-002
TB2-J-J15-003-1,TBCV2-J-J15-003,Room J15-003
TB2-J-J15-003-2,TBCV2-J-J15-003,Room J15-003
TB2-J-J15-003-3,TBCV2-J-J15-003,Room J15-003
TB2-J-J15-003-4,TBCV2-J-J15-003,Room J15-003
TB2-J-J15-003-5,TBCV2-J-J15-003,Room J15-003
TB2-J-J15-004-1,TBCV2-J-J15-004,Room J15-004
TB2-J-J15-004-2,TBCV2-J-J15-004,Room J15-004
TB2-J-J15-004-3,TBCV2-J-J15-004,Room J15-004
TB2-J-J15-004-4,TBCV2-J-J15-004,Room J15-004
TB2-J-J15-004-5,TBCV2-J-J15-004,Room J15-004
TB2-J-J15-005-1,TBCV2-J-J15-005,Room J15-005
TB2-J-J15-005-2,TBCV2-J-J15-005,Room J15-005
TB2-J-J15-005-3,TBCV2-J-J15-005,Room J15-005
TB2-J-J15-005-4,TBCV2-J-J15-005,Room J15-005
TB2-J-J15-005-5,TBCV2-J-J15-005,Room J15-005
TB2-J-J15-006-1,TBCV2-J-J15-006,Room J15-006
TB2-J-J15-006-2,TBCV2-J-J15-006,Room J15-006
TB2-J-J15-006-3,TBCV2-J-J15-006,Room J15-006
TB2-J-J15-006-4,TBCV2-J-J15-006,Room J15-006
TB2-J-J15-006-5,TBCV2-J-J15-006,Room J15-006
TB2-J-J15-007-1,TBCV2-J-J15-007,Room J15-007
TB2-J-J15-007-2,TBCV2-J-J15-007,Room J15-007
TB2-J-J15-007-3,TBCV2-J-J15-007,Room J15-007
TB2-J-J15-007-4,TBCV2-J-J15-007,Room J15-007
TB2-J-J15-007-5,TBCV2-J-J15-007,Room J15-007
TB2-J-J15-008-1,TBCV2-J-J15-008,Room J15-008
TB2-J-J15-008-2,TBCV2-J-J15-008,Room J15-008
TB2-J-J15-008-3,TBCV2-J-J15-008,Room J15-008
TB2-J-J15-008-4,TBCV2-J-J15-008,Room J15-008
TB2-J-J15-008-5,TBCV2-J-J15-008,Room J15-008
TB2-J-J15-009-1,TBCV2-J-J15-009,Room J15-009
TB2-J-J15-009-2,TBCV2-J-J15-009,Room J15-009
TB2-J-J15-009-3,TBCV2-J-J15-009,Room J15-009
TB2-J-J15-009-4,TBCV2-J-J15-009,Room J15-009
TB2-J-J15-009-5,TBCV2-J-J15-009,Room J15-009
TB2-J-J15-010-1,TBCV2-J-J15-010,Room J15-010
TB2-J-J15-010-2,TBCV2-J-J15-010,Room J15-010
TB2-J-J15-010-3,TBCV2-J-J15-010,Room J15-010
TB2-J-J15-010-4,TBCV2-J-J15-010,Room J15-010
TB2-J-J15-010-5,TBCV2-J-J15-010,Room J15-010
TB2-J-J15-011-1,TBCV2-J-J15-011,Room J15-011
TB2-J-J15-011-2,TBCV2-J-J15-011,Room J15-011
TB2-J-J15-011-3,TBCV2-J-J15-011,Room J15-011
TB2-J-J15-011-4,TBCV2-J-J15-011,Room J15-011
TB2-J-J15-011-5,TBCV2-J-J15-011,Room J15-011
TB2-J-J15-012-1,TBCV2-J-J15-012,Room J15-012
TB2-J-J15-012-2,TBCV2-J-J15-012,Room J15-012
TB2-J-J15-012-3,TBCV2-J-J15-012,Room J15-012
TB2-J-J15-012-4,TBCV2-J-J15-012,Room J15-012
TB2-J-J15-012-5,TBCV2-J-J15-012,Room J15-012
TB2-J-J15-101-1,TBCV2-J-J15-101,Room J15-101
TB2-J-J15-101-2,TBCV2-J-J15-101,Room J15-101
TB2-J-J15-101-3,TBCV2-J-J15-101,Room J15-101
TB2-J-J15-101-4,TBCV2-J-J15-101,Room J15-101
TB2-J-J15-102-1,TBCV2-J-J15-102,Room J15-102
TB2-J-J15-102-2,TBCV2-J-J15-102,Room J15-102
TB2-J-J15-102-3,TBCV2-J-J15-102,Room J15-102
TB2-J-J15-102-4,TBCV2-J-J15-102,Room J15-102
TB2-J-J15-103-1,TBCV2-J-J15-103,Room J15-103
TB2-J-J15-103-2,TBCV2-J-J15-103,Room J15-103
TB2-J-J15-103-3,TBCV2-J-J15-103,Room J15-103
TB2-J-J15-103-4,TBCV2-J-J15-103,Room J15-103
TB2-J-J15-104-1,TBCV2-J-J15-104,Room J15-104
TB2-J-J15-104-2,TBCV2-J-J15-104,Room J15-104
TB2-J-J15-104-3,TBCV2-J-J15-104,Room J15-104
TB2-J-J15-104-4,TBCV2-J-J15-104,Room J15-104
TB2-J-J15-105-1,TBCV2-J-J15-105,Room J15-105
TB2-J-J15-105-2,TBCV2-J-J15-105,Room J15-105
TB2-J-J15-105-3,TBCV2-J-J15-105,Room J15-105
TB2-J-J15-105-4,TBCV2-J-J15-105,Room J15-105
TB2-J-J15-106-1,TBCV2-J-J15-106,Room J15-106
TB2-J-J15-106-2,TBCV2-J-J15-106,Room J15-106
TB2-J-J15-106-3,TBCV2-J-J15-106,Room J15-106
TB2-J-J15-106-4,TBCV2-J-J15-106,Room J15-106
TB2-J-J15-107-1,TBCV2-J-J15-107,Room J15-107
TB2-J-J15-107-2,TBCV2-J-J15-107,Room J15-107
TB2-J-J15-107-3,TBCV2-J-J15-107,Room J15-107
TB2-J-J15-107-4,TBCV2-J-J15-107,Room J15-107
TB2-J-J15-108-1,TBCV2-J-J15-108,Room J15-108
TB2-J-J15-108-2,TBCV2-J-J15-108,Room J15-108
TB2-J-J15-108-3,TBCV2-J-J15-108,Room J15-108
TB2-J-J15-108-4,TBCV2-J-J15-108,Room J15-108
TB2-J-J15-109-1,TBCV2-J-J15-109,Room J15-109
TB2-J-J15-109-2,TBCV2-J-J15-109,Room J15-109
TB2-J-J15-109-3,TBCV2-J-J15-109,Room J15-109
TB2-J-J15-109-4,TBCV2-J-J15-109,Room J15-109
TB2-J-J15-110-1,TBCV2-J-J15-110,Room J15-110
TB2-J-J15-110-2,TBCV2-J-J15-110,Room J15-110
TB2-J-J15-110-3,TBCV2-J-J15-110,Room J15-110
TB2-J-J15-110-4,TBCV2-J-J15-110,Room J15-110
TB2-J-J15-111-1,TBCV2-J-J15-111,Room J15-111
TB2-J-J15-111-2,TBCV2-J-J15-111,Room J15-111
TB2-J-J15-111-3,TBCV2-J-J15-111,Room J15-111
TB2-J-J15-111-4,TBCV2-J-J15-111,Room J15-111
TB2-J-J15-112-1,TBCV2-J-J15-112,Room J15-112
TB2-J-J15-112-2,TBCV2-J-J15-112,Room J15-112
TB2-J-J15-112-3,TBCV2-J-J15-112,Room J15-112
TB2-J-J15-112-4,TBCV2-J-J15-112,Room J15-112
TB2-J-J16-001-1,TBCV2-J-J16-001,Room J16-001
TB2-J-J16-001-2,TBCV2-J-J16-001,Room J16-001
TB2-J-J16-001-3,TBCV2-J-J16-001,Room J16-001
TB2-J-J16-001-4,TBCV2-J-J16-001,Room J16-001
TB2-J-J16-001-5,TBCV2-J-J16-001,Room J16-001
TB2-J-J16-002-1,TBCV2-J-J16-002,Room J16-002
TB2-J-J16-002-2,TBCV2-J-J16-002,Room J16-002
TB2-J-J16-002-3,TBCV2-J-J16-002,Room J16-002
TB2-J-J16-002-4,TBCV2-J-J16-002,Room J16-002
TB2-J-J16-002-5,TBCV2-J-J16-002,Room J16-002
TB2-J-J16-003-1,TBCV2-J-J16-003,Room J16-003
TB2-J-J16-003-2,TBCV2-J-J16-003,Room J16-003
TB2-J-J16-003-3,TBCV2-J-J16-003,Room J16-003
TB2-J-J16-003-4,TBCV2-J-J16-003,Room J16-003
TB2-J-J16-003-5,TBCV2-J-J16-003,Room J16-003
TB2-J-J16-004-1,TBCV2-J-J16-004,Room J16-004
TB2-J-J16-004-2,TBCV2-J-J16-004,Room J16-004
TB2-J-J16-004-3,TBCV2-J-J16-004,Room J16-004
TB2-J-J16-004-4,TBCV2-J-J16-004,Room J16-004
TB2-J-J16-004-5,TBCV2-J-J16-004,Room J16-004
TB2-J-J16-005-1,TBCV2-J-J16-005,Room J16-005
TB2-J-J16-005-2,TBCV2-J-J16-005,Room J16-005
TB2-J-J16-005-3,TBCV2-J-J16-005,Room J16-005
TB2-J-J16-005-4,TBCV2-J-J16-005,Room J16-005
TB2-J-J16-005-5,TBCV2-J-J16-005,Room J16-005
TB2-J-J16-006-1,TBCV2-J-J16-006,Room J16-006
TB2-J-J16-006-2,TBCV2-J-J16-006,Room J16-006
TB2-J-J16-006-3,TBCV2-J-J16-006,Room J16-006
TB2-J-J16-006-4,TBCV2-J-J16-006,Room J16-006
TB2-J-J16-006-5,TBCV2-J-J16-006,Room J16-006
TB2-J-J16-007-1,TBCV2-J-J16-007,Room J16-007
TB2-J-J16-007-2,TBCV2-J-J16-007,Room J16-007
TB2-J-J16-007-3,TBCV2-J-J16-007,Room J16-007
TB2-J-J16-007-4,TBCV2-J-J16-007,Room J16-007
TB2-J-J16-007-5,TBCV2-J-J16-007,Room J16-007
TB2-J-J16-008-1,TBCV2-J-J16-008,Room J16-008
TB2-J-J16-008-2,TBCV2-J-J16-008,Room J16-008
TB2-J-J16-008-3,TBCV2-J-J16-008,Room J16-008
TB2-J-J16-008-4,TBCV2-J-J16-008,Room J16-008
TB2-J-J16-008-5,TBCV2-J-J16-008,Room J16-008
TB2-J-J16-009-1,TBCV2-J-J16-009,Room J16-009
TB2-J-J16-009-2,TBCV2-J-J16-009,Room J16-009
TB2-J-J16-009-3,TBCV2-J-J16-009,Room J16-009
TB2-J-J16-009-4,TBCV2-J-J16-009,Room J16-009
TB2-J-J16-009-5,TBCV2-J-J16-009,Room J16-009
TB2-J-J16-010-1,TBCV2-J-J16-010,Room J16-010
TB2-J-J16-010-2,TBCV2-J-J16-010,Room J16-010
TB2-J-J16-010-3,TBCV2-J-J16-010,Room J16-010
TB2-J-J16-010-4,TBCV2-J-J16-010,Room J16-010
TB2-J-J16-010-5,TBCV2-J-J16-010,Room J16-010
TB2-J-J16-011-1,TBCV2-J-J16-011,Room J16-011
TB2-J-J16-011-2,TBCV2-J-J16-011,Room J16-011
TB2-J-J16-011-3,TBCV2-J-J16-011,Room J16-011
TB2-J-J16-011-4,TBCV2-J-J16-011,Room J16-011
TB2-J-J16-011-5,TBCV2-J-J16-011,Room J16-011
TB2-J-J16-012-1,TBCV2-J-J16-012,Room J16-012
TB2-J-J16-012-2,TBCV2-J-J16-012,Room J16-012
TB2-J-J16-012-3,TBCV2-J-J16-012,Room J16-012
TB2-J-J16-012-4,TBCV2-J-J16-012,Room J16-012
TB2-J-J16-012-5,TBCV2-J-J16-012,Room J16-012
TB2-J-J16-101-1,TBCV2-J-J16-101,Room J16-101
TB2-J-J16-101-2,TBCV2-J-J16-101,Room J16-101
TB2-J-J16-101-3,TBCV2-J-J16-101,Room J16-101
TB2-J-J16-101-4,TBCV2-J-J16-101,Room J16-101
TB2-J-J16-102-1,TBCV2-J-J16-102,Room J16-102
TB2-J-J16-102-2,TBCV2-J-J16-102,Room J16-102
TB2-J-J16-102-3,TBCV2-J-J16-102,Room J16-102
TB2-J-J16-102-4,TBCV2-J-J16-102,Room J16-102
TB2-J-J16-103-1,TBCV2-J-J16-103,Room J16-103
TB2-J-J16-103-2,TBCV2-J-J16-103,Room J16-103
TB2-J-J16-103-3,TBCV2-J-J16-103,Room J16-103
TB2-J-J16-103-4,TBCV2-J-J16-103,Room J16-103
TB2-J-J16-104-1,TBCV2-J-J16-104,Room J16-104
TB2-J-J16-104-2,TBCV2-J-J16-104,Room J16-104
TB2-J-J16-104-3,TBCV2-J-J16-104,Room J16-104
TB2-J-J16-104-4,TBCV2-J-J16-104,Room J16-104
TB2-J-J16-105-1,TBCV2-J-J16-105,Room J16-105
TB2-J-J16-105-2,TBCV2-J-J16-105,Room J16-105
TB2-J-J16-105-3,TBCV2-J-J16-105,Room J16-105
TB2-J-J16-105-4,TBCV2-J-J16-105,Room J16-105
TB2-J-J16-106-1,TBCV2-J-J16-106,Room J16-106
TB2-J-J16-106-2,TBCV2-J-J16-106,Room J16-106
TB2-J-J16-106-3,TBCV2-J-J16-106,Room J16-106
TB2-J-J16-106-4,TBCV2-J-J16-106,Room J16-106
TB2-J-J16-107-1,TBCV2-J-J16-107,Room J16-107
TB2-J-J16-107-2,TBCV2-J-J16-107,Room J16-107
TB2-J-J16-107-3,TBCV2-J-J16-107,Room J16-107
TB2-J-J16-107-4,TBCV2-J-J16-107,Room J16-107
TB2-J-J16-108-1,TBCV2-J-J16-108,Room J16-108
TB2-J-J16-108-2,TBCV2-J-J16-108,Room J16-108
TB2-J-J16-108-3,TBCV2-J-J16-108,Room J16-108
TB2-J-J16-108-4,TBCV2-J-J16-108,Room J16-108
TB2-J-J16-109-1,TBCV2-J-J16-109,Room J16-109
TB2-J-J16-109-2,TBCV2-J-J16-109,Room J16-109
TB2-J-J16-109-3,TBCV2-J-J16-109,Room J16-109
TB2-J-J16-109-4,TBCV2-J-J16-109,Room J16-109
TB2-J-J16-110-1,TBCV2-J-J16-110,Room J16-110
TB2-J-J16-110-2,TBCV2-J-J16-110,Room J16-110
TB2-J-J16-110-3,TBCV2-J-J16-110,Room J16-110
TB2-J-J16-110-4,TBCV2-J-J16-110,Room J16-110
TB2-J-J16-111-1,TBCV2-J-J16-111,Room J16-111
TB2-J-J16-111-2,TBCV2-J-J16-111,Room J16-111
TB2-J-J16-111-3,TBCV2-J-J16-111,Room J16-111
TB2-J-J16-111-4,TBCV2-J-J16-111,Room J16-111
TB2-J-J16-112-1,TBCV2-J-J16-112,Room J16-112
TB2-J-J16-112-2,TBCV2-J-J16-112,Room J16-112
TB2-J-J16-112-3,TBCV2-J-J16-112,Room J16-112
TB2-J-J16-112-4,TBCV2-J-J16-112,Room J16-112
TB2-K-K01-001-1,TBCV2-K-K01-001,Room K01-001
TB2-K-K01-001-2,TBCV2-K-K01-001,Room K01-001
TB2-K-K01-001-3,TBCV2-K-K01-001,Room K01-001
TB2-K-K01-001-4,TBCV2-K-K01-001,Room K01-001
TB2-K-K01-001-5,TBCV2-K-K01-001,Room K01-001
TB2-K-K01-002-1,TBCV2-K-K01-002,Room K01-002
TB2-K-K01-002-2,TBCV2-K-K01-002,Room K01-002
TB2-K-K01-002-3,TBCV2-K-K01-002,Room K01-002
TB2-K-K01-002-4,TBCV2-K-K01-002,Room K01-002
TB2-K-K01-002-5,TBCV2-K-K01-002,Room K01-002
TB2-K-K01-003-1,TBCV2-K-K01-003,Room K01-003
TB2-K-K01-003-2,TBCV2-K-K01-003,Room K01-003
TB2-K-K01-003-3,TBCV2-K-K01-003,Room K01-003
TB2-K-K01-003-4,TBCV2-K-K01-003,Room K01-003
TB2-K-K01-003-5,TBCV2-K-K01-003,Room K01-003
TB2-K-K01-004-1,TBCV2-K-K01-004,Room K01-004
TB2-K-K01-004-2,TBCV2-K-K01-004,Room K01-004
TB2-K-K01-004-3,TBCV2-K-K01-004,Room K01-004
TB2-K-K01-004-4,TBCV2-K-K01-004,Room K01-004
TB2-K-K01-004-5,TBCV2-K-K01-004,Room K01-004
TB2-K-K01-005-1,TBCV2-K-K01-005,Room K01-005
TB2-K-K01-005-2,TBCV2-K-K01-005,Room K01-005
TB2-K-K01-005-3,TBCV2-K-K01-005,Room K01-005
TB2-K-K01-005-4,TBCV2-K-K01-005,Room K01-005
TB2-K-K01-005-5,TBCV2-K-K01-005,Room K01-005
TB2-K-K01-006-1,TBCV2-K-K01-006,Room K01-006
TB2-K-K01-006-2,TBCV2-K-K01-006,Room K01-006
TB2-K-K01-006-3,TBCV2-K-K01-006,Room K01-006
TB2-K-K01-006-4,TBCV2-K-K01-006,Room K01-006
TB2-K-K01-006-5,TBCV2-K-K01-006,Room K01-006
TB2-K-K01-007-1,TBCV2-K-K01-007,Room K01-007
TB2-K-K01-007-2,TBCV2-K-K01-007,Room K01-007
TB2-K-K01-007-3,TBCV2-K-K01-007,Room K01-007
TB2-K-K01-007-4,TBCV2-K-K01-007,Room K01-007
TB2-K-K01-007-5,TBCV2-K-K01-007,Room K01-007
TB2-K-K01-008-1,TBCV2-K-K01-008,Room K01-008
TB2-K-K01-008-2,TBCV2-K-K01-008,Room K01-008
TB2-K-K01-008-3,TBCV2-K-K01-008,Room K01-008
TB2-K-K01-008-4,TBCV2-K-K01-008,Room K01-008
TB2-K-K01-008-5,TBCV2-K-K01-008,Room K01-008
TB2-K-K01-009-1,TBCV2-K-K01-009,Room K01-009
TB2-K-K01-009-2,TBCV2-K-K01-009,Room K01-009
TB2-K-K01-009-3,TBCV2-K-K01-009,Room K01-009
TB2-K-K01-009-4,TBCV2-K-K01-009,Room K01-009
TB2-K-K01-009-5,TBCV2-K-K01-009,Room K01-009
TB2-K-K01-010-1,TBCV2-K-K01-010,Room K01-010
TB2-K-K01-010-2,TBCV2-K-K01-010,Room K01-010
TB2-K-K01-010-3,TBCV2-K-K01-010,Room K01-010
TB2-K-K01-010-4,TBCV2-K-K01-010,Room K01-010
TB2-K-K01-010-5,TBCV2-K-K01-010,Room K01-010
TB2-K-K01-011-1,TBCV2-K-K01-011,Room K01-011
TB2-K-K01-011-2,TBCV2-K-K01-011,Room K01-011
TB2-K-K01-011-3,TBCV2-K-K01-011,Room K01-011
TB2-K-K01-011-4,TBCV2-K-K01-011,Room K01-011
TB2-K-K01-011-5,TBCV2-K-K01-011,Room K01-011
TB2-K-K01-012-1,TBCV2-K-K01-012,Room K01-012
TB2-K-K01-012-2,TBCV2-K-K01-012,Room K01-012
TB2-K-K01-012-3,TBCV2-K-K01-012,Room K01-012
TB2-K-K01-012-4,TBCV2-K-K01-012,Room K01-012
TB2-K-K01-012-5,TBCV2-K-K01-012,Room K01-012
TB2-K-K01-101-1,TBCV2-K-K01-101,Room K01-101
TB2-K-K01-101-2,TBCV2-K-K01-101,Room K01-101
TB2-K-K01-101-3,TBCV2-K-K01-101,Room K01-101
TB2-K-K01-101-4,TBCV2-K-K01-101,Room K01-101
TB2-K-K01-102-1,TBCV2-K-K01-102,Room K01-102
TB2-K-K01-102-2,TBCV2-K-K01-102,Room K01-102
TB2-K-K01-102-3,TBCV2-K-K01-102,Room K01-102
TB2-K-K01-102-4,TBCV2-K-K01-102,Room K01-102
TB2-K-K01-103-1,TBCV2-K-K01-103,Room K01-103
TB2-K-K01-103-2,TBCV2-K-K01-103,Room K01-103
TB2-K-K01-103-3,TBCV2-K-K01-103,Room K01-103
TB2-K-K01-103-4,TBCV2-K-K01-103,Room K01-103
TB2-K-K01-104-1,TBCV2-K-K01-104,Room K01-104
TB2-K-K01-104-2,TBCV2-K-K01-104,Room K01-104
TB2-K-K01-104-3,TBCV2-K-K01-104,Room K01-104
TB2-K-K01-104-4,TBCV2-K-K01-104,Room K01-104
TB2-K-K01-105-1,TBCV2-K-K01-105,Room K01-105
TB2-K-K01-105-2,TBCV2-K-K01-105,Room K01-105
TB2-K-K01-105-3,TBCV2-K-K01-105,Room K01-105
TB2-K-K01-105-4,TBCV2-K-K01-105,Room K01-105
TB2-K-K01-106-1,TBCV2-K-K01-106,Room K01-106
TB2-K-K01-106-2,TBCV2-K-K01-106,Room K01-106
TB2-K-K01-106-3,TBCV2-K-K01-106,Room K01-106
TB2-K-K01-106-4,TBCV2-K-K01-106,Room K01-106
TB2-K-K01-107-1,TBCV2-K-K01-107,Room K01-107
TB2-K-K01-107-2,TBCV2-K-K01-107,Room K01-107
TB2-K-K01-107-3,TBCV2-K-K01-107,Room K01-107
TB2-K-K01-107-4,TBCV2-K-K01-107,Room K01-107
TB2-K-K01-108-1,TBCV2-K-K01-108,Room K01-108
TB2-K-K01-108-2,TBCV2-K-K01-108,Room K01-108
TB2-K-K01-108-3,TBCV2-K-K01-108,Room K01-108
TB2-K-K01-108-4,TBCV2-K-K01-108,Room K01-108
TB2-K-K01-109-1,TBCV2-K-K01-109,Room K01-109
TB2-K-K01-109-2,TBCV2-K-K01-109,Room K01-109
TB2-K-K01-109-3,TBCV2-K-K01-109,Room K01-109
TB2-K-K01-109-4,TBCV2-K-K01-109,Room K01-109
TB2-K-K01-110-1,TBCV2-K-K01-110,Room K01-110
TB2-K-K01-110-2,TBCV2-K-K01-110,Room K01-110
TB2-K-K01-110-3,TBCV2-K-K01-110,Room K01-110
TB2-K-K01-110-4,TBCV2-K-K01-110,Room K01-110
TB2-K-K01-111-1,TBCV2-K-K01-111,Room K01-111
TB2-K-K01-111-2,TBCV2-K-K01-111,Room K01-111
TB2-K-K01-111-3,TBCV2-K-K01-111,Room K01-111
TB2-K-K01-111-4,TBCV2-K-K01-111,Room K01-111
TB2-K-K01-112-1,TBCV2-K-K01-112,Room K01-112
TB2-K-K01-112-2,TBCV2-K-K01-112,Room K01-112
TB2-K-K01-112-3,TBCV2-K-K01-112,Room K01-112
TB2-K-K01-112-4,TBCV2-K-K01-112,Room K01-112
TB2-K-K02-001-1,TBCV2-K-K02-001,Room K02-001
TB2-K-K02-001-2,TBCV2-K-K02-001,Room K02-001
TB2-K-K02-001-3,TBCV2-K-K02-001,Room K02-001
TB2-K-K02-001-4,TBCV2-K-K02-001,Room K02-001
TB2-K-K02-001-5,TBCV2-K-K02-001,Room K02-001
TB2-K-K02-002-1,TBCV2-K-K02-002,Room K02-002
TB2-K-K02-002-2,TBCV2-K-K02-002,Room K02-002
TB2-K-K02-002-3,TBCV2-K-K02-002,Room K02-002
TB2-K-K02-002-4,TBCV2-K-K02-002,Room K02-002
TB2-K-K02-002-5,TBCV2-K-K02-002,Room K02-002
TB2-K-K02-003-1,TBCV2-K-K02-003,Room K02-003
TB2-K-K02-003-2,TBCV2-K-K02-003,Room K02-003
TB2-K-K02-003-3,TBCV2-K-K02-003,Room K02-003
TB2-K-K02-003-4,TBCV2-K-K02-003,Room K02-003
TB2-K-K02-003-5,TBCV2-K-K02-003,Room K02-003
TB2-K-K02-004-1,TBCV2-K-K02-004,Room K02-004
TB2-K-K02-004-2,TBCV2-K-K02-004,Room K02-004
TB2-K-K02-004-3,TBCV2-K-K02-004,Room K02-004
TB2-K-K02-004-4,TBCV2-K-K02-004,Room K02-004
TB2-K-K02-004-5,TBCV2-K-K02-004,Room K02-004
TB2-K-K02-005-1,TBCV2-K-K02-005,Room K02-005
TB2-K-K02-005-2,TBCV2-K-K02-005,Room K02-005
TB2-K-K02-005-3,TBCV2-K-K02-005,Room K02-005
TB2-K-K02-005-4,TBCV2-K-K02-005,Room K02-005
TB2-K-K02-005-5,TBCV2-K-K02-005,Room K02-005
TB2-K-K02-006-1,TBCV2-K-K02-006,Room K02-006
TB2-K-K02-006-2,TBCV2-K-K02-006,Room K02-006
TB2-K-K02-006-3,TBCV2-K-K02-006,Room K02-006
TB2-K-K02-006-4,TBCV2-K-K02-006,Room K02-006
TB2-K-K02-006-5,TBCV2-K-K02-006,Room K02-006
TB2-K-K02-007-1,TBCV2-K-K02-007,Room K02-007
TB2-K-K02-007-2,TBCV2-K-K02-007,Room K02-007
TB2-K-K02-007-3,TBCV2-K-K02-007,Room K02-007
TB2-K-K02-007-4,TBCV2-K-K02-007,Room K02-007
TB2-K-K02-007-5,TBCV2-K-K02-007,Room K02-007
TB2-K-K02-008-1,TBCV2-K-K02-008,Room K02-008
TB2-K-K02-008-2,TBCV2-K-K02-008,Room K02-008
TB2-K-K02-008-3,TBCV2-K-K02-008,Room K02-008
TB2-K-K02-008-4,TBCV2-K-K02-008,Room K02-008
TB2-K-K02-008-5,TBCV2-K-K02-008,Room K02-008
TB2-K-K02-009-1,TBCV2-K-K02-009,Room K02-009
TB2-K-K02-009-2,TBCV2-K-K02-009,Room K02-009
TB2-K-K02-009-3,TBCV2-K-K02-009,Room K02-009
TB2-K-K02-009-4,TBCV2-K-K02-009,Room K02-009
TB2-K-K02-009-5,TBCV2-K-K02-009,Room K02-009
TB2-K-K02-010-1,TBCV2-K-K02-010,Room K02-010
TB2-K-K02-010-2,TBCV2-K-K02-010,Room K02-010
TB2-K-K02-010-3,TBCV2-K-K02-010,Room K02-010
TB2-K-K02-010-4,TBCV2-K-K02-010,Room K02-010
TB2-K-K02-010-5,TBCV2-K-K02-010,Room K02-010
TB2-K-K02-011-1,TBCV2-K-K02-011,Room K02-011
TB2-K-K02-011-2,TBCV2-K-K02-011,Room K02-011
TB2-K-K02-011-3,TBCV2-K-K02-011,Room K02-011
TB2-K-K02-011-4,TBCV2-K-K02-011,Room K02-011
TB2-K-K02-011-5,TBCV2-K-K02-011,Room K02-011
TB2-K-K02-012-1,TBCV2-K-K02-012,Room K02-012
TB2-K-K02-012-2,TBCV2-K-K02-012,Room K02-012
TB2-K-K02-012-3,TBCV2-K-K02-012,Room K02-012
TB2-K-K02-012-4,TBCV2-K-K02-012,Room K02-012
TB2-K-K02-012-5,TBCV2-K-K02-012,Room K02-012
TB2-K-K02-101-1,TBCV2-K-K02-101,Room K02-101
TB2-K-K02-101-2,TBCV2-K-K02-101,Room K02-101
TB2-K-K02-101-3,TBCV2-K-K02-101,Room K02-101
TB2-K-K02-101-4,TBCV2-K-K02-101,Room K02-101
TB2-K-K02-102-1,TBCV2-K-K02-102,Room K02-102
TB2-K-K02-102-2,TBCV2-K-K02-102,Room K02-102
TB2-K-K02-102-3,TBCV2-K-K02-102,Room K02-102
TB2-K-K02-102-4,TBCV2-K-K02-102,Room K02-102
TB2-K-K02-103-1,TBCV2-K-K02-103,Room K02-103
TB2-K-K02-103-2,TBCV2-K-K02-103,Room K02-103
TB2-K-K02-103-3,TBCV2-K-K02-103,Room K02-103
TB2-K-K02-103-4,TBCV2-K-K02-103,Room K02-103
TB2-K-K02-104-1,TBCV2-K-K02-104,Room K02-104
TB2-K-K02-104-2,TBCV2-K-K02-104,Room K02-104
TB2-K-K02-104-3,TBCV2-K-K02-104,Room K02-104
TB2-K-K02-104-4,TBCV2-K-K02-104,Room K02-104
TB2-K-K02-105-1,TBCV2-K-K02-105,Room K02-105
TB2-K-K02-105-2,TBCV2-K-K02-105,Room K02-105
TB2-K-K02-105-3,TBCV2-K-K02-105,Room K02-105
TB2-K-K02-105-4,TBCV2-K-K02-105,Room K02-105
TB2-K-K02-106-1,TBCV2-K-K02-106,Room K02-106
TB2-K-K02-106-2,TBCV2-K-K02-106,Room K02-106
TB2-K-K02-106-3,TBCV2-K-K02-106,Room K02-106
TB2-K-K02-106-4,TBCV2-K-K02-106,Room K02-106
TB2-K-K02-107-1,TBCV2-K-K02-107,Room K02-107
TB2-K-K02-107-2,TBCV2-K-K02-107,Room K02-107
TB2-K-K02-107-3,TBCV2-K-K02-107,Room K02-107
TB2-K-K02-107-4,TBCV2-K-K02-107,Room K02-107
TB2-K-K02-108-1,TBCV2-K-K02-108,Room K02-108
TB2-K-K02-108-2,TBCV2-K-K02-108,Room K02-108
TB2-K-K02-108-3,TBCV2-K-K02-108,Room K02-108
TB2-K-K02-108-4,TBCV2-K-K02-108,Room K02-108
TB2-K-K02-109-1,TBCV2-K-K02-109,Room K02-109
TB2-K-K02-109-2,TBCV2-K-K02-109,Room K02-109
TB2-K-K02-109-3,TBCV2-K-K02-109,Room K02-109
TB2-K-K02-109-4,TBCV2-K-K02-109,Room K02-109
TB2-K-K02-110-1,TBCV2-K-K02-110,Room K02-110
TB2-K-K02-110-2,TBCV2-K-K02-110,Room K02-110
TB2-K-K02-110-3,TBCV2-K-K02-110,Room K02-110
TB2-K-K02-110-4,TBCV2-K-K02-110,Room K02-110
TB2-K-K02-111-1,TBCV2-K-K02-111,Room K02-111
TB2-K-K02-111-2,TBCV2-K-K02-111,Room K02-111
TB2-K-K02-111-3,TBCV2-K-K02-111,Room K02-111
TB2-K-K02-111-4,TBCV2-K-K02-111,Room K02-111
TB2-K-K02-112-1,TBCV2-K-K02-112,Room K02-112
TB2-K-K02-112-2,TBCV2-K-K02-112,Room K02-112
TB2-K-K02-112-3,TBCV2-K-K02-112,Room K02-112
TB2-K-K02-112-4,TBCV2-K-K02-112,Room K02-112
TB2-K-K03-001-1,TBCV2-K-K03-001,Room K03-001
TB2-K-K03-001-2,TBCV2-K-K03-001,Room K03-001
TB2-K-K03-001-3,TBCV2-K-K03-001,Room K03-001
TB2-K-K03-001-4,TBCV2-K-K03-001,Room K03-001
TB2-K-K03-001-5,TBCV2-K-K03-001,Room K03-001
TB2-K-K03-002-1,TBCV2-K-K03-002,Room K03-002
TB2-K-K03-002-2,TBCV2-K-K03-002,Room K03-002
TB2-K-K03-002-3,TBCV2-K-K03-002,Room K03-002
TB2-K-K03-002-4,TBCV2-K-K03-002,Room K03-002
TB2-K-K03-002-5,TBCV2-K-K03-002,Room K03-002
TB2-K-K03-003-1,TBCV2-K-K03-003,Room K03-003
TB2-K-K03-003-2,TBCV2-K-K03-003,Room K03-003
TB2-K-K03-003-3,TBCV2-K-K03-003,Room K03-003
TB2-K-K03-003-4,TBCV2-K-K03-003,Room K03-003
TB2-K-K03-003-5,TBCV2-K-K03-003,Room K03-003
TB2-K-K03-004-1,TBCV2-K-K03-004,Room K03-004
TB2-K-K03-004-2,TBCV2-K-K03-004,Room K03-004
TB2-K-K03-004-3,TBCV2-K-K03-004,Room K03-004
TB2-K-K03-004-4,TBCV2-K-K03-004,Room K03-004
TB2-K-K03-004-5,TBCV2-K-K03-004,Room K03-004
TB2-K-K03-005-1,TBCV2-K-K03-005,Room K03-005
TB2-K-K03-005-2,TBCV2-K-K03-005,Room K03-005
TB2-K-K03-005-3,TBCV2-K-K03-005,Room K03-005
TB2-K-K03-005-4,TBCV2-K-K03-005,Room K03-005
TB2-K-K03-005-5,TBCV2-K-K03-005,Room K03-005
TB2-K-K03-006-1,TBCV2-K-K03-006,Room K03-006
TB2-K-K03-006-2,TBCV2-K-K03-006,Room K03-006
TB2-K-K03-006-3,TBCV2-K-K03-006,Room K03-006
TB2-K-K03-006-4,TBCV2-K-K03-006,Room K03-006
TB2-K-K03-006-5,TBCV2-K-K03-006,Room K03-006
TB2-K-K03-007-1,TBCV2-K-K03-007,Room K03-007
TB2-K-K03-007-2,TBCV2-K-K03-007,Room K03-007
TB2-K-K03-007-3,TBCV2-K-K03-007,Room K03-007
TB2-K-K03-007-4,TBCV2-K-K03-007,Room K03-007
TB2-K-K03-007-5,TBCV2-K-K03-007,Room K03-007
TB2-K-K03-008-1,TBCV2-K-K03-008,Room K03-008
TB2-K-K03-008-2,TBCV2-K-K03-008,Room K03-008
TB2-K-K03-008-3,TBCV2-K-K03-008,Room K03-008
TB2-K-K03-008-4,TBCV2-K-K03-008,Room K03-008
TB2-K-K03-008-5,TBCV2-K-K03-008,Room K03-008
TB2-K-K03-009-1,TBCV2-K-K03-009,Room K03-009
TB2-K-K03-009-2,TBCV2-K-K03-009,Room K03-009
TB2-K-K03-009-3,TBCV2-K-K03-009,Room K03-009
TB2-K-K03-009-4,TBCV2-K-K03-009,Room K03-009
TB2-K-K03-009-5,TBCV2-K-K03-009,Room K03-009
TB2-K-K03-010-1,TBCV2-K-K03-010,Room K03-010
TB2-K-K03-010-2,TBCV2-K-K03-010,Room K03-010
TB2-K-K03-010-3,TBCV2-K-K03-010,Room K03-010
TB2-K-K03-010-4,TBCV2-K-K03-010,Room K03-010
TB2-K-K03-010-5,TBCV2-K-K03-010,Room K03-010
TB2-K-K03-011-1,TBCV2-K-K03-011,Room K03-011
TB2-K-K03-011-2,TBCV2-K-K03-011,Room K03-011
TB2-K-K03-011-3,TBCV2-K-K03-011,Room K03-011
TB2-K-K03-011-4,TBCV2-K-K03-011,Room K03-011
TB2-K-K03-011-5,TBCV2-K-K03-011,Room K03-011
TB2-K-K03-012-1,TBCV2-K-K03-012,Room K03-012
TB2-K-K03-012-2,TBCV2-K-K03-012,Room K03-012
TB2-K-K03-012-3,TBCV2-K-K03-012,Room K03-012
TB2-K-K03-012-4,TBCV2-K-K03-012,Room K03-012
TB2-K-K03-012-5,TBCV2-K-K03-012,Room K03-012
TB2-K-K03-101-1,TBCV2-K-K03-101,Room K03-101
TB2-K-K03-101-2,TBCV2-K-K03-101,Room K03-101
TB2-K-K03-101-3,TBCV2-K-K03-101,Room K03-101
TB2-K-K03-101-4,TBCV2-K-K03-101,Room K03-101
TB2-K-K03-102-1,TBCV2-K-K03-102,Room K03-102
TB2-K-K03-102-2,TBCV2-K-K03-102,Room K03-102
TB2-K-K03-102-3,TBCV2-K-K03-102,Room K03-102
TB2-K-K03-102-4,TBCV2-K-K03-102,Room K03-102
TB2-K-K03-103-1,TBCV2-K-K03-103,Room K03-103
TB2-K-K03-103-2,TBCV2-K-K03-103,Room K03-103
TB2-K-K03-103-3,TBCV2-K-K03-103,Room K03-103
TB2-K-K03-103-4,TBCV2-K-K03-103,Room K03-103
TB2-K-K03-104-1,TBCV2-K-K03-104,Room K03-104
TB2-K-K03-104-2,TBCV2-K-K03-104,Room K03-104
TB2-K-K03-104-3,TBCV2-K-K03-104,Room K03-104
TB2-K-K03-104-4,TBCV2-K-K03-104,Room K03-104
TB2-K-K03-105-1,TBCV2-K-K03-105,Room K03-105
TB2-K-K03-105-2,TBCV2-K-K03-105,Room K03-105
TB2-K-K03-105-3,TBCV2-K-K03-105,Room K03-105
TB2-K-K03-105-4,TBCV2-K-K03-105,Room K03-105
TB2-K-K03-106-1,TBCV2-K-K03-106,Room K03-106
TB2-K-K03-106-2,TBCV2-K-K03-106,Room K03-106
TB2-K-K03-106-3,TBCV2-K-K03-106,Room K03-106
TB2-K-K03-106-4,TBCV2-K-K03-106,Room K03-106
TB2-K-K03-107-1,TBCV2-K-K03-107,Room K03-107
TB2-K-K03-107-2,TBCV2-K-K03-107,Room K03-107
TB2-K-K03-107-3,TBCV2-K-K03-107,Room K03-107
TB2-K-K03-107-4,TBCV2-K-K03-107,Room K03-107
TB2-K-K03-108-1,TBCV2-K-K03-108,Room K03-108
TB2-K-K03-108-2,TBCV2-K-K03-108,Room K03-108
TB2-K-K03-108-3,TBCV2-K-K03-108,Room K03-108
TB2-K-K03-108-4,TBCV2-K-K03-108,Room K03-108
TB2-K-K03-109-1,TBCV2-K-K03-109,Room K03-109
TB2-K-K03-109-2,TBCV2-K-K03-109,Room K03-109
TB2-K-K03-109-3,TBCV2-K-K03-109,Room K03-109
TB2-K-K03-109-4,TBCV2-K-K03-109,Room K03-109
TB2-K-K03-110-1,TBCV2-K-K03-110,Room K03-110
TB2-K-K03-110-2,TBCV2-K-K03-110,Room K03-110
TB2-K-K03-110-3,TBCV2-K-K03-110,Room K03-110
TB2-K-K03-110-4,TBCV2-K-K03-110,Room K03-110
TB2-K-K03-111-1,TBCV2-K-K03-111,Room K03-111
TB2-K-K03-111-2,TBCV2-K-K03-111,Room K03-111
TB2-K-K03-111-3,TBCV2-K-K03-111,Room K03-111
TB2-K-K03-111-4,TBCV2-K-K03-111,Room K03-111
TB2-K-K03-112-1,TBCV2-K-K03-112,Room K03-112
TB2-K-K03-112-2,TBCV2-K-K03-112,Room K03-112
TB2-K-K03-112-3,TBCV2-K-K03-112,Room K03-112
TB2-K-K03-112-4,TBCV2-K-K03-112,Room K03-112
TB2-K-K04-001-1,TBCV2-K-K04-001,Room K04-001
TB2-K-K04-001-2,TBCV2-K-K04-001,Room K04-001
TB2-K-K04-001-3,TBCV2-K-K04-001,Room K04-001
TB2-K-K04-001-4,TBCV2-K-K04-001,Room K04-001
TB2-K-K04-001-5,TBCV2-K-K04-001,Room K04-001
TB2-K-K04-002-1,TBCV2-K-K04-002,Room K04-002
TB2-K-K04-002-2,TBCV2-K-K04-002,Room K04-002
TB2-K-K04-002-3,TBCV2-K-K04-002,Room K04-002
TB2-K-K04-002-4,TBCV2-K-K04-002,Room K04-002
TB2-K-K04-002-5,TBCV2-K-K04-002,Room K04-002
TB2-K-K04-003-1,TBCV2-K-K04-003,Room K04-003
TB2-K-K04-003-2,TBCV2-K-K04-003,Room K04-003
TB2-K-K04-003-3,TBCV2-K-K04-003,Room K04-003
TB2-K-K04-003-4,TBCV2-K-K04-003,Room K04-003
TB2-K-K04-003-5,TBCV2-K-K04-003,Room K04-003
TB2-K-K04-004-1,TBCV2-K-K04-004,Room K04-004
TB2-K-K04-004-2,TBCV2-K-K04-004,Room K04-004
TB2-K-K04-004-3,TBCV2-K-K04-004,Room K04-004
TB2-K-K04-004-4,TBCV2-K-K04-004,Room K04-004
TB2-K-K04-004-5,TBCV2-K-K04-004,Room K04-004
TB2-K-K04-005-1,TBCV2-K-K04-005,Room K04-005
TB2-K-K04-005-2,TBCV2-K-K04-005,Room K04-005
TB2-K-K04-005-3,TBCV2-K-K04-005,Room K04-005
TB2-K-K04-005-4,TBCV2-K-K04-005,Room K04-005
TB2-K-K04-005-5,TBCV2-K-K04-005,Room K04-005
TB2-K-K04-006-1,TBCV2-K-K04-006,Room K04-006
TB2-K-K04-006-2,TBCV2-K-K04-006,Room K04-006
TB2-K-K04-006-3,TBCV2-K-K04-006,Room K04-006
TB2-K-K04-006-4,TBCV2-K-K04-006,Room K04-006
TB2-K-K04-006-5,TBCV2-K-K04-006,Room K04-006
TB2-K-K04-007-1,TBCV2-K-K04-007,Room K04-007
TB2-K-K04-007-2,TBCV2-K-K04-007,Room K04-007
TB2-K-K04-007-3,TBCV2-K-K04-007,Room K04-007
TB2-K-K04-007-4,TBCV2-K-K04-007,Room K04-007
TB2-K-K04-007-5,TBCV2-K-K04-007,Room K04-007
TB2-K-K04-008-1,TBCV2-K-K04-008,Room K04-008
TB2-K-K04-008-2,TBCV2-K-K04-008,Room K04-008
TB2-K-K04-008-3,TBCV2-K-K04-008,Room K04-008
TB2-K-K04-008-4,TBCV2-K-K04-008,Room K04-008
TB2-K-K04-008-5,TBCV2-K-K04-008,Room K04-008
TB2-K-K04-009-1,TBCV2-K-K04-009,Room K04-009
TB2-K-K04-009-2,TBCV2-K-K04-009,Room K04-009
TB2-K-K04-009-3,TBCV2-K-K04-009,Room K04-009
TB2-K-K04-009-4,TBCV2-K-K04-009,Room K04-009
TB2-K-K04-009-5,TBCV2-K-K04-009,Room K04-009
TB2-K-K04-010-1,TBCV2-K-K04-010,Room K04-010
TB2-K-K04-010-2,TBCV2-K-K04-010,Room K04-010
TB2-K-K04-010-3,TBCV2-K-K04-010,Room K04-010
TB2-K-K04-010-4,TBCV2-K-K04-010,Room K04-010
TB2-K-K04-010-5,TBCV2-K-K04-010,Room K04-010
TB2-K-K04-011-1,TBCV2-K-K04-011,Room K04-011
TB2-K-K04-011-2,TBCV2-K-K04-011,Room K04-011
TB2-K-K04-011-3,TBCV2-K-K04-011,Room K04-011
TB2-K-K04-011-4,TBCV2-K-K04-011,Room K04-011
TB2-K-K04-011-5,TBCV2-K-K04-011,Room K04-011
TB2-K-K04-012-1,TBCV2-K-K04-012,Room K04-012
TB2-K-K04-012-2,TBCV2-K-K04-012,Room K04-012
TB2-K-K04-012-3,TBCV2-K-K04-012,Room K04-012
TB2-K-K04-012-4,TBCV2-K-K04-012,Room K04-012
TB2-K-K04-012-5,TBCV2-K-K04-012,Room K04-012
TB2-K-K04-101-1,TBCV2-K-K04-101,Room K04-101
TB2-K-K04-101-2,TBCV2-K-K04-101,Room K04-101
TB2-K-K04-101-3,TBCV2-K-K04-101,Room K04-101
TB2-K-K04-101-4,TBCV2-K-K04-101,Room K04-101
TB2-K-K04-102-1,TBCV2-K-K04-102,Room K04-102
TB2-K-K04-102-2,TBCV2-K-K04-102,Room K04-102
TB2-K-K04-102-3,TBCV2-K-K04-102,Room K04-102
TB2-K-K04-102-4,TBCV2-K-K04-102,Room K04-102
TB2-K-K04-103-1,TBCV2-K-K04-103,Room K04-103
TB2-K-K04-103-2,TBCV2-K-K04-103,Room K04-103
TB2-K-K04-103-3,TBCV2-K-K04-103,Room K04-103
TB2-K-K04-103-4,TBCV2-K-K04-103,Room K04-103
TB2-K-K04-104-1,TBCV2-K-K04-104,Room K04-104
TB2-K-K04-104-2,TBCV2-K-K04-104,Room K04-104
TB2-K-K04-104-3,TBCV2-K-K04-104,Room K04-104
TB2-K-K04-104-4,TBCV2-K-K04-104,Room K04-104
TB2-K-K04-105-1,TBCV2-K-K04-105,Room K04-105
TB2-K-K04-105-2,TBCV2-K-K04-105,Room K04-105
TB2-K-K04-105-3,TBCV2-K-K04-105,Room K04-105
TB2-K-K04-105-4,TBCV2-K-K04-105,Room K04-105
TB2-K-K04-106-1,TBCV2-K-K04-106,Room K04-106
TB2-K-K04-106-2,TBCV2-K-K04-106,Room K04-106
TB2-K-K04-106-3,TBCV2-K-K04-106,Room K04-106
TB2-K-K04-106-4,TBCV2-K-K04-106,Room K04-106
TB2-K-K04-107-1,TBCV2-K-K04-107,Room K04-107
TB2-K-K04-107-2,TBCV2-K-K04-107,Room K04-107
TB2-K-K04-107-3,TBCV2-K-K04-107,Room K04-107
TB2-K-K04-107-4,TBCV2-K-K04-107,Room K04-107
TB2-K-K04-108-1,TBCV2-K-K04-108,Room K04-108
TB2-K-K04-108-2,TBCV2-K-K04-108,Room K04-108
TB2-K-K04-108-3,TBCV2-K-K04-108,Room K04-108
TB2-K-K04-108-4,TBCV2-K-K04-108,Room K04-108
TB2-K-K04-109-1,TBCV2-K-K04-109,Room K04-109
TB2-K-K04-109-2,TBCV2-K-K04-109,Room K04-109
TB2-K-K04-109-3,TBCV2-K-K04-109,Room K04-109
TB2-K-K04-109-4,TBCV2-K-K04-109,Room K04-109
TB2-K-K04-110-1,TBCV2-K-K04-110,Room K04-110
TB2-K-K04-110-2,TBCV2-K-K04-110,Room K04-110
TB2-K-K04-110-3,TBCV2-K-K04-110,Room K04-110
TB2-K-K04-110-4,TBCV2-K-K04-110,Room K04-110
TB2-K-K04-111-1,TBCV2-K-K04-111,Room K04-111
TB2-K-K04-111-2,TBCV2-K-K04-111,Room K04-111
TB2-K-K04-111-3,TBCV2-K-K04-111,Room K04-111
TB2-K-K04-111-4,TBCV2-K-K04-111,Room K04-111
TB2-K-K04-112-1,TBCV2-K-K04-112,Room K04-112
TB2-K-K04-112-2,TBCV2-K-K04-112,Room K04-112
TB2-K-K04-112-3,TBCV2-K-K04-112,Room K04-112
TB2-K-K04-112-4,TBCV2-K-K04-112,Room K04-112
TB2-K-K05-001-1,TBCV2-K-K05-001,Room K05-001
TB2-K-K05-001-2,TBCV2-K-K05-001,Room K05-001
TB2-K-K05-001-3,TBCV2-K-K05-001,Room K05-001
TB2-K-K05-001-4,TBCV2-K-K05-001,Room K05-001
TB2-K-K05-001-5,TBCV2-K-K05-001,Room K05-001
TB2-K-K05-002-1,TBCV2-K-K05-002,Room K05-002
TB2-K-K05-002-2,TBCV2-K-K05-002,Room K05-002
TB2-K-K05-002-3,TBCV2-K-K05-002,Room K05-002
TB2-K-K05-002-4,TBCV2-K-K05-002,Room K05-002
TB2-K-K05-002-5,TBCV2-K-K05-002,Room K05-002
TB2-K-K05-003-1,TBCV2-K-K05-003,Room K05-003
TB2-K-K05-003-2,TBCV2-K-K05-003,Room K05-003
TB2-K-K05-003-3,TBCV2-K-K05-003,Room K05-003
TB2-K-K05-003-4,TBCV2-K-K05-003,Room K05-003
TB2-K-K05-003-5,TBCV2-K-K05-003,Room K05-003
TB2-K-K05-004-1,TBCV2-K-K05-004,Room K05-004
TB2-K-K05-004-2,TBCV2-K-K05-004,Room K05-004
TB2-K-K05-004-3,TBCV2-K-K05-004,Room K05-004
TB2-K-K05-004-4,TBCV2-K-K05-004,Room K05-004
TB2-K-K05-004-5,TBCV2-K-K05-004,Room K05-004
TB2-K-K05-005-1,TBCV2-K-K05-005,Room K05-005
TB2-K-K05-005-2,TBCV2-K-K05-005,Room K05-005
TB2-K-K05-005-3,TBCV2-K-K05-005,Room K05-005
TB2-K-K05-005-4,TBCV2-K-K05-005,Room K05-005
TB2-K-K05-005-5,TBCV2-K-K05-005,Room K05-005
TB2-K-K05-006-1,TBCV2-K-K05-006,Room K05-006
TB2-K-K05-006-2,TBCV2-K-K05-006,Room K05-006
TB2-K-K05-006-3,TBCV2-K-K05-006,Room K05-006
TB2-K-K05-006-4,TBCV2-K-K05-006,Room K05-006
TB2-K-K05-006-5,TBCV2-K-K05-006,Room K05-006
TB2-K-K05-007-1,TBCV2-K-K05-007,Room K05-007
TB2-K-K05-007-2,TBCV2-K-K05-007,Room K05-007
TB2-K-K05-007-3,TBCV2-K-K05-007,Room K05-007
TB2-K-K05-007-4,TBCV2-K-K05-007,Room K05-007
TB2-K-K05-007-5,TBCV2-K-K05-007,Room K05-007
TB2-K-K05-008-1,TBCV2-K-K05-008,Room K05-008
TB2-K-K05-008-2,TBCV2-K-K05-008,Room K05-008
TB2-K-K05-008-3,TBCV2-K-K05-008,Room K05-008
TB2-K-K05-008-4,TBCV2-K-K05-008,Room K05-008
TB2-K-K05-008-5,TBCV2-K-K05-008,Room K05-008
TB2-K-K05-009-1,TBCV2-K-K05-009,Room K05-009
TB2-K-K05-009-2,TBCV2-K-K05-009,Room K05-009
TB2-K-K05-009-3,TBCV2-K-K05-009,Room K05-009
TB2-K-K05-009-4,TBCV2-K-K05-009,Room K05-009
TB2-K-K05-009-5,TBCV2-K-K05-009,Room K05-009
TB2-K-K05-010-1,TBCV2-K-K05-010,Room K05-010
TB2-K-K05-010-2,TBCV2-K-K05-010,Room K05-010
TB2-K-K05-010-3,TBCV2-K-K05-010,Room K05-010
TB2-K-K05-010-4,TBCV2-K-K05-010,Room K05-010
TB2-K-K05-010-5,TBCV2-K-K05-010,Room K05-010
TB2-K-K05-011-1,TBCV2-K-K05-011,Room K05-011
TB2-K-K05-011-2,TBCV2-K-K05-011,Room K05-011
TB2-K-K05-011-3,TBCV2-K-K05-011,Room K05-011
TB2-K-K05-011-4,TBCV2-K-K05-011,Room K05-011
TB2-K-K05-011-5,TBCV2-K-K05-011,Room K05-011
TB2-K-K05-012-1,TBCV2-K-K05-012,Room K05-012
TB2-K-K05-012-2,TBCV2-K-K05-012,Room K05-012
TB2-K-K05-012-3,TBCV2-K-K05-012,Room K05-012
TB2-K-K05-012-4,TBCV2-K-K05-012,Room K05-012
TB2-K-K05-012-5,TBCV2-K-K05-012,Room K05-012
TB2-K-K05-101-1,TBCV2-K-K05-101,Room K05-101
TB2-K-K05-101-2,TBCV2-K-K05-101,Room K05-101
TB2-K-K05-101-3,TBCV2-K-K05-101,Room K05-101
TB2-K-K05-101-4,TBCV2-K-K05-101,Room K05-101
TB2-K-K05-102-1,TBCV2-K-K05-102,Room K05-102
TB2-K-K05-102-2,TBCV2-K-K05-102,Room K05-102
TB2-K-K05-102-3,TBCV2-K-K05-102,Room K05-102
TB2-K-K05-102-4,TBCV2-K-K05-102,Room K05-102
TB2-K-K05-103-1,TBCV2-K-K05-103,Room K05-103
TB2-K-K05-103-2,TBCV2-K-K05-103,Room K05-103
TB2-K-K05-103-3,TBCV2-K-K05-103,Room K05-103
TB2-K-K05-103-4,TBCV2-K-K05-103,Room K05-103
TB2-K-K05-104-1,TBCV2-K-K05-104,Room K05-104
TB2-K-K05-104-2,TBCV2-K-K05-104,Room K05-104
TB2-K-K05-104-3,TBCV2-K-K05-104,Room K05-104
TB2-K-K05-104-4,TBCV2-K-K05-104,Room K05-104
TB2-K-K05-105-1,TBCV2-K-K05-105,Room K05-105
TB2-K-K05-105-2,TBCV2-K-K05-105,Room K05-105
TB2-K-K05-105-3,TBCV2-K-K05-105,Room K05-105
TB2-K-K05-105-4,TBCV2-K-K05-105,Room K05-105
TB2-K-K05-106-1,TBCV2-K-K05-106,Room K05-106
TB2-K-K05-106-2,TBCV2-K-K05-106,Room K05-106
TB2-K-K05-106-3,TBCV2-K-K05-106,Room K05-106
TB2-K-K05-106-4,TBCV2-K-K05-106,Room K05-106
TB2-K-K05-107-1,TBCV2-K-K05-107,Room K05-107
TB2-K-K05-107-2,TBCV2-K-K05-107,Room K05-107
TB2-K-K05-107-3,TBCV2-K-K05-107,Room K05-107
TB2-K-K05-107-4,TBCV2-K-K05-107,Room K05-107
TB2-K-K05-108-1,TBCV2-K-K05-108,Room K05-108
TB2-K-K05-108-2,TBCV2-K-K05-108,Room K05-108
TB2-K-K05-108-3,TBCV2-K-K05-108,Room K05-108
TB2-K-K05-108-4,TBCV2-K-K05-108,Room K05-108
TB2-K-K05-109-1,TBCV2-K-K05-109,Room K05-109
TB2-K-K05-109-2,TBCV2-K-K05-109,Room K05-109
TB2-K-K05-109-3,TBCV2-K-K05-109,Room K05-109
TB2-K-K05-109-4,TBCV2-K-K05-109,Room K05-109
TB2-K-K05-110-1,TBCV2-K-K05-110,Room K05-110
TB2-K-K05-110-2,TBCV2-K-K05-110,Room K05-110
TB2-K-K05-110-3,TBCV2-K-K05-110,Room K05-110
TB2-K-K05-110-4,TBCV2-K-K05-110,Room K05-110
TB2-K-K05-111-1,TBCV2-K-K05-111,Room K05-111
TB2-K-K05-111-2,TBCV2-K-K05-111,Room K05-111
TB2-K-K05-111-3,TBCV2-K-K05-111,Room K05-111
TB2-K-K05-111-4,TBCV2-K-K05-111,Room K05-111
TB2-K-K05-112-1,TBCV2-K-K05-112,Room K05-112
TB2-K-K05-112-2,TBCV2-K-K05-112,Room K05-112
TB2-K-K05-112-3,TBCV2-K-K05-112,Room K05-112
TB2-K-K05-112-4,TBCV2-K-K05-112,Room K05-112
TB2-K-K06-001-1,TBCV2-K-K06-001,Room K06-001
TB2-K-K06-001-2,TBCV2-K-K06-001,Room K06-001
TB2-K-K06-001-3,TBCV2-K-K06-001,Room K06-001
TB2-K-K06-001-4,TBCV2-K-K06-001,Room K06-001
TB2-K-K06-001-5,TBCV2-K-K06-001,Room K06-001
TB2-K-K06-002-1,TBCV2-K-K06-002,Room K06-002
TB2-K-K06-002-2,TBCV2-K-K06-002,Room K06-002
TB2-K-K06-002-3,TBCV2-K-K06-002,Room K06-002
TB2-K-K06-002-4,TBCV2-K-K06-002,Room K06-002
TB2-K-K06-002-5,TBCV2-K-K06-002,Room K06-002
TB2-K-K06-003-1,TBCV2-K-K06-003,Room K06-003
TB2-K-K06-003-2,TBCV2-K-K06-003,Room K06-003
TB2-K-K06-003-3,TBCV2-K-K06-003,Room K06-003
TB2-K-K06-003-4,TBCV2-K-K06-003,Room K06-003
TB2-K-K06-003-5,TBCV2-K-K06-003,Room K06-003
TB2-K-K06-004-1,TBCV2-K-K06-004,Room K06-004
TB2-K-K06-004-2,TBCV2-K-K06-004,Room K06-004
TB2-K-K06-004-3,TBCV2-K-K06-004,Room K06-004
TB2-K-K06-004-4,TBCV2-K-K06-004,Room K06-004
TB2-K-K06-004-5,TBCV2-K-K06-004,Room K06-004
TB2-K-K06-005-1,TBCV2-K-K06-005,Room K06-005
TB2-K-K06-005-2,TBCV2-K-K06-005,Room K06-005
TB2-K-K06-005-3,TBCV2-K-K06-005,Room K06-005
TB2-K-K06-005-4,TBCV2-K-K06-005,Room K06-005
TB2-K-K06-005-5,TBCV2-K-K06-005,Room K06-005
TB2-K-K06-006-1,TBCV2-K-K06-006,Room K06-006
TB2-K-K06-006-2,TBCV2-K-K06-006,Room K06-006
TB2-K-K06-006-3,TBCV2-K-K06-006,Room K06-006
TB2-K-K06-006-4,TBCV2-K-K06-006,Room K06-006
TB2-K-K06-006-5,TBCV2-K-K06-006,Room K06-006
TB2-K-K06-007-1,TBCV2-K-K06-007,Room K06-007
TB2-K-K06-007-2,TBCV2-K-K06-007,Room K06-007
TB2-K-K06-007-3,TBCV2-K-K06-007,Room K06-007
TB2-K-K06-007-4,TBCV2-K-K06-007,Room K06-007
TB2-K-K06-007-5,TBCV2-K-K06-007,Room K06-007
TB2-K-K06-008-1,TBCV2-K-K06-008,Room K06-008
TB2-K-K06-008-2,TBCV2-K-K06-008,Room K06-008
TB2-K-K06-008-3,TBCV2-K-K06-008,Room K06-008
TB2-K-K06-008-4,TBCV2-K-K06-008,Room K06-008
TB2-K-K06-008-5,TBCV2-K-K06-008,Room K06-008
TB2-K-K06-009-1,TBCV2-K-K06-009,Room K06-009
TB2-K-K06-009-2,TBCV2-K-K06-009,Room K06-009
TB2-K-K06-009-3,TBCV2-K-K06-009,Room K06-009
TB2-K-K06-009-4,TBCV2-K-K06-009,Room K06-009
TB2-K-K06-009-5,TBCV2-K-K06-009,Room K06-009
TB2-K-K06-010-1,TBCV2-K-K06-010,Room K06-010
TB2-K-K06-010-2,TBCV2-K-K06-010,Room K06-010
TB2-K-K06-010-3,TBCV2-K-K06-010,Room K06-010
TB2-K-K06-010-4,TBCV2-K-K06-010,Room K06-010
TB2-K-K06-010-5,TBCV2-K-K06-010,Room K06-010
TB2-K-K06-011-1,TBCV2-K-K06-011,Room K06-011
TB2-K-K06-011-2,TBCV2-K-K06-011,Room K06-011
TB2-K-K06-011-3,TBCV2-K-K06-011,Room K06-011
TB2-K-K06-011-4,TBCV2-K-K06-011,Room K06-011
TB2-K-K06-011-5,TBCV2-K-K06-011,Room K06-011
TB2-K-K06-012-1,TBCV2-K-K06-012,Room K06-012
TB2-K-K06-012-2,TBCV2-K-K06-012,Room K06-012
TB2-K-K06-012-3,TBCV2-K-K06-012,Room K06-012
TB2-K-K06-012-4,TBCV2-K-K06-012,Room K06-012
TB2-K-K06-012-5,TBCV2-K-K06-012,Room K06-012
TB2-K-K06-101-1,TBCV2-K-K06-101,Room K06-101
TB2-K-K06-101-2,TBCV2-K-K06-101,Room K06-101
TB2-K-K06-101-3,TBCV2-K-K06-101,Room K06-101
TB2-K-K06-101-4,TBCV2-K-K06-101,Room K06-101
TB2-K-K06-102-1,TBCV2-K-K06-102,Room K06-102
TB2-K-K06-102-2,TBCV2-K-K06-102,Room K06-102
TB2-K-K06-102-3,TBCV2-K-K06-102,Room K06-102
TB2-K-K06-102-4,TBCV2-K-K06-102,Room K06-102
TB2-K-K06-103-1,TBCV2-K-K06-103,Room K06-103
TB2-K-K06-103-2,TBCV2-K-K06-103,Room K06-103
TB2-K-K06-103-3,TBCV2-K-K06-103,Room K06-103
TB2-K-K06-103-4,TBCV2-K-K06-103,Room K06-103
TB2-K-K06-104-1,TBCV2-K-K06-104,Room K06-104
TB2-K-K06-104-2,TBCV2-K-K06-104,Room K06-104
TB2-K-K06-104-3,TBCV2-K-K06-104,Room K06-104
TB2-K-K06-104-4,TBCV2-K-K06-104,Room K06-104
TB2-K-K06-105-1,TBCV2-K-K06-105,Room K06-105
TB2-K-K06-105-2,TBCV2-K-K06-105,Room K06-105
TB2-K-K06-105-3,TBCV2-K-K06-105,Room K06-105
TB2-K-K06-105-4,TBCV2-K-K06-105,Room K06-105
TB2-K-K06-106-1,TBCV2-K-K06-106,Room K06-106
TB2-K-K06-106-2,TBCV2-K-K06-106,Room K06-106
TB2-K-K06-106-3,TBCV2-K-K06-106,Room K06-106
TB2-K-K06-106-4,TBCV2-K-K06-106,Room K06-106
TB2-K-K06-107-1,TBCV2-K-K06-107,Room K06-107
TB2-K-K06-107-2,TBCV2-K-K06-107,Room K06-107
TB2-K-K06-107-3,TBCV2-K-K06-107,Room K06-107
TB2-K-K06-107-4,TBCV2-K-K06-107,Room K06-107
TB2-K-K06-108-1,TBCV2-K-K06-108,Room K06-108
TB2-K-K06-108-2,TBCV2-K-K06-108,Room K06-108
TB2-K-K06-108-3,TBCV2-K-K06-108,Room K06-108
TB2-K-K06-108-4,TBCV2-K-K06-108,Room K06-108
TB2-K-K06-109-1,TBCV2-K-K06-109,Room K06-109
TB2-K-K06-109-2,TBCV2-K-K06-109,Room K06-109
TB2-K-K06-109-3,TBCV2-K-K06-109,Room K06-109
TB2-K-K06-109-4,TBCV2-K-K06-109,Room K06-109
TB2-K-K06-110-1,TBCV2-K-K06-110,Room K06-110
TB2-K-K06-110-2,TBCV2-K-K06-110,Room K06-110
TB2-K-K06-110-3,TBCV2-K-K06-110,Room K06-110
TB2-K-K06-110-4,TBCV2-K-K06-110,Room K06-110
TB2-K-K06-111-1,TBCV2-K-K06-111,Room K06-111
TB2-K-K06-111-2,TBCV2-K-K06-111,Room K06-111
TB2-K-K06-111-3,TBCV2-K-K06-111,Room K06-111
TB2-K-K06-111-4,TBCV2-K-K06-111,Room K06-111
TB2-K-K06-112-1,TBCV2-K-K06-112,Room K06-112
TB2-K-K06-112-2,TBCV2-K-K06-112,Room K06-112
TB2-K-K06-112-3,TBCV2-K-K06-112,Room K06-112
TB2-K-K06-112-4,TBCV2-K-K06-112,Room K06-112
TB2-K-K07-001-1,TBCV2-K-K07-001,Room K07-001
TB2-K-K07-001-2,TBCV2-K-K07-001,Room K07-001
TB2-K-K07-001-3,TBCV2-K-K07-001,Room K07-001
TB2-K-K07-001-4,TBCV2-K-K07-001,Room K07-001
TB2-K-K07-001-5,TBCV2-K-K07-001,Room K07-001
TB2-K-K07-002-1,TBCV2-K-K07-002,Room K07-002
TB2-K-K07-002-2,TBCV2-K-K07-002,Room K07-002
TB2-K-K07-002-3,TBCV2-K-K07-002,Room K07-002
TB2-K-K07-002-4,TBCV2-K-K07-002,Room K07-002
TB2-K-K07-002-5,TBCV2-K-K07-002,Room K07-002
TB2-K-K07-003-1,TBCV2-K-K07-003,Room K07-003
TB2-K-K07-003-2,TBCV2-K-K07-003,Room K07-003
TB2-K-K07-003-3,TBCV2-K-K07-003,Room K07-003
TB2-K-K07-003-4,TBCV2-K-K07-003,Room K07-003
TB2-K-K07-003-5,TBCV2-K-K07-003,Room K07-003
TB2-K-K07-004-1,TBCV2-K-K07-004,Room K07-004
TB2-K-K07-004-2,TBCV2-K-K07-004,Room K07-004
TB2-K-K07-004-3,TBCV2-K-K07-004,Room K07-004
TB2-K-K07-004-4,TBCV2-K-K07-004,Room K07-004
TB2-K-K07-004-5,TBCV2-K-K07-004,Room K07-004
TB2-K-K07-005-1,TBCV2-K-K07-005,Room K07-005
TB2-K-K07-005-2,TBCV2-K-K07-005,Room K07-005
TB2-K-K07-005-3,TBCV2-K-K07-005,Room K07-005
TB2-K-K07-005-4,TBCV2-K-K07-005,Room K07-005
TB2-K-K07-005-5,TBCV2-K-K07-005,Room K07-005
TB2-K-K07-006-1,TBCV2-K-K07-006,Room K07-006
TB2-K-K07-006-2,TBCV2-K-K07-006,Room K07-006
TB2-K-K07-006-3,TBCV2-K-K07-006,Room K07-006
TB2-K-K07-006-4,TBCV2-K-K07-006,Room K07-006
TB2-K-K07-006-5,TBCV2-K-K07-006,Room K07-006
TB2-K-K07-007-1,TBCV2-K-K07-007,Room K07-007
TB2-K-K07-007-2,TBCV2-K-K07-007,Room K07-007
TB2-K-K07-007-3,TBCV2-K-K07-007,Room K07-007
TB2-K-K07-007-4,TBCV2-K-K07-007,Room K07-007
TB2-K-K07-007-5,TBCV2-K-K07-007,Room K07-007
TB2-K-K07-008-1,TBCV2-K-K07-008,Room K07-008
TB2-K-K07-008-2,TBCV2-K-K07-008,Room K07-008
TB2-K-K07-008-3,TBCV2-K-K07-008,Room K07-008
TB2-K-K07-008-4,TBCV2-K-K07-008,Room K07-008
TB2-K-K07-008-5,TBCV2-K-K07-008,Room K07-008
TB2-K-K07-009-1,TBCV2-K-K07-009,Room K07-009
TB2-K-K07-009-2,TBCV2-K-K07-009,Room K07-009
TB2-K-K07-009-3,TBCV2-K-K07-009,Room K07-009
TB2-K-K07-009-4,TBCV2-K-K07-009,Room K07-009
TB2-K-K07-009-5,TBCV2-K-K07-009,Room K07-009
TB2-K-K07-010-1,TBCV2-K-K07-010,Room K07-010
TB2-K-K07-010-2,TBCV2-K-K07-010,Room K07-010
TB2-K-K07-010-3,TBCV2-K-K07-010,Room K07-010
TB2-K-K07-010-4,TBCV2-K-K07-010,Room K07-010
TB2-K-K07-010-5,TBCV2-K-K07-010,Room K07-010
TB2-K-K07-011-1,TBCV2-K-K07-011,Room K07-011
TB2-K-K07-011-2,TBCV2-K-K07-011,Room K07-011
TB2-K-K07-011-3,TBCV2-K-K07-011,Room K07-011
TB2-K-K07-011-4,TBCV2-K-K07-011,Room K07-011
TB2-K-K07-011-5,TBCV2-K-K07-011,Room K07-011
TB2-K-K07-012-1,TBCV2-K-K07-012,Room K07-012
TB2-K-K07-012-2,TBCV2-K-K07-012,Room K07-012
TB2-K-K07-012-3,TBCV2-K-K07-012,Room K07-012
TB2-K-K07-012-4,TBCV2-K-K07-012,Room K07-012
TB2-K-K07-012-5,TBCV2-K-K07-012,Room K07-012
TB2-K-K07-101-1,TBCV2-K-K07-101,Room K07-101
TB2-K-K07-101-2,TBCV2-K-K07-101,Room K07-101
TB2-K-K07-101-3,TBCV2-K-K07-101,Room K07-101
TB2-K-K07-101-4,TBCV2-K-K07-101,Room K07-101
TB2-K-K07-102-1,TBCV2-K-K07-102,Room K07-102
TB2-K-K07-102-2,TBCV2-K-K07-102,Room K07-102
TB2-K-K07-102-3,TBCV2-K-K07-102,Room K07-102
TB2-K-K07-102-4,TBCV2-K-K07-102,Room K07-102
TB2-K-K07-103-1,TBCV2-K-K07-103,Room K07-103
TB2-K-K07-103-2,TBCV2-K-K07-103,Room K07-103
TB2-K-K07-103-3,TBCV2-K-K07-103,Room K07-103
TB2-K-K07-103-4,TBCV2-K-K07-103,Room K07-103
TB2-K-K07-104-1,TBCV2-K-K07-104,Room K07-104
TB2-K-K07-104-2,TBCV2-K-K07-104,Room K07-104
TB2-K-K07-104-3,TBCV2-K-K07-104,Room K07-104
TB2-K-K07-104-4,TBCV2-K-K07-104,Room K07-104
TB2-K-K07-105-1,TBCV2-K-K07-105,Room K07-105
TB2-K-K07-105-2,TBCV2-K-K07-105,Room K07-105
TB2-K-K07-105-3,TBCV2-K-K07-105,Room K07-105
TB2-K-K07-105-4,TBCV2-K-K07-105,Room K07-105
TB2-K-K07-106-1,TBCV2-K-K07-106,Room K07-106
TB2-K-K07-106-2,TBCV2-K-K07-106,Room K07-106
TB2-K-K07-106-3,TBCV2-K-K07-106,Room K07-106
TB2-K-K07-106-4,TBCV2-K-K07-106,Room K07-106
TB2-K-K07-107-1,TBCV2-K-K07-107,Room K07-107
TB2-K-K07-107-2,TBCV2-K-K07-107,Room K07-107
TB2-K-K07-107-3,TBCV2-K-K07-107,Room K07-107
TB2-K-K07-107-4,TBCV2-K-K07-107,Room K07-107
TB2-K-K07-108-1,TBCV2-K-K07-108,Room K07-108
TB2-K-K07-108-2,TBCV2-K-K07-108,Room K07-108
TB2-K-K07-108-3,TBCV2-K-K07-108,Room K07-108
TB2-K-K07-108-4,TBCV2-K-K07-108,Room K07-108
TB2-K-K07-109-1,TBCV2-K-K07-109,Room K07-109
TB2-K-K07-109-2,TBCV2-K-K07-109,Room K07-109
TB2-K-K07-109-3,TBCV2-K-K07-109,Room K07-109
TB2-K-K07-109-4,TBCV2-K-K07-109,Room K07-109
TB2-K-K07-110-1,TBCV2-K-K07-110,Room K07-110
TB2-K-K07-110-2,TBCV2-K-K07-110,Room K07-110
TB2-K-K07-110-3,TBCV2-K-K07-110,Room K07-110
TB2-K-K07-110-4,TBCV2-K-K07-110,Room K07-110
TB2-K-K07-111-1,TBCV2-K-K07-111,Room K07-111
TB2-K-K07-111-2,TBCV2-K-K07-111,Room K07-111
TB2-K-K07-111-3,TBCV2-K-K07-111,Room K07-111
TB2-K-K07-111-4,TBCV2-K-K07-111,Room K07-111
TB2-K-K07-112-1,TBCV2-K-K07-112,Room K07-112
TB2-K-K07-112-2,TBCV2-K-K07-112,Room K07-112
TB2-K-K07-112-3,TBCV2-K-K07-112,Room K07-112
TB2-K-K07-112-4,TBCV2-K-K07-112,Room K07-112
TB2-K-K08-001-1,TBCV2-K-K08-001,Room K08-001
TB2-K-K08-001-2,TBCV2-K-K08-001,Room K08-001
TB2-K-K08-001-3,TBCV2-K-K08-001,Room K08-001
TB2-K-K08-001-4,TBCV2-K-K08-001,Room K08-001
TB2-K-K08-001-5,TBCV2-K-K08-001,Room K08-001
TB2-K-K08-002-1,TBCV2-K-K08-002,Room K08-002
TB2-K-K08-002-2,TBCV2-K-K08-002,Room K08-002
TB2-K-K08-002-3,TBCV2-K-K08-002,Room K08-002
TB2-K-K08-002-4,TBCV2-K-K08-002,Room K08-002
TB2-K-K08-002-5,TBCV2-K-K08-002,Room K08-002
TB2-K-K08-003-1,TBCV2-K-K08-003,Room K08-003
TB2-K-K08-003-2,TBCV2-K-K08-003,Room K08-003
TB2-K-K08-003-3,TBCV2-K-K08-003,Room K08-003
TB2-K-K08-003-4,TBCV2-K-K08-003,Room K08-003
TB2-K-K08-003-5,TBCV2-K-K08-003,Room K08-003
TB2-K-K08-004-1,TBCV2-K-K08-004,Room K08-004
TB2-K-K08-004-2,TBCV2-K-K08-004,Room K08-004
TB2-K-K08-004-3,TBCV2-K-K08-004,Room K08-004
TB2-K-K08-004-4,TBCV2-K-K08-004,Room K08-004
TB2-K-K08-004-5,TBCV2-K-K08-004,Room K08-004
TB2-K-K08-005-1,TBCV2-K-K08-005,Room K08-005
TB2-K-K08-005-2,TBCV2-K-K08-005,Room K08-005
TB2-K-K08-005-3,TBCV2-K-K08-005,Room K08-005
TB2-K-K08-005-4,TBCV2-K-K08-005,Room K08-005
TB2-K-K08-005-5,TBCV2-K-K08-005,Room K08-005
TB2-K-K08-006-1,TBCV2-K-K08-006,Room K08-006
TB2-K-K08-006-2,TBCV2-K-K08-006,Room K08-006
TB2-K-K08-006-3,TBCV2-K-K08-006,Room K08-006
TB2-K-K08-006-4,TBCV2-K-K08-006,Room K08-006
TB2-K-K08-006-5,TBCV2-K-K08-006,Room K08-006
TB2-K-K08-007-1,TBCV2-K-K08-007,Room K08-007
TB2-K-K08-007-2,TBCV2-K-K08-007,Room K08-007
TB2-K-K08-007-3,TBCV2-K-K08-007,Room K08-007
TB2-K-K08-007-4,TBCV2-K-K08-007,Room K08-007
TB2-K-K08-007-5,TBCV2-K-K08-007,Room K08-007
TB2-K-K08-008-1,TBCV2-K-K08-008,Room K08-008
TB2-K-K08-008-2,TBCV2-K-K08-008,Room K08-008
TB2-K-K08-008-3,TBCV2-K-K08-008,Room K08-008
TB2-K-K08-008-4,TBCV2-K-K08-008,Room K08-008
TB2-K-K08-008-5,TBCV2-K-K08-008,Room K08-008
TB2-K-K08-009-1,TBCV2-K-K08-009,Room K08-009
TB2-K-K08-009-2,TBCV2-K-K08-009,Room K08-009
TB2-K-K08-009-3,TBCV2-K-K08-009,Room K08-009
TB2-K-K08-009-4,TBCV2-K-K08-009,Room K08-009
TB2-K-K08-009-5,TBCV2-K-K08-009,Room K08-009
TB2-K-K08-010-1,TBCV2-K-K08-010,Room K08-010
TB2-K-K08-010-2,TBCV2-K-K08-010,Room K08-010
TB2-K-K08-010-3,TBCV2-K-K08-010,Room K08-010
TB2-K-K08-010-4,TBCV2-K-K08-010,Room K08-010
TB2-K-K08-010-5,TBCV2-K-K08-010,Room K08-010
TB2-K-K08-011-1,TBCV2-K-K08-011,Room K08-011
TB2-K-K08-011-2,TBCV2-K-K08-011,Room K08-011
TB2-K-K08-011-3,TBCV2-K-K08-011,Room K08-011
TB2-K-K08-011-4,TBCV2-K-K08-011,Room K08-011
TB2-K-K08-011-5,TBCV2-K-K08-011,Room K08-011
TB2-K-K08-012-1,TBCV2-K-K08-012,Room K08-012
TB2-K-K08-012-2,TBCV2-K-K08-012,Room K08-012
TB2-K-K08-012-3,TBCV2-K-K08-012,Room K08-012
TB2-K-K08-012-4,TBCV2-K-K08-012,Room K08-012
TB2-K-K08-012-5,TBCV2-K-K08-012,Room K08-012
TB2-K-K08-101-1,TBCV2-K-K08-101,Room K08-101
TB2-K-K08-101-2,TBCV2-K-K08-101,Room K08-101
TB2-K-K08-101-3,TBCV2-K-K08-101,Room K08-101
TB2-K-K08-101-4,TBCV2-K-K08-101,Room K08-101
TB2-K-K08-102-1,TBCV2-K-K08-102,Room K08-102
TB2-K-K08-102-2,TBCV2-K-K08-102,Room K08-102
TB2-K-K08-102-3,TBCV2-K-K08-102,Room K08-102
TB2-K-K08-102-4,TBCV2-K-K08-102,Room K08-102
TB2-K-K08-103-1,TBCV2-K-K08-103,Room K08-103
TB2-K-K08-103-2,TBCV2-K-K08-103,Room K08-103
TB2-K-K08-103-3,TBCV2-K-K08-103,Room K08-103
TB2-K-K08-103-4,TBCV2-K-K08-103,Room K08-103
TB2-K-K08-104-1,TBCV2-K-K08-104,Room K08-104
TB2-K-K08-104-2,TBCV2-K-K08-104,Room K08-104
TB2-K-K08-104-3,TBCV2-K-K08-104,Room K08-104
TB2-K-K08-104-4,TBCV2-K-K08-104,Room K08-104
TB2-K-K08-105-1,TBCV2-K-K08-105,Room K08-105
TB2-K-K08-105-2,TBCV2-K-K08-105,Room K08-105
TB2-K-K08-105-3,TBCV2-K-K08-105,Room K08-105
TB2-K-K08-105-4,TBCV2-K-K08-105,Room K08-105
TB2-K-K08-106-1,TBCV2-K-K08-106,Room K08-106
TB2-K-K08-106-2,TBCV2-K-K08-106,Room K08-106
TB2-K-K08-106-3,TBCV2-K-K08-106,Room K08-106
TB2-K-K08-106-4,TBCV2-K-K08-106,Room K08-106
TB2-K-K08-107-1,TBCV2-K-K08-107,Room K08-107
TB2-K-K08-107-2,TBCV2-K-K08-107,Room K08-107
TB2-K-K08-107-3,TBCV2-K-K08-107,Room K08-107
TB2-K-K08-107-4,TBCV2-K-K08-107,Room K08-107
TB2-K-K08-108-1,TBCV2-K-K08-108,Room K08-108
TB2-K-K08-108-2,TBCV2-K-K08-108,Room K08-108
TB2-K-K08-108-3,TBCV2-K-K08-108,Room K08-108
TB2-K-K08-108-4,TBCV2-K-K08-108,Room K08-108
TB2-K-K08-109-1,TBCV2-K-K08-109,Room K08-109
TB2-K-K08-109-2,TBCV2-K-K08-109,Room K08-109
TB2-K-K08-109-3,TBCV2-K-K08-109,Room K08-109
TB2-K-K08-109-4,TBCV2-K-K08-109,Room K08-109
TB2-K-K08-110-1,TBCV2-K-K08-110,Room K08-110
TB2-K-K08-110-2,TBCV2-K-K08-110,Room K08-110
TB2-K-K08-110-3,TBCV2-K-K08-110,Room K08-110
TB2-K-K08-110-4,TBCV2-K-K08-110,Room K08-110
TB2-K-K08-111-1,TBCV2-K-K08-111,Room K08-111
TB2-K-K08-111-2,TBCV2-K-K08-111,Room K08-111
TB2-K-K08-111-3,TBCV2-K-K08-111,Room K08-111
TB2-K-K08-111-4,TBCV2-K-K08-111,Room K08-111
TB2-K-K08-112-1,TBCV2-K-K08-112,Room K08-112
TB2-K-K08-112-2,TBCV2-K-K08-112,Room K08-112
TB2-K-K08-112-3,TBCV2-K-K08-112,Room K08-112
TB2-K-K08-112-4,TBCV2-K-K08-112,Room K08-112
TB2-K-K09-001-1,TBCV2-K-K09-001,Room K09-001
TB2-K-K09-001-2,TBCV2-K-K09-001,Room K09-001
TB2-K-K09-001-3,TBCV2-K-K09-001,Room K09-001
TB2-K-K09-001-4,TBCV2-K-K09-001,Room K09-001
TB2-K-K09-001-5,TBCV2-K-K09-001,Room K09-001
TB2-K-K09-002-1,TBCV2-K-K09-002,Room K09-002
TB2-K-K09-002-2,TBCV2-K-K09-002,Room K09-002
TB2-K-K09-002-3,TBCV2-K-K09-002,Room K09-002
TB2-K-K09-002-4,TBCV2-K-K09-002,Room K09-002
TB2-K-K09-002-5,TBCV2-K-K09-002,Room K09-002
TB2-K-K09-003-1,TBCV2-K-K09-003,Room K09-003
TB2-K-K09-003-2,TBCV2-K-K09-003,Room K09-003
TB2-K-K09-003-3,TBCV2-K-K09-003,Room K09-003
TB2-K-K09-003-4,TBCV2-K-K09-003,Room K09-003
TB2-K-K09-003-5,TBCV2-K-K09-003,Room K09-003
TB2-K-K09-004-1,TBCV2-K-K09-004,Room K09-004
TB2-K-K09-004-2,TBCV2-K-K09-004,Room K09-004
TB2-K-K09-004-3,TBCV2-K-K09-004,Room K09-004
TB2-K-K09-004-4,TBCV2-K-K09-004,Room K09-004
TB2-K-K09-004-5,TBCV2-K-K09-004,Room K09-004
TB2-K-K09-005-1,TBCV2-K-K09-005,Room K09-005
TB2-K-K09-005-2,TBCV2-K-K09-005,Room K09-005
TB2-K-K09-005-3,TBCV2-K-K09-005,Room K09-005
TB2-K-K09-005-4,TBCV2-K-K09-005,Room K09-005
TB2-K-K09-005-5,TBCV2-K-K09-005,Room K09-005
TB2-K-K09-006-1,TBCV2-K-K09-006,Room K09-006
TB2-K-K09-006-2,TBCV2-K-K09-006,Room K09-006
TB2-K-K09-006-3,TBCV2-K-K09-006,Room K09-006
TB2-K-K09-006-4,TBCV2-K-K09-006,Room K09-006
TB2-K-K09-006-5,TBCV2-K-K09-006,Room K09-006
TB2-K-K09-007-1,TBCV2-K-K09-007,Room K09-007
TB2-K-K09-007-2,TBCV2-K-K09-007,Room K09-007
TB2-K-K09-007-3,TBCV2-K-K09-007,Room K09-007
TB2-K-K09-007-4,TBCV2-K-K09-007,Room K09-007
TB2-K-K09-007-5,TBCV2-K-K09-007,Room K09-007
TB2-K-K09-008-1,TBCV2-K-K09-008,Room K09-008
TB2-K-K09-008-2,TBCV2-K-K09-008,Room K09-008
TB2-K-K09-008-3,TBCV2-K-K09-008,Room K09-008
TB2-K-K09-008-4,TBCV2-K-K09-008,Room K09-008
TB2-K-K09-008-5,TBCV2-K-K09-008,Room K09-008
TB2-K-K09-009-1,TBCV2-K-K09-009,Room K09-009
TB2-K-K09-009-2,TBCV2-K-K09-009,Room K09-009
TB2-K-K09-009-3,TBCV2-K-K09-009,Room K09-009
TB2-K-K09-009-4,TBCV2-K-K09-009,Room K09-009
TB2-K-K09-009-5,TBCV2-K-K09-009,Room K09-009
TB2-K-K09-010-1,TBCV2-K-K09-010,Room K09-010
TB2-K-K09-010-2,TBCV2-K-K09-010,Room K09-010
TB2-K-K09-010-3,TBCV2-K-K09-010,Room K09-010
TB2-K-K09-010-4,TBCV2-K-K09-010,Room K09-010
TB2-K-K09-010-5,TBCV2-K-K09-010,Room K09-010
TB2-K-K09-011-1,TBCV2-K-K09-011,Room K09-011
TB2-K-K09-011-2,TBCV2-K-K09-011,Room K09-011
TB2-K-K09-011-3,TBCV2-K-K09-011,Room K09-011
TB2-K-K09-011-4,TBCV2-K-K09-011,Room K09-011
TB2-K-K09-011-5,TBCV2-K-K09-011,Room K09-011
TB2-K-K09-012-1,TBCV2-K-K09-012,Room K09-012
TB2-K-K09-012-2,TBCV2-K-K09-012,Room K09-012
TB2-K-K09-012-3,TBCV2-K-K09-012,Room K09-012
TB2-K-K09-012-4,TBCV2-K-K09-012,Room K09-012
TB2-K-K09-012-5,TBCV2-K-K09-012,Room K09-012
TB2-K-K09-101-1,TBCV2-K-K09-101,Room K09-101
TB2-K-K09-101-2,TBCV2-K-K09-101,Room K09-101
TB2-K-K09-101-3,TBCV2-K-K09-101,Room K09-101
TB2-K-K09-101-4,TBCV2-K-K09-101,Room K09-101
TB2-K-K09-102-1,TBCV2-K-K09-102,Room K09-102
TB2-K-K09-102-2,TBCV2-K-K09-102,Room K09-102
TB2-K-K09-102-3,TBCV2-K-K09-102,Room K09-102
TB2-K-K09-102-4,TBCV2-K-K09-102,Room K09-102
TB2-K-K09-103-1,TBCV2-K-K09-103,Room K09-103
TB2-K-K09-103-2,TBCV2-K-K09-103,Room K09-103
TB2-K-K09-103-3,TBCV2-K-K09-103,Room K09-103
TB2-K-K09-103-4,TBCV2-K-K09-103,Room K09-103
TB2-K-K09-104-1,TBCV2-K-K09-104,Room K09-104
TB2-K-K09-104-2,TBCV2-K-K09-104,Room K09-104
TB2-K-K09-104-3,TBCV2-K-K09-104,Room K09-104
TB2-K-K09-104-4,TBCV2-K-K09-104,Room K09-104
TB2-K-K09-105-1,TBCV2-K-K09-105,Room K09-105
TB2-K-K09-105-2,TBCV2-K-K09-105,Room K09-105
TB2-K-K09-105-3,TBCV2-K-K09-105,Room K09-105
TB2-K-K09-105-4,TBCV2-K-K09-105,Room K09-105
TB2-K-K09-106-1,TBCV2-K-K09-106,Room K09-106
TB2-K-K09-106-2,TBCV2-K-K09-106,Room K09-106
TB2-K-K09-106-3,TBCV2-K-K09-106,Room K09-106
TB2-K-K09-106-4,TBCV2-K-K09-106,Room K09-106
TB2-K-K09-107-1,TBCV2-K-K09-107,Room K09-107
TB2-K-K09-107-2,TBCV2-K-K09-107,Room K09-107
TB2-K-K09-107-3,TBCV2-K-K09-107,Room K09-107
TB2-K-K09-107-4,TBCV2-K-K09-107,Room K09-107
TB2-K-K09-108-1,TBCV2-K-K09-108,Room K09-108
TB2-K-K09-108-2,TBCV2-K-K09-108,Room K09-108
TB2-K-K09-108-3,TBCV2-K-K09-108,Room K09-108
TB2-K-K09-108-4,TBCV2-K-K09-108,Room K09-108
TB2-K-K09-109-1,TBCV2-K-K09-109,Room K09-109
TB2-K-K09-109-2,TBCV2-K-K09-109,Room K09-109
TB2-K-K09-109-3,TBCV2-K-K09-109,Room K09-109
TB2-K-K09-109-4,TBCV2-K-K09-109,Room K09-109
TB2-K-K09-110-1,TBCV2-K-K09-110,Room K09-110
TB2-K-K09-110-2,TBCV2-K-K09-110,Room K09-110
TB2-K-K09-110-3,TBCV2-K-K09-110,Room K09-110
TB2-K-K09-110-4,TBCV2-K-K09-110,Room K09-110
TB2-K-K09-111-1,TBCV2-K-K09-111,Room K09-111
TB2-K-K09-111-2,TBCV2-K-K09-111,Room K09-111
TB2-K-K09-111-3,TBCV2-K-K09-111,Room K09-111
TB2-K-K09-111-4,TBCV2-K-K09-111,Room K09-111
TB2-K-K09-112-1,TBCV2-K-K09-112,Room K09-112
TB2-K-K09-112-2,TBCV2-K-K09-112,Room K09-112
TB2-K-K09-112-3,TBCV2-K-K09-112,Room K09-112
TB2-K-K09-112-4,TBCV2-K-K09-112,Room K09-112
TB2-K-K10-001-1,TBCV2-K-K10-001,Room K10-001
TB2-K-K10-001-2,TBCV2-K-K10-001,Room K10-001
TB2-K-K10-001-3,TBCV2-K-K10-001,Room K10-001
TB2-K-K10-001-4,TBCV2-K-K10-001,Room K10-001
TB2-K-K10-001-5,TBCV2-K-K10-001,Room K10-001
TB2-K-K10-002-1,TBCV2-K-K10-002,Room K10-002
TB2-K-K10-002-2,TBCV2-K-K10-002,Room K10-002
TB2-K-K10-002-3,TBCV2-K-K10-002,Room K10-002
TB2-K-K10-002-4,TBCV2-K-K10-002,Room K10-002
TB2-K-K10-002-5,TBCV2-K-K10-002,Room K10-002
TB2-K-K10-003-1,TBCV2-K-K10-003,Room K10-003
TB2-K-K10-003-2,TBCV2-K-K10-003,Room K10-003
TB2-K-K10-003-3,TBCV2-K-K10-003,Room K10-003
TB2-K-K10-003-4,TBCV2-K-K10-003,Room K10-003
TB2-K-K10-003-5,TBCV2-K-K10-003,Room K10-003
TB2-K-K10-004-1,TBCV2-K-K10-004,Room K10-004
TB2-K-K10-004-2,TBCV2-K-K10-004,Room K10-004
TB2-K-K10-004-3,TBCV2-K-K10-004,Room K10-004
TB2-K-K10-004-4,TBCV2-K-K10-004,Room K10-004
TB2-K-K10-004-5,TBCV2-K-K10-004,Room K10-004
TB2-K-K10-005-1,TBCV2-K-K10-005,Room K10-005
TB2-K-K10-005-2,TBCV2-K-K10-005,Room K10-005
TB2-K-K10-005-3,TBCV2-K-K10-005,Room K10-005
TB2-K-K10-005-4,TBCV2-K-K10-005,Room K10-005
TB2-K-K10-005-5,TBCV2-K-K10-005,Room K10-005
TB2-K-K10-006-1,TBCV2-K-K10-006,Room K10-006
TB2-K-K10-006-2,TBCV2-K-K10-006,Room K10-006
TB2-K-K10-006-3,TBCV2-K-K10-006,Room K10-006
TB2-K-K10-006-4,TBCV2-K-K10-006,Room K10-006
TB2-K-K10-006-5,TBCV2-K-K10-006,Room K10-006
TB2-K-K10-007-1,TBCV2-K-K10-007,Room K10-007
TB2-K-K10-007-2,TBCV2-K-K10-007,Room K10-007
TB2-K-K10-007-3,TBCV2-K-K10-007,Room K10-007
TB2-K-K10-007-4,TBCV2-K-K10-007,Room K10-007
TB2-K-K10-007-5,TBCV2-K-K10-007,Room K10-007
TB2-K-K10-008-1,TBCV2-K-K10-008,Room K10-008
TB2-K-K10-008-2,TBCV2-K-K10-008,Room K10-008
TB2-K-K10-008-3,TBCV2-K-K10-008,Room K10-008
TB2-K-K10-008-4,TBCV2-K-K10-008,Room K10-008
TB2-K-K10-008-5,TBCV2-K-K10-008,Room K10-008
TB2-K-K10-009-1,TBCV2-K-K10-009,Room K10-009
TB2-K-K10-009-2,TBCV2-K-K10-009,Room K10-009
TB2-K-K10-009-3,TBCV2-K-K10-009,Room K10-009
TB2-K-K10-009-4,TBCV2-K-K10-009,Room K10-009
TB2-K-K10-009-5,TBCV2-K-K10-009,Room K10-009
TB2-K-K10-010-1,TBCV2-K-K10-010,Room K10-010
TB2-K-K10-010-2,TBCV2-K-K10-010,Room K10-010
TB2-K-K10-010-3,TBCV2-K-K10-010,Room K10-010
TB2-K-K10-010-4,TBCV2-K-K10-010,Room K10-010
TB2-K-K10-010-5,TBCV2-K-K10-010,Room K10-010
TB2-K-K10-011-1,TBCV2-K-K10-011,Room K10-011
TB2-K-K10-011-2,TBCV2-K-K10-011,Room K10-011
TB2-K-K10-011-3,TBCV2-K-K10-011,Room K10-011
TB2-K-K10-011-4,TBCV2-K-K10-011,Room K10-011
TB2-K-K10-011-5,TBCV2-K-K10-011,Room K10-011
TB2-K-K10-012-1,TBCV2-K-K10-012,Room K10-012
TB2-K-K10-012-2,TBCV2-K-K10-012,Room K10-012
TB2-K-K10-012-3,TBCV2-K-K10-012,Room K10-012
TB2-K-K10-012-4,TBCV2-K-K10-012,Room K10-012
TB2-K-K10-012-5,TBCV2-K-K10-012,Room K10-012
TB2-K-K10-101-1,TBCV2-K-K10-101,Room K10-101
TB2-K-K10-101-2,TBCV2-K-K10-101,Room K10-101
TB2-K-K10-101-3,TBCV2-K-K10-101,Room K10-101
TB2-K-K10-101-4,TBCV2-K-K10-101,Room K10-101
TB2-K-K10-102-1,TBCV2-K-K10-102,Room K10-102
TB2-K-K10-102-2,TBCV2-K-K10-102,Room K10-102
TB2-K-K10-102-3,TBCV2-K-K10-102,Room K10-102
TB2-K-K10-102-4,TBCV2-K-K10-102,Room K10-102
TB2-K-K10-103-1,TBCV2-K-K10-103,Room K10-103
TB2-K-K10-103-2,TBCV2-K-K10-103,Room K10-103
TB2-K-K10-103-3,TBCV2-K-K10-103,Room K10-103
TB2-K-K10-103-4,TBCV2-K-K10-103,Room K10-103
TB2-K-K10-104-1,TBCV2-K-K10-104,Room K10-104
TB2-K-K10-104-2,TBCV2-K-K10-104,Room K10-104
TB2-K-K10-104-3,TBCV2-K-K10-104,Room K10-104
TB2-K-K10-104-4,TBCV2-K-K10-104,Room K10-104
TB2-K-K10-105-1,TBCV2-K-K10-105,Room K10-105
TB2-K-K10-105-2,TBCV2-K-K10-105,Room K10-105
TB2-K-K10-105-3,TBCV2-K-K10-105,Room K10-105
TB2-K-K10-105-4,TBCV2-K-K10-105,Room K10-105
TB2-K-K10-106-1,TBCV2-K-K10-106,Room K10-106
TB2-K-K10-106-2,TBCV2-K-K10-106,Room K10-106
TB2-K-K10-106-3,TBCV2-K-K10-106,Room K10-106
TB2-K-K10-106-4,TBCV2-K-K10-106,Room K10-106
TB2-K-K10-107-1,TBCV2-K-K10-107,Room K10-107
TB2-K-K10-107-2,TBCV2-K-K10-107,Room K10-107
TB2-K-K10-107-3,TBCV2-K-K10-107,Room K10-107
TB2-K-K10-107-4,TBCV2-K-K10-107,Room K10-107
TB2-K-K10-108-1,TBCV2-K-K10-108,Room K10-108
TB2-K-K10-108-2,TBCV2-K-K10-108,Room K10-108
TB2-K-K10-108-3,TBCV2-K-K10-108,Room K10-108
TB2-K-K10-108-4,TBCV2-K-K10-108,Room K10-108
TB2-K-K10-109-1,TBCV2-K-K10-109,Room K10-109
TB2-K-K10-109-2,TBCV2-K-K10-109,Room K10-109
TB2-K-K10-109-3,TBCV2-K-K10-109,Room K10-109
TB2-K-K10-109-4,TBCV2-K-K10-109,Room K10-109
TB2-K-K10-110-1,TBCV2-K-K10-110,Room K10-110
TB2-K-K10-110-2,TBCV2-K-K10-110,Room K10-110
TB2-K-K10-110-3,TBCV2-K-K10-110,Room K10-110
TB2-K-K10-110-4,TBCV2-K-K10-110,Room K10-110
TB2-K-K10-111-1,TBCV2-K-K10-111,Room K10-111
TB2-K-K10-111-2,TBCV2-K-K10-111,Room K10-111
TB2-K-K10-111-3,TBCV2-K-K10-111,Room K10-111
TB2-K-K10-111-4,TBCV2-K-K10-111,Room K10-111
TB2-K-K10-112-1,TBCV2-K-K10-112,Room K10-112
TB2-K-K10-112-2,TBCV2-K-K10-112,Room K10-112
TB2-K-K10-112-3,TBCV2-K-K10-112,Room K10-112
TB2-K-K10-112-4,TBCV2-K-K10-112,Room K10-112
TB2-K-K11-001-1,TBCV2-K-K11-001,Room K11-001
TB2-K-K11-001-2,TBCV2-K-K11-001,Room K11-001
TB2-K-K11-001-3,TBCV2-K-K11-001,Room K11-001
TB2-K-K11-001-4,TBCV2-K-K11-001,Room K11-001
TB2-K-K11-001-5,TBCV2-K-K11-001,Room K11-001
TB2-K-K11-002-1,TBCV2-K-K11-002,Room K11-002
TB2-K-K11-002-2,TBCV2-K-K11-002,Room K11-002
TB2-K-K11-002-3,TBCV2-K-K11-002,Room K11-002
TB2-K-K11-002-4,TBCV2-K-K11-002,Room K11-002
TB2-K-K11-002-5,TBCV2-K-K11-002,Room K11-002
TB2-K-K11-003-1,TBCV2-K-K11-003,Room K11-003
TB2-K-K11-003-2,TBCV2-K-K11-003,Room K11-003
TB2-K-K11-003-3,TBCV2-K-K11-003,Room K11-003
TB2-K-K11-003-4,TBCV2-K-K11-003,Room K11-003
TB2-K-K11-003-5,TBCV2-K-K11-003,Room K11-003
TB2-K-K11-004-1,TBCV2-K-K11-004,Room K11-004
TB2-K-K11-004-2,TBCV2-K-K11-004,Room K11-004
TB2-K-K11-004-3,TBCV2-K-K11-004,Room K11-004
TB2-K-K11-004-4,TBCV2-K-K11-004,Room K11-004
TB2-K-K11-004-5,TBCV2-K-K11-004,Room K11-004
TB2-K-K11-005-1,TBCV2-K-K11-005,Room K11-005
TB2-K-K11-005-2,TBCV2-K-K11-005,Room K11-005
TB2-K-K11-005-3,TBCV2-K-K11-005,Room K11-005
TB2-K-K11-005-4,TBCV2-K-K11-005,Room K11-005
TB2-K-K11-005-5,TBCV2-K-K11-005,Room K11-005
TB2-K-K11-006-1,TBCV2-K-K11-006,Room K11-006
TB2-K-K11-006-2,TBCV2-K-K11-006,Room K11-006
TB2-K-K11-006-3,TBCV2-K-K11-006,Room K11-006
TB2-K-K11-006-4,TBCV2-K-K11-006,Room K11-006
TB2-K-K11-006-5,TBCV2-K-K11-006,Room K11-006
TB2-K-K11-007-1,TBCV2-K-K11-007,Room K11-007
TB2-K-K11-007-2,TBCV2-K-K11-007,Room K11-007
TB2-K-K11-007-3,TBCV2-K-K11-007,Room K11-007
TB2-K-K11-007-4,TBCV2-K-K11-007,Room K11-007
TB2-K-K11-007-5,TBCV2-K-K11-007,Room K11-007
TB2-K-K11-008-1,TBCV2-K-K11-008,Room K11-008
TB2-K-K11-008-2,TBCV2-K-K11-008,Room K11-008
TB2-K-K11-008-3,TBCV2-K-K11-008,Room K11-008
TB2-K-K11-008-4,TBCV2-K-K11-008,Room K11-008
TB2-K-K11-008-5,TBCV2-K-K11-008,Room K11-008
TB2-K-K11-009-1,TBCV2-K-K11-009,Room K11-009
TB2-K-K11-009-2,TBCV2-K-K11-009,Room K11-009
TB2-K-K11-009-3,TBCV2-K-K11-009,Room K11-009
TB2-K-K11-009-4,TBCV2-K-K11-009,Room K11-009
TB2-K-K11-009-5,TBCV2-K-K11-009,Room K11-009
TB2-K-K11-010-1,TBCV2-K-K11-010,Room K11-010
TB2-K-K11-010-2,TBCV2-K-K11-010,Room K11-010
TB2-K-K11-010-3,TBCV2-K-K11-010,Room K11-010
TB2-K-K11-010-4,TBCV2-K-K11-010,Room K11-010
TB2-K-K11-010-5,TBCV2-K-K11-010,Room K11-010
TB2-K-K11-011-1,TBCV2-K-K11-011,Room K11-011
TB2-K-K11-011-2,TBCV2-K-K11-011,Room K11-011
TB2-K-K11-011-3,TBCV2-K-K11-011,Room K11-011
TB2-K-K11-011-4,TBCV2-K-K11-011,Room K11-011
TB2-K-K11-011-5,TBCV2-K-K11-011,Room K11-011
TB2-K-K11-012-1,TBCV2-K-K11-012,Room K11-012
TB2-K-K11-012-2,TBCV2-K-K11-012,Room K11-012
TB2-K-K11-012-3,TBCV2-K-K11-012,Room K11-012
TB2-K-K11-012-4,TBCV2-K-K11-012,Room K11-012
TB2-K-K11-012-5,TBCV2-K-K11-012,Room K11-012
TB2-K-K11-101-1,TBCV2-K-K11-101,Room K11-101
TB2-K-K11-101-2,TBCV2-K-K11-101,Room K11-101
TB2-K-K11-101-3,TBCV2-K-K11-101,Room K11-101
TB2-K-K11-101-4,TBCV2-K-K11-101,Room K11-101
TB2-K-K11-102-1,TBCV2-K-K11-102,Room K11-102
TB2-K-K11-102-2,TBCV2-K-K11-102,Room K11-102
TB2-K-K11-102-3,TBCV2-K-K11-102,Room K11-102
TB2-K-K11-102-4,TBCV2-K-K11-102,Room K11-102
TB2-K-K11-103-1,TBCV2-K-K11-103,Room K11-103
TB2-K-K11-103-2,TBCV2-K-K11-103,Room K11-103
TB2-K-K11-103-3,TBCV2-K-K11-103,Room K11-103
TB2-K-K11-103-4,TBCV2-K-K11-103,Room K11-103
TB2-K-K11-104-1,TBCV2-K-K11-104,Room K11-104
TB2-K-K11-104-2,TBCV2-K-K11-104,Room K11-104
TB2-K-K11-104-3,TBCV2-K-K11-104,Room K11-104
TB2-K-K11-104-4,TBCV2-K-K11-104,Room K11-104
TB2-K-K11-105-1,TBCV2-K-K11-105,Room K11-105
TB2-K-K11-105-2,TBCV2-K-K11-105,Room K11-105
TB2-K-K11-105-3,TBCV2-K-K11-105,Room K11-105
TB2-K-K11-105-4,TBCV2-K-K11-105,Room K11-105
TB2-K-K11-106-1,TBCV2-K-K11-106,Room K11-106
TB2-K-K11-106-2,TBCV2-K-K11-106,Room K11-106
TB2-K-K11-106-3,TBCV2-K-K11-106,Room K11-106
TB2-K-K11-106-4,TBCV2-K-K11-106,Room K11-106
TB2-K-K11-107-1,TBCV2-K-K11-107,Room K11-107
TB2-K-K11-107-2,TBCV2-K-K11-107,Room K11-107
TB2-K-K11-107-3,TBCV2-K-K11-107,Room K11-107
TB2-K-K11-107-4,TBCV2-K-K11-107,Room K11-107
TB2-K-K11-108-1,TBCV2-K-K11-108,Room K11-108
TB2-K-K11-108-2,TBCV2-K-K11-108,Room K11-108
TB2-K-K11-108-3,TBCV2-K-K11-108,Room K11-108
TB2-K-K11-108-4,TBCV2-K-K11-108,Room K11-108
TB2-K-K11-109-1,TBCV2-K-K11-109,Room K11-109
TB2-K-K11-109-2,TBCV2-K-K11-109,Room K11-109
TB2-K-K11-109-3,TBCV2-K-K11-109,Room K11-109
TB2-K-K11-109-4,TBCV2-K-K11-109,Room K11-109
TB2-K-K11-110-1,TBCV2-K-K11-110,Room K11-110
TB2-K-K11-110-2,TBCV2-K-K11-110,Room K11-110
TB2-K-K11-110-3,TBCV2-K-K11-110,Room K11-110
TB2-K-K11-110-4,TBCV2-K-K11-110,Room K11-110
TB2-K-K11-111-1,TBCV2-K-K11-111,Room K11-111
TB2-K-K11-111-2,TBCV2-K-K11-111,Room K11-111
TB2-K-K11-111-3,TBCV2-K-K11-111,Room K11-111
TB2-K-K11-111-4,TBCV2-K-K11-111,Room K11-111
TB2-K-K11-112-1,TBCV2-K-K11-112,Room K11-112
TB2-K-K11-112-2,TBCV2-K-K11-112,Room K11-112
TB2-K-K11-112-3,TBCV2-K-K11-112,Room K11-112
TB2-K-K11-112-4,TBCV2-K-K11-112,Room K11-112
TB2-K-K12-001-1,TBCV2-K-K12-001,Room K12-001
TB2-K-K12-001-2,TBCV2-K-K12-001,Room K12-001
TB2-K-K12-001-3,TBCV2-K-K12-001,Room K12-001
TB2-K-K12-001-4,TBCV2-K-K12-001,Room K12-001
TB2-K-K12-001-5,TBCV2-K-K12-001,Room K12-001
TB2-K-K12-002-1,TBCV2-K-K12-002,Room K12-002
TB2-K-K12-002-2,TBCV2-K-K12-002,Room K12-002
TB2-K-K12-002-3,TBCV2-K-K12-002,Room K12-002
TB2-K-K12-002-4,TBCV2-K-K12-002,Room K12-002
TB2-K-K12-002-5,TBCV2-K-K12-002,Room K12-002
TB2-K-K12-003-1,TBCV2-K-K12-003,Room K12-003
TB2-K-K12-003-2,TBCV2-K-K12-003,Room K12-003
TB2-K-K12-003-3,TBCV2-K-K12-003,Room K12-003
TB2-K-K12-003-4,TBCV2-K-K12-003,Room K12-003
TB2-K-K12-003-5,TBCV2-K-K12-003,Room K12-003
TB2-K-K12-004-1,TBCV2-K-K12-004,Room K12-004
TB2-K-K12-004-2,TBCV2-K-K12-004,Room K12-004
TB2-K-K12-004-3,TBCV2-K-K12-004,Room K12-004
TB2-K-K12-004-4,TBCV2-K-K12-004,Room K12-004
TB2-K-K12-004-5,TBCV2-K-K12-004,Room K12-004
TB2-K-K12-005-1,TBCV2-K-K12-005,Room K12-005
TB2-K-K12-005-2,TBCV2-K-K12-005,Room K12-005
TB2-K-K12-005-3,TBCV2-K-K12-005,Room K12-005
TB2-K-K12-005-4,TBCV2-K-K12-005,Room K12-005
TB2-K-K12-005-5,TBCV2-K-K12-005,Room K12-005
TB2-K-K12-006-1,TBCV2-K-K12-006,Room K12-006
TB2-K-K12-006-2,TBCV2-K-K12-006,Room K12-006
TB2-K-K12-006-3,TBCV2-K-K12-006,Room K12-006
TB2-K-K12-006-4,TBCV2-K-K12-006,Room K12-006
TB2-K-K12-006-5,TBCV2-K-K12-006,Room K12-006
TB2-K-K12-007-1,TBCV2-K-K12-007,Room K12-007
TB2-K-K12-007-2,TBCV2-K-K12-007,Room K12-007
TB2-K-K12-007-3,TBCV2-K-K12-007,Room K12-007
TB2-K-K12-007-4,TBCV2-K-K12-007,Room K12-007
TB2-K-K12-007-5,TBCV2-K-K12-007,Room K12-007
TB2-K-K12-008-1,TBCV2-K-K12-008,Room K12-008
TB2-K-K12-008-2,TBCV2-K-K12-008,Room K12-008
TB2-K-K12-008-3,TBCV2-K-K12-008,Room K12-008
TB2-K-K12-008-4,TBCV2-K-K12-008,Room K12-008
TB2-K-K12-008-5,TBCV2-K-K12-008,Room K12-008
TB2-K-K12-009-1,TBCV2-K-K12-009,Room K12-009
TB2-K-K12-009-2,TBCV2-K-K12-009,Room K12-009
TB2-K-K12-009-3,TBCV2-K-K12-009,Room K12-009
TB2-K-K12-009-4,TBCV2-K-K12-009,Room K12-009
TB2-K-K12-009-5,TBCV2-K-K12-009,Room K12-009
TB2-K-K12-010-1,TBCV2-K-K12-010,Room K12-010
TB2-K-K12-010-2,TBCV2-K-K12-010,Room K12-010
TB2-K-K12-010-3,TBCV2-K-K12-010,Room K12-010
TB2-K-K12-010-4,TBCV2-K-K12-010,Room K12-010
TB2-K-K12-010-5,TBCV2-K-K12-010,Room K12-010
TB2-K-K12-011-1,TBCV2-K-K12-011,Room K12-011
TB2-K-K12-011-2,TBCV2-K-K12-011,Room K12-011
TB2-K-K12-011-3,TBCV2-K-K12-011,Room K12-011
TB2-K-K12-011-4,TBCV2-K-K12-011,Room K12-011
TB2-K-K12-011-5,TBCV2-K-K12-011,Room K12-011
TB2-K-K12-012-1,TBCV2-K-K12-012,Room K12-012
TB2-K-K12-012-2,TBCV2-K-K12-012,Room K12-012
TB2-K-K12-012-3,TBCV2-K-K12-012,Room K12-012
TB2-K-K12-012-4,TBCV2-K-K12-012,Room K12-012
TB2-K-K12-012-5,TBCV2-K-K12-012,Room K12-012
TB2-K-K12-101-1,TBCV2-K-K12-101,Room K12-101
TB2-K-K12-101-2,TBCV2-K-K12-101,Room K12-101
TB2-K-K12-101-3,TBCV2-K-K12-101,Room K12-101
TB2-K-K12-101-4,TBCV2-K-K12-101,Room K12-101
TB2-K-K12-102-1,TBCV2-K-K12-102,Room K12-102
TB2-K-K12-102-2,TBCV2-K-K12-102,Room K12-102
TB2-K-K12-102-3,TBCV2-K-K12-102,Room K12-102
TB2-K-K12-102-4,TBCV2-K-K12-102,Room K12-102
TB2-K-K12-103-1,TBCV2-K-K12-103,Room K12-103
TB2-K-K12-103-2,TBCV2-K-K12-103,Room K12-103
TB2-K-K12-103-3,TBCV2-K-K12-103,Room K12-103
TB2-K-K12-103-4,TBCV2-K-K12-103,Room K12-103
TB2-K-K12-104-1,TBCV2-K-K12-104,Room K12-104
TB2-K-K12-104-2,TBCV2-K-K12-104,Room K12-104
TB2-K-K12-104-3,TBCV2-K-K12-104,Room K12-104
TB2-K-K12-104-4,TBCV2-K-K12-104,Room K12-104
TB2-K-K12-105-1,TBCV2-K-K12-105,Room K12-105
TB2-K-K12-105-2,TBCV2-K-K12-105,Room K12-105
TB2-K-K12-105-3,TBCV2-K-K12-105,Room K12-105
TB2-K-K12-105-4,TBCV2-K-K12-105,Room K12-105
TB2-K-K12-106-1,TBCV2-K-K12-106,Room K12-106
TB2-K-K12-106-2,TBCV2-K-K12-106,Room K12-106
TB2-K-K12-106-3,TBCV2-K-K12-106,Room K12-106
TB2-K-K12-106-4,TBCV2-K-K12-106,Room K12-106
TB2-K-K12-107-1,TBCV2-K-K12-107,Room K12-107
TB2-K-K12-107-2,TBCV2-K-K12-107,Room K12-107
TB2-K-K12-107-3,TBCV2-K-K12-107,Room K12-107
TB2-K-K12-107-4,TBCV2-K-K12-107,Room K12-107
TB2-K-K12-108-1,TBCV2-K-K12-108,Room K12-108
TB2-K-K12-108-2,TBCV2-K-K12-108,Room K12-108
TB2-K-K12-108-3,TBCV2-K-K12-108,Room K12-108
TB2-K-K12-108-4,TBCV2-K-K12-108,Room K12-108
TB2-K-K12-109-1,TBCV2-K-K12-109,Room K12-109
TB2-K-K12-109-2,TBCV2-K-K12-109,Room K12-109
TB2-K-K12-109-3,TBCV2-K-K12-109,Room K12-109
TB2-K-K12-109-4,TBCV2-K-K12-109,Room K12-109
TB2-K-K12-110-1,TBCV2-K-K12-110,Room K12-110
TB2-K-K12-110-2,TBCV2-K-K12-110,Room K12-110
TB2-K-K12-110-3,TBCV2-K-K12-110,Room K12-110
TB2-K-K12-110-4,TBCV2-K-K12-110,Room K12-110
TB2-K-K12-111-1,TBCV2-K-K12-111,Room K12-111
TB2-K-K12-111-2,TBCV2-K-K12-111,Room K12-111
TB2-K-K12-111-3,TBCV2-K-K12-111,Room K12-111
TB2-K-K12-111-4,TBCV2-K-K12-111,Room K12-111
TB2-K-K12-112-1,TBCV2-K-K12-112,Room K12-112
TB2-K-K12-112-2,TBCV2-K-K12-112,Room K12-112
TB2-K-K12-112-3,TBCV2-K-K12-112,Room K12-112
TB2-K-K12-112-4,TBCV2-K-K12-112,Room K12-112
TB2-K-K13-001-1,TBCV2-K-K13-001,Room K13-001
TB2-K-K13-001-2,TBCV2-K-K13-001,Room K13-001
TB2-K-K13-001-3,TBCV2-K-K13-001,Room K13-001
TB2-K-K13-001-4,TBCV2-K-K13-001,Room K13-001
TB2-K-K13-001-5,TBCV2-K-K13-001,Room K13-001
TB2-K-K13-002-1,TBCV2-K-K13-002,Room K13-002
TB2-K-K13-002-2,TBCV2-K-K13-002,Room K13-002
TB2-K-K13-002-3,TBCV2-K-K13-002,Room K13-002
TB2-K-K13-002-4,TBCV2-K-K13-002,Room K13-002
TB2-K-K13-002-5,TBCV2-K-K13-002,Room K13-002
TB2-K-K13-003-1,TBCV2-K-K13-003,Room K13-003
TB2-K-K13-003-2,TBCV2-K-K13-003,Room K13-003
TB2-K-K13-003-3,TBCV2-K-K13-003,Room K13-003
TB2-K-K13-003-4,TBCV2-K-K13-003,Room K13-003
TB2-K-K13-003-5,TBCV2-K-K13-003,Room K13-003
TB2-K-K13-004-1,TBCV2-K-K13-004,Room K13-004
TB2-K-K13-004-2,TBCV2-K-K13-004,Room K13-004
TB2-K-K13-004-3,TBCV2-K-K13-004,Room K13-004
TB2-K-K13-004-4,TBCV2-K-K13-004,Room K13-004
TB2-K-K13-004-5,TBCV2-K-K13-004,Room K13-004
TB2-K-K13-005-1,TBCV2-K-K13-005,Room K13-005
TB2-K-K13-005-2,TBCV2-K-K13-005,Room K13-005
TB2-K-K13-005-3,TBCV2-K-K13-005,Room K13-005
TB2-K-K13-005-4,TBCV2-K-K13-005,Room K13-005
TB2-K-K13-005-5,TBCV2-K-K13-005,Room K13-005
TB2-K-K13-006-1,TBCV2-K-K13-006,Room K13-006
TB2-K-K13-006-2,TBCV2-K-K13-006,Room K13-006
TB2-K-K13-006-3,TBCV2-K-K13-006,Room K13-006
TB2-K-K13-006-4,TBCV2-K-K13-006,Room K13-006
TB2-K-K13-006-5,TBCV2-K-K13-006,Room K13-006
TB2-K-K13-007-1,TBCV2-K-K13-007,Room K13-007
TB2-K-K13-007-2,TBCV2-K-K13-007,Room K13-007
TB2-K-K13-007-3,TBCV2-K-K13-007,Room K13-007
TB2-K-K13-007-4,TBCV2-K-K13-007,Room K13-007
TB2-K-K13-007-5,TBCV2-K-K13-007,Room K13-007
TB2-K-K13-008-1,TBCV2-K-K13-008,Room K13-008
TB2-K-K13-008-2,TBCV2-K-K13-008,Room K13-008
TB2-K-K13-008-3,TBCV2-K-K13-008,Room K13-008
TB2-K-K13-008-4,TBCV2-K-K13-008,Room K13-008
TB2-K-K13-008-5,TBCV2-K-K13-008,Room K13-008
TB2-K-K13-009-1,TBCV2-K-K13-009,Room K13-009
TB2-K-K13-009-2,TBCV2-K-K13-009,Room K13-009
TB2-K-K13-009-3,TBCV2-K-K13-009,Room K13-009
TB2-K-K13-009-4,TBCV2-K-K13-009,Room K13-009
TB2-K-K13-009-5,TBCV2-K-K13-009,Room K13-009
TB2-K-K13-010-1,TBCV2-K-K13-010,Room K13-010
TB2-K-K13-010-2,TBCV2-K-K13-010,Room K13-010
TB2-K-K13-010-3,TBCV2-K-K13-010,Room K13-010
TB2-K-K13-010-4,TBCV2-K-K13-010,Room K13-010
TB2-K-K13-010-5,TBCV2-K-K13-010,Room K13-010
TB2-K-K13-011-1,TBCV2-K-K13-011,Room K13-011
TB2-K-K13-011-2,TBCV2-K-K13-011,Room K13-011
TB2-K-K13-011-3,TBCV2-K-K13-011,Room K13-011
TB2-K-K13-011-4,TBCV2-K-K13-011,Room K13-011
TB2-K-K13-011-5,TBCV2-K-K13-011,Room K13-011
TB2-K-K13-012-1,TBCV2-K-K13-012,Room K13-012
TB2-K-K13-012-2,TBCV2-K-K13-012,Room K13-012
TB2-K-K13-012-3,TBCV2-K-K13-012,Room K13-012
TB2-K-K13-012-4,TBCV2-K-K13-012,Room K13-012
TB2-K-K13-012-5,TBCV2-K-K13-012,Room K13-012
TB2-K-K13-101-1,TBCV2-K-K13-101,Room K13-101
TB2-K-K13-101-2,TBCV2-K-K13-101,Room K13-101
TB2-K-K13-101-3,TBCV2-K-K13-101,Room K13-101
TB2-K-K13-101-4,TBCV2-K-K13-101,Room K13-101
TB2-K-K13-102-1,TBCV2-K-K13-102,Room K13-102
TB2-K-K13-102-2,TBCV2-K-K13-102,Room K13-102
TB2-K-K13-102-3,TBCV2-K-K13-102,Room K13-102
TB2-K-K13-102-4,TBCV2-K-K13-102,Room K13-102
TB2-K-K13-103-1,TBCV2-K-K13-103,Room K13-103
TB2-K-K13-103-2,TBCV2-K-K13-103,Room K13-103
TB2-K-K13-103-3,TBCV2-K-K13-103,Room K13-103
TB2-K-K13-103-4,TBCV2-K-K13-103,Room K13-103
TB2-K-K13-104-1,TBCV2-K-K13-104,Room K13-104
TB2-K-K13-104-2,TBCV2-K-K13-104,Room K13-104
TB2-K-K13-104-3,TBCV2-K-K13-104,Room K13-104
TB2-K-K13-104-4,TBCV2-K-K13-104,Room K13-104
TB2-K-K13-105-1,TBCV2-K-K13-105,Room K13-105
TB2-K-K13-105-2,TBCV2-K-K13-105,Room K13-105
TB2-K-K13-105-3,TBCV2-K-K13-105,Room K13-105
TB2-K-K13-105-4,TBCV2-K-K13-105,Room K13-105
TB2-K-K13-106-1,TBCV2-K-K13-106,Room K13-106
TB2-K-K13-106-2,TBCV2-K-K13-106,Room K13-106
TB2-K-K13-106-3,TBCV2-K-K13-106,Room K13-106
TB2-K-K13-106-4,TBCV2-K-K13-106,Room K13-106
TB2-K-K13-107-1,TBCV2-K-K13-107,Room K13-107
TB2-K-K13-107-2,TBCV2-K-K13-107,Room K13-107
TB2-K-K13-107-3,TBCV2-K-K13-107,Room K13-107
TB2-K-K13-107-4,TBCV2-K-K13-107,Room K13-107
TB2-K-K13-108-1,TBCV2-K-K13-108,Room K13-108
TB2-K-K13-108-2,TBCV2-K-K13-108,Room K13-108
TB2-K-K13-108-3,TBCV2-K-K13-108,Room K13-108
TB2-K-K13-108-4,TBCV2-K-K13-108,Room K13-108
TB2-K-K13-109-1,TBCV2-K-K13-109,Room K13-109
TB2-K-K13-109-2,TBCV2-K-K13-109,Room K13-109
TB2-K-K13-109-3,TBCV2-K-K13-109,Room K13-109
TB2-K-K13-109-4,TBCV2-K-K13-109,Room K13-109
TB2-K-K13-110-1,TBCV2-K-K13-110,Room K13-110
TB2-K-K13-110-2,TBCV2-K-K13-110,Room K13-110
TB2-K-K13-110-3,TBCV2-K-K13-110,Room K13-110
TB2-K-K13-110-4,TBCV2-K-K13-110,Room K13-110
TB2-K-K13-111-1,TBCV2-K-K13-111,Room K13-111
TB2-K-K13-111-2,TBCV2-K-K13-111,Room K13-111
TB2-K-K13-111-3,TBCV2-K-K13-111,Room K13-111
TB2-K-K13-111-4,TBCV2-K-K13-111,Room K13-111
TB2-K-K13-112-1,TBCV2-K-K13-112,Room K13-112
TB2-K-K13-112-2,TBCV2-K-K13-112,Room K13-112
TB2-K-K13-112-3,TBCV2-K-K13-112,Room K13-112
TB2-K-K13-112-4,TBCV2-K-K13-112,Room K13-112
TB2-K-K14-001-1,TBCV2-K-K14-001,Room K14-001
TB2-K-K14-001-2,TBCV2-K-K14-001,Room K14-001
TB2-K-K14-001-3,TBCV2-K-K14-001,Room K14-001
TB2-K-K14-001-4,TBCV2-K-K14-001,Room K14-001
TB2-K-K14-001-5,TBCV2-K-K14-001,Room K14-001
TB2-K-K14-002-1,TBCV2-K-K14-002,Room K14-002
TB2-K-K14-002-2,TBCV2-K-K14-002,Room K14-002
TB2-K-K14-002-3,TBCV2-K-K14-002,Room K14-002
TB2-K-K14-002-4,TBCV2-K-K14-002,Room K14-002
TB2-K-K14-002-5,TBCV2-K-K14-002,Room K14-002
TB2-K-K14-003-1,TBCV2-K-K14-003,Room K14-003
TB2-K-K14-003-2,TBCV2-K-K14-003,Room K14-003
TB2-K-K14-003-3,TBCV2-K-K14-003,Room K14-003
TB2-K-K14-003-4,TBCV2-K-K14-003,Room K14-003
TB2-K-K14-003-5,TBCV2-K-K14-003,Room K14-003
TB2-K-K14-004-1,TBCV2-K-K14-004,Room K14-004
TB2-K-K14-004-2,TBCV2-K-K14-004,Room K14-004
TB2-K-K14-004-3,TBCV2-K-K14-004,Room K14-004
TB2-K-K14-004-4,TBCV2-K-K14-004,Room K14-004
TB2-K-K14-004-5,TBCV2-K-K14-004,Room K14-004
TB2-K-K14-005-1,TBCV2-K-K14-005,Room K14-005
TB2-K-K14-005-2,TBCV2-K-K14-005,Room K14-005
TB2-K-K14-005-3,TBCV2-K-K14-005,Room K14-005
TB2-K-K14-005-4,TBCV2-K-K14-005,Room K14-005
TB2-K-K14-005-5,TBCV2-K-K14-005,Room K14-005
TB2-K-K14-006-1,TBCV2-K-K14-006,Room K14-006
TB2-K-K14-006-2,TBCV2-K-K14-006,Room K14-006
TB2-K-K14-006-3,TBCV2-K-K14-006,Room K14-006
TB2-K-K14-006-4,TBCV2-K-K14-006,Room K14-006
TB2-K-K14-006-5,TBCV2-K-K14-006,Room K14-006
TB2-K-K14-007-1,TBCV2-K-K14-007,Room K14-007
TB2-K-K14-007-2,TBCV2-K-K14-007,Room K14-007
TB2-K-K14-007-3,TBCV2-K-K14-007,Room K14-007
TB2-K-K14-007-4,TBCV2-K-K14-007,Room K14-007
TB2-K-K14-007-5,TBCV2-K-K14-007,Room K14-007
TB2-K-K14-008-1,TBCV2-K-K14-008,Room K14-008
TB2-K-K14-008-2,TBCV2-K-K14-008,Room K14-008
TB2-K-K14-008-3,TBCV2-K-K14-008,Room K14-008
TB2-K-K14-008-4,TBCV2-K-K14-008,Room K14-008
TB2-K-K14-008-5,TBCV2-K-K14-008,Room K14-008
TB2-K-K14-009-1,TBCV2-K-K14-009,Room K14-009
TB2-K-K14-009-2,TBCV2-K-K14-009,Room K14-009
TB2-K-K14-009-3,TBCV2-K-K14-009,Room K14-009
TB2-K-K14-009-4,TBCV2-K-K14-009,Room K14-009
TB2-K-K14-009-5,TBCV2-K-K14-009,Room K14-009
TB2-K-K14-010-1,TBCV2-K-K14-010,Room K14-010
TB2-K-K14-010-2,TBCV2-K-K14-010,Room K14-010
TB2-K-K14-010-3,TBCV2-K-K14-010,Room K14-010
TB2-K-K14-010-4,TBCV2-K-K14-010,Room K14-010
TB2-K-K14-010-5,TBCV2-K-K14-010,Room K14-010
TB2-K-K14-011-1,TBCV2-K-K14-011,Room K14-011
TB2-K-K14-011-2,TBCV2-K-K14-011,Room K14-011
TB2-K-K14-011-3,TBCV2-K-K14-011,Room K14-011
TB2-K-K14-011-4,TBCV2-K-K14-011,Room K14-011
TB2-K-K14-011-5,TBCV2-K-K14-011,Room K14-011
TB2-K-K14-012-1,TBCV2-K-K14-012,Room K14-012
TB2-K-K14-012-2,TBCV2-K-K14-012,Room K14-012
TB2-K-K14-012-3,TBCV2-K-K14-012,Room K14-012
TB2-K-K14-012-4,TBCV2-K-K14-012,Room K14-012
TB2-K-K14-012-5,TBCV2-K-K14-012,Room K14-012
TB2-K-K14-101-1,TBCV2-K-K14-101,Room K14-101
TB2-K-K14-101-2,TBCV2-K-K14-101,Room K14-101
TB2-K-K14-101-3,TBCV2-K-K14-101,Room K14-101
TB2-K-K14-101-4,TBCV2-K-K14-101,Room K14-101
TB2-K-K14-102-1,TBCV2-K-K14-102,Room K14-102
TB2-K-K14-102-2,TBCV2-K-K14-102,Room K14-102
TB2-K-K14-102-3,TBCV2-K-K14-102,Room K14-102
TB2-K-K14-102-4,TBCV2-K-K14-102,Room K14-102
TB2-K-K14-103-1,TBCV2-K-K14-103,Room K14-103
TB2-K-K14-103-2,TBCV2-K-K14-103,Room K14-103
TB2-K-K14-103-3,TBCV2-K-K14-103,Room K14-103
TB2-K-K14-103-4,TBCV2-K-K14-103,Room K14-103
TB2-K-K14-104-1,TBCV2-K-K14-104,Room K14-104
TB2-K-K14-104-2,TBCV2-K-K14-104,Room K14-104
TB2-K-K14-104-3,TBCV2-K-K14-104,Room K14-104
TB2-K-K14-104-4,TBCV2-K-K14-104,Room K14-104
TB2-K-K14-105-1,TBCV2-K-K14-105,Room K14-105
TB2-K-K14-105-2,TBCV2-K-K14-105,Room K14-105
TB2-K-K14-105-3,TBCV2-K-K14-105,Room K14-105
TB2-K-K14-105-4,TBCV2-K-K14-105,Room K14-105
TB2-K-K14-106-1,TBCV2-K-K14-106,Room K14-106
TB2-K-K14-106-2,TBCV2-K-K14-106,Room K14-106
TB2-K-K14-106-3,TBCV2-K-K14-106,Room K14-106
TB2-K-K14-106-4,TBCV2-K-K14-106,Room K14-106
TB2-K-K14-107-1,TBCV2-K-K14-107,Room K14-107
TB2-K-K14-107-2,TBCV2-K-K14-107,Room K14-107
TB2-K-K14-107-3,TBCV2-K-K14-107,Room K14-107
TB2-K-K14-107-4,TBCV2-K-K14-107,Room K14-107
TB2-K-K14-108-1,TBCV2-K-K14-108,Room K14-108
TB2-K-K14-108-2,TBCV2-K-K14-108,Room K14-108
TB2-K-K14-108-3,TBCV2-K-K14-108,Room K14-108
TB2-K-K14-108-4,TBCV2-K-K14-108,Room K14-108
TB2-K-K14-109-1,TBCV2-K-K14-109,Room K14-109
TB2-K-K14-109-2,TBCV2-K-K14-109,Room K14-109
TB2-K-K14-109-3,TBCV2-K-K14-109,Room K14-109
TB2-K-K14-109-4,TBCV2-K-K14-109,Room K14-109
TB2-K-K14-110-1,TBCV2-K-K14-110,Room K14-110
TB2-K-K14-110-2,TBCV2-K-K14-110,Room K14-110
TB2-K-K14-110-3,TBCV2-K-K14-110,Room K14-110
TB2-K-K14-110-4,TBCV2-K-K14-110,Room K14-110
TB2-K-K14-111-1,TBCV2-K-K14-111,Room K14-111
TB2-K-K14-111-2,TBCV2-K-K14-111,Room K14-111
TB2-K-K14-111-3,TBCV2-K-K14-111,Room K14-111
TB2-K-K14-111-4,TBCV2-K-K14-111,Room K14-111
TB2-K-K14-112-1,TBCV2-K-K14-112,Room K14-112
TB2-K-K14-112-2,TBCV2-K-K14-112,Room K14-112
TB2-K-K14-112-3,TBCV2-K-K14-112,Room K14-112
TB2-K-K14-112-4,TBCV2-K-K14-112,Room K14-112
TB2-K-K15-001-1,TBCV2-K-K15-001,Room K15-001
TB2-K-K15-001-2,TBCV2-K-K15-001,Room K15-001
TB2-K-K15-001-3,TBCV2-K-K15-001,Room K15-001
TB2-K-K15-001-4,TBCV2-K-K15-001,Room K15-001
TB2-K-K15-001-5,TBCV2-K-K15-001,Room K15-001
TB2-K-K15-002-1,TBCV2-K-K15-002,Room K15-002
TB2-K-K15-002-2,TBCV2-K-K15-002,Room K15-002
TB2-K-K15-002-3,TBCV2-K-K15-002,Room K15-002
TB2-K-K15-002-4,TBCV2-K-K15-002,Room K15-002
TB2-K-K15-002-5,TBCV2-K-K15-002,Room K15-002
TB2-K-K15-003-1,TBCV2-K-K15-003,Room K15-003
TB2-K-K15-003-2,TBCV2-K-K15-003,Room K15-003
TB2-K-K15-003-3,TBCV2-K-K15-003,Room K15-003
TB2-K-K15-003-4,TBCV2-K-K15-003,Room K15-003
TB2-K-K15-003-5,TBCV2-K-K15-003,Room K15-003
TB2-K-K15-004-1,TBCV2-K-K15-004,Room K15-004
TB2-K-K15-004-2,TBCV2-K-K15-004,Room K15-004
TB2-K-K15-004-3,TBCV2-K-K15-004,Room K15-004
TB2-K-K15-004-4,TBCV2-K-K15-004,Room K15-004
TB2-K-K15-004-5,TBCV2-K-K15-004,Room K15-004
TB2-K-K15-005-1,TBCV2-K-K15-005,Room K15-005
TB2-K-K15-005-2,TBCV2-K-K15-005,Room K15-005
TB2-K-K15-005-3,TBCV2-K-K15-005,Room K15-005
TB2-K-K15-005-4,TBCV2-K-K15-005,Room K15-005
TB2-K-K15-005-5,TBCV2-K-K15-005,Room K15-005
TB2-K-K15-006-1,TBCV2-K-K15-006,Room K15-006
TB2-K-K15-006-2,TBCV2-K-K15-006,Room K15-006
TB2-K-K15-006-3,TBCV2-K-K15-006,Room K15-006
TB2-K-K15-006-4,TBCV2-K-K15-006,Room K15-006
TB2-K-K15-006-5,TBCV2-K-K15-006,Room K15-006
TB2-K-K15-007-1,TBCV2-K-K15-007,Room K15-007
TB2-K-K15-007-2,TBCV2-K-K15-007,Room K15-007
TB2-K-K15-007-3,TBCV2-K-K15-007,Room K15-007
TB2-K-K15-007-4,TBCV2-K-K15-007,Room K15-007
TB2-K-K15-007-5,TBCV2-K-K15-007,Room K15-007
TB2-K-K15-008-1,TBCV2-K-K15-008,Room K15-008
TB2-K-K15-008-2,TBCV2-K-K15-008,Room K15-008
TB2-K-K15-008-3,TBCV2-K-K15-008,Room K15-008
TB2-K-K15-008-4,TBCV2-K-K15-008,Room K15-008
TB2-K-K15-008-5,TBCV2-K-K15-008,Room K15-008
TB2-K-K15-009-1,TBCV2-K-K15-009,Room K15-009
TB2-K-K15-009-2,TBCV2-K-K15-009,Room K15-009
TB2-K-K15-009-3,TBCV2-K-K15-009,Room K15-009
TB2-K-K15-009-4,TBCV2-K-K15-009,Room K15-009
TB2-K-K15-009-5,TBCV2-K-K15-009,Room K15-009
TB2-K-K15-010-1,TBCV2-K-K15-010,Room K15-010
TB2-K-K15-010-2,TBCV2-K-K15-010,Room K15-010
TB2-K-K15-010-3,TBCV2-K-K15-010,Room K15-010
TB2-K-K15-010-4,TBCV2-K-K15-010,Room K15-010
TB2-K-K15-010-5,TBCV2-K-K15-010,Room K15-010
TB2-K-K15-011-1,TBCV2-K-K15-011,Room K15-011
TB2-K-K15-011-2,TBCV2-K-K15-011,Room K15-011
TB2-K-K15-011-3,TBCV2-K-K15-011,Room K15-011
TB2-K-K15-011-4,TBCV2-K-K15-011,Room K15-011
TB2-K-K15-011-5,TBCV2-K-K15-011,Room K15-011
TB2-K-K15-012-1,TBCV2-K-K15-012,Room K15-012
TB2-K-K15-012-2,TBCV2-K-K15-012,Room K15-012
TB2-K-K15-012-3,TBCV2-K-K15-012,Room K15-012
TB2-K-K15-012-4,TBCV2-K-K15-012,Room K15-012
TB2-K-K15-012-5,TBCV2-K-K15-012,Room K15-012
TB2-K-K15-101-1,TBCV2-K-K15-101,Room K15-101
TB2-K-K15-101-2,TBCV2-K-K15-101,Room K15-101
TB2-K-K15-101-3,TBCV2-K-K15-101,Room K15-101
TB2-K-K15-101-4,TBCV2-K-K15-101,Room K15-101
TB2-K-K15-102-1,TBCV2-K-K15-102,Room K15-102
TB2-K-K15-102-2,TBCV2-K-K15-102,Room K15-102
TB2-K-K15-102-3,TBCV2-K-K15-102,Room K15-102
TB2-K-K15-102-4,TBCV2-K-K15-102,Room K15-102
TB2-K-K15-103-1,TBCV2-K-K15-103,Room K15-103
TB2-K-K15-103-2,TBCV2-K-K15-103,Room K15-103
TB2-K-K15-103-3,TBCV2-K-K15-103,Room K15-103
TB2-K-K15-103-4,TBCV2-K-K15-103,Room K15-103
TB2-K-K15-104-1,TBCV2-K-K15-104,Room K15-104
TB2-K-K15-104-2,TBCV2-K-K15-104,Room K15-104
TB2-K-K15-104-3,TBCV2-K-K15-104,Room K15-104
TB2-K-K15-104-4,TBCV2-K-K15-104,Room K15-104
TB2-K-K15-105-1,TBCV2-K-K15-105,Room K15-105
TB2-K-K15-105-2,TBCV2-K-K15-105,Room K15-105
TB2-K-K15-105-3,TBCV2-K-K15-105,Room K15-105
TB2-K-K15-105-4,TBCV2-K-K15-105,Room K15-105
TB2-K-K15-106-1,TBCV2-K-K15-106,Room K15-106
TB2-K-K15-106-2,TBCV2-K-K15-106,Room K15-106
TB2-K-K15-106-3,TBCV2-K-K15-106,Room K15-106
TB2-K-K15-106-4,TBCV2-K-K15-106,Room K15-106
TB2-K-K15-107-1,TBCV2-K-K15-107,Room K15-107
TB2-K-K15-107-2,TBCV2-K-K15-107,Room K15-107
TB2-K-K15-107-3,TBCV2-K-K15-107,Room K15-107
TB2-K-K15-107-4,TBCV2-K-K15-107,Room K15-107
TB2-K-K15-108-1,TBCV2-K-K15-108,Room K15-108
TB2-K-K15-108-2,TBCV2-K-K15-108,Room K15-108
TB2-K-K15-108-3,TBCV2-K-K15-108,Room K15-108
TB2-K-K15-108-4,TBCV2-K-K15-108,Room K15-108
TB2-K-K15-109-1,TBCV2-K-K15-109,Room K15-109
TB2-K-K15-109-2,TBCV2-K-K15-109,Room K15-109
TB2-K-K15-109-3,TBCV2-K-K15-109,Room K15-109
TB2-K-K15-109-4,TBCV2-K-K15-109,Room K15-109
TB2-K-K15-110-1,TBCV2-K-K15-110,Room K15-110
TB2-K-K15-110-2,TBCV2-K-K15-110,Room K15-110
TB2-K-K15-110-3,TBCV2-K-K15-110,Room K15-110
TB2-K-K15-110-4,TBCV2-K-K15-110,Room K15-110
TB2-K-K15-111-1,TBCV2-K-K15-111,Room K15-111
TB2-K-K15-111-2,TBCV2-K-K15-111,Room K15-111
TB2-K-K15-111-3,TBCV2-K-K15-111,Room K15-111
TB2-K-K15-111-4,TBCV2-K-K15-111,Room K15-111
TB2-K-K15-112-1,TBCV2-K-K15-112,Room K15-112
TB2-K-K15-112-2,TBCV2-K-K15-112,Room K15-112
TB2-K-K15-112-3,TBCV2-K-K15-112,Room K15-112
TB2-K-K15-112-4,TBCV2-K-K15-112,Room K15-112
TB2-K-K16-001-1,TBCV2-K-K16-001,Room K16-001
TB2-K-K16-001-2,TBCV2-K-K16-001,Room K16-001
TB2-K-K16-001-3,TBCV2-K-K16-001,Room K16-001
TB2-K-K16-001-4,TBCV2-K-K16-001,Room K16-001
TB2-K-K16-001-5,TBCV2-K-K16-001,Room K16-001
TB2-K-K16-002-1,TBCV2-K-K16-002,Room K16-002
TB2-K-K16-002-2,TBCV2-K-K16-002,Room K16-002
TB2-K-K16-002-3,TBCV2-K-K16-002,Room K16-002
TB2-K-K16-002-4,TBCV2-K-K16-002,Room K16-002
TB2-K-K16-002-5,TBCV2-K-K16-002,Room K16-002
TB2-K-K16-003-1,TBCV2-K-K16-003,Room K16-003
TB2-K-K16-003-2,TBCV2-K-K16-003,Room K16-003
TB2-K-K16-003-3,TBCV2-K-K16-003,Room K16-003
TB2-K-K16-003-4,TBCV2-K-K16-003,Room K16-003
TB2-K-K16-003-5,TBCV2-K-K16-003,Room K16-003
TB2-K-K16-004-1,TBCV2-K-K16-004,Room K16-004
TB2-K-K16-004-2,TBCV2-K-K16-004,Room K16-004
TB2-K-K16-004-3,TBCV2-K-K16-004,Room K16-004
TB2-K-K16-004-4,TBCV2-K-K16-004,Room K16-004
TB2-K-K16-004-5,TBCV2-K-K16-004,Room K16-004
TB2-K-K16-005-1,TBCV2-K-K16-005,Room K16-005
TB2-K-K16-005-2,TBCV2-K-K16-005,Room K16-005
TB2-K-K16-005-3,TBCV2-K-K16-005,Room K16-005
TB2-K-K16-005-4,TBCV2-K-K16-005,Room K16-005
TB2-K-K16-005-5,TBCV2-K-K16-005,Room K16-005
TB2-K-K16-006-1,TBCV2-K-K16-006,Room K16-006
TB2-K-K16-006-2,TBCV2-K-K16-006,Room K16-006
TB2-K-K16-006-3,TBCV2-K-K16-006,Room K16-006
TB2-K-K16-006-4,TBCV2-K-K16-006,Room K16-006
TB2-K-K16-006-5,TBCV2-K-K16-006,Room K16-006
TB2-K-K16-007-1,TBCV2-K-K16-007,Room K16-007
TB2-K-K16-007-2,TBCV2-K-K16-007,Room K16-007
TB2-K-K16-007-3,TBCV2-K-K16-007,Room K16-007
TB2-K-K16-007-4,TBCV2-K-K16-007,Room K16-007
TB2-K-K16-007-5,TBCV2-K-K16-007,Room K16-007
TB2-K-K16-008-1,TBCV2-K-K16-008,Room K16-008
TB2-K-K16-008-2,TBCV2-K-K16-008,Room K16-008
TB2-K-K16-008-3,TBCV2-K-K16-008,Room K16-008
TB2-K-K16-008-4,TBCV2-K-K16-008,Room K16-008
TB2-K-K16-008-5,TBCV2-K-K16-008,Room K16-008
TB2-K-K16-009-1,TBCV2-K-K16-009,Room K16-009
TB2-K-K16-009-2,TBCV2-K-K16-009,Room K16-009
TB2-K-K16-009-3,TBCV2-K-K16-009,Room K16-009
TB2-K-K16-009-4,TBCV2-K-K16-009,Room K16-009
TB2-K-K16-009-5,TBCV2-K-K16-009,Room K16-009
TB2-K-K16-010-1,TBCV2-K-K16-010,Room K16-010
TB2-K-K16-010-2,TBCV2-K-K16-010,Room K16-010
TB2-K-K16-010-3,TBCV2-K-K16-010,Room K16-010
TB2-K-K16-010-4,TBCV2-K-K16-010,Room K16-010
TB2-K-K16-010-5,TBCV2-K-K16-010,Room K16-010
TB2-K-K16-011-1,TBCV2-K-K16-011,Room K16-011
TB2-K-K16-011-2,TBCV2-K-K16-011,Room K16-011
TB2-K-K16-011-3,TBCV2-K-K16-011,Room K16-011
TB2-K-K16-011-4,TBCV2-K-K16-011,Room K16-011
TB2-K-K16-011-5,TBCV2-K-K16-011,Room K16-011
TB2-K-K16-012-1,TBCV2-K-K16-012,Room K16-012
TB2-K-K16-012-2,TBCV2-K-K16-012,Room K16-012
TB2-K-K16-012-3,TBCV2-K-K16-012,Room K16-012
TB2-K-K16-012-4,TBCV2-K-K16-012,Room K16-012
TB2-K-K16-012-5,TBCV2-K-K16-012,Room K16-012
TB2-K-K16-101-1,TBCV2-K-K16-101,Room K16-101
TB2-K-K16-101-2,TBCV2-K-K16-101,Room K16-101
TB2-K-K16-101-3,TBCV2-K-K16-101,Room K16-101
TB2-K-K16-101-4,TBCV2-K-K16-101,Room K16-101
TB2-K-K16-102-1,TBCV2-K-K16-102,Room K16-102
TB2-K-K16-102-2,TBCV2-K-K16-102,Room K16-102
TB2-K-K16-102-3,TBCV2-K-K16-102,Room K16-102
TB2-K-K16-102-4,TBCV2-K-K16-102,Room K16-102
TB2-K-K16-103-1,TBCV2-K-K16-103,Room K16-103
TB2-K-K16-103-2,TBCV2-K-K16-103,Room K16-103
TB2-K-K16-103-3,TBCV2-K-K16-103,Room K16-103
TB2-K-K16-103-4,TBCV2-K-K16-103,Room K16-103
TB2-K-K16-104-1,TBCV2-K-K16-104,Room K16-104
TB2-K-K16-104-2,TBCV2-K-K16-104,Room K16-104
TB2-K-K16-104-3,TBCV2-K-K16-104,Room K16-104
TB2-K-K16-104-4,TBCV2-K-K16-104,Room K16-104
TB2-K-K16-105-1,TBCV2-K-K16-105,Room K16-105
TB2-K-K16-105-2,TBCV2-K-K16-105,Room K16-105
TB2-K-K16-105-3,TBCV2-K-K16-105,Room K16-105
TB2-K-K16-105-4,TBCV2-K-K16-105,Room K16-105
TB2-K-K16-106-1,TBCV2-K-K16-106,Room K16-106
TB2-K-K16-106-2,TBCV2-K-K16-106,Room K16-106
TB2-K-K16-106-3,TBCV2-K-K16-106,Room K16-106
TB2-K-K16-106-4,TBCV2-K-K16-106,Room K16-106
TB2-K-K16-107-1,TBCV2-K-K16-107,Room K16-107
TB2-K-K16-107-2,TBCV2-K-K16-107,Room K16-107
TB2-K-K16-107-3,TBCV2-K-K16-107,Room K16-107
TB2-K-K16-107-4,TBCV2-K-K16-107,Room K16-107
TB2-K-K16-108-1,TBCV2-K-K16-108,Room K16-108
TB2-K-K16-108-2,TBCV2-K-K16-108,Room K16-108
TB2-K-K16-108-3,TBCV2-K-K16-108,Room K16-108
TB2-K-K16-108-4,TBCV2-K-K16-108,Room K16-108
TB2-K-K16-109-1,TBCV2-K-K16-109,Room K16-109
TB2-K-K16-109-2,TBCV2-K-K16-109,Room K16-109
TB2-K-K16-109-3,TBCV2-K-K16-109,Room K16-109
TB2-K-K16-109-4,TBCV2-K-K16-109,Room K16-109
TB2-K-K16-110-1,TBCV2-K-K16-110,Room K16-110
TB2-K-K16-110-2,TBCV2-K-K16-110,Room K16-110
TB2-K-K16-110-3,TBCV2-K-K16-110,Room K16-110
TB2-K-K16-110-4,TBCV2-K-K16-110,Room K16-110
TB2-K-K16-111-1,TBCV2-K-K16-111,Room K16-111
TB2-K-K16-111-2,TBCV2-K-K16-111,Room K16-111
TB2-K-K16-111-3,TBCV2-K-K16-111,Room K16-111
TB2-K-K16-111-4,TBCV2-K-K16-111,Room K16-111
TB2-K-K16-112-1,TBCV2-K-K16-112,Room K16-112
TB2-K-K16-112-2,TBCV2-K-K16-112,Room K16-112
TB2-K-K16-112-3,TBCV2-K-K16-112,Room K16-112
TB2-K-K16-112-4,TBCV2-K-K16-112,Room K16-112
TB3-D-D01-001-1,TBCV3-D-D01-001,Room D01-001
TB3-D-D01-002-1,TBCV3-D-D01-002,Room D01-002
TB3-D-D01-003-1,TBCV3-D-D01-003,Room D01-003
TB3-D-D01-004-1,TBCV3-D-D01-004,Room D01-004
TB3-D-D01-005-1,TBCV3-D-D01-005,Room D01-005
TB3-D-D01-006-1,TBCV3-D-D01-006,Room D01-006
TB3-D-D01-007-1,TBCV3-D-D01-007,Room D01-007
TB3-D-D01-008-1,TBCV3-D-D01-008,Room D01-008
TB3-D-D01-009-1,TBCV3-D-D01-009,Room D01-009
TB3-D-D01-010-1,TBCV3-D-D01-010,Room D01-010
TB3-D-D01-011-1,TBCV3-D-D01-011,Room D01-011
TB3-D-D01-012-1,TBCV3-D-D01-012,Room D01-012
TB3-D-D01-101-1,TBCV3-D-D01-101,Room D01-101
TB3-D-D01-102-1,TBCV3-D-D01-102,Room D01-102
TB3-D-D01-103-1,TBCV3-D-D01-103,Room D01-103
TB3-D-D01-104-1,TBCV3-D-D01-104,Room D01-104
TB3-D-D01-105-1,TBCV3-D-D01-105,Room D01-105
TB3-D-D01-106-1,TBCV3-D-D01-106,Room D01-106
TB3-D-D01-107-1,TBCV3-D-D01-107,Room D01-107
TB3-D-D01-108-1,TBCV3-D-D01-108,Room D01-108
TB3-D-D01-109-1,TBCV3-D-D01-109,Room D01-109
TB3-D-D01-110-1,TBCV3-D-D01-110,Room D01-110
TB3-D-D01-111-1,TBCV3-D-D01-111,Room D01-111
TB3-D-D01-112-1,TBCV3-D-D01-112,Room D01-112
TB3-D-D02-001-1,TBCV3-D-D02-001,Room D02-001
TB3-D-D02-002-1,TBCV3-D-D02-002,Room D02-002
TB3-D-D02-003-1,TBCV3-D-D02-003,Room D02-003
TB3-D-D02-004-1,TBCV3-D-D02-004,Room D02-004
TB3-D-D02-005-1,TBCV3-D-D02-005,Room D02-005
TB3-D-D02-006-1,TBCV3-D-D02-006,Room D02-006
TB3-D-D02-007-1,TBCV3-D-D02-007,Room D02-007
TB3-D-D02-008-1,TBCV3-D-D02-008,Room D02-008
TB3-D-D02-009-1,TBCV3-D-D02-009,Room D02-009
TB3-D-D02-010-1,TBCV3-D-D02-010,Room D02-010
TB3-D-D02-011-1,TBCV3-D-D02-011,Room D02-011
TB3-D-D02-012-1,TBCV3-D-D02-012,Room D02-012
TB3-D-D02-101-1,TBCV3-D-D02-101,Room D02-101
TB3-D-D02-102-1,TBCV3-D-D02-102,Room D02-102
TB3-D-D02-103-1,TBCV3-D-D02-103,Room D02-103
TB3-D-D02-104-1,TBCV3-D-D02-104,Room D02-104
TB3-D-D02-105-1,TBCV3-D-D02-105,Room D02-105
TB3-D-D02-106-1,TBCV3-D-D02-106,Room D02-106
TB3-D-D02-107-1,TBCV3-D-D02-107,Room D02-107
TB3-D-D02-108-1,TBCV3-D-D02-108,Room D02-108
TB3-D-D02-109-1,TBCV3-D-D02-109,Room D02-109
TB3-D-D02-110-1,TBCV3-D-D02-110,Room D02-110
TB3-D-D02-111-1,TBCV3-D-D02-111,Room D02-111
TB3-D-D02-112-1,TBCV3-D-D02-112,Room D02-112
TB3-D-D03-001-1,TBCV3-D-D03-001,Room D03-001
TB3-D-D03-002-1,TBCV3-D-D03-002,Room D03-002
TB3-D-D03-003-1,TBCV3-D-D03-003,Room D03-003
TB3-D-D03-004-1,TBCV3-D-D03-004,Room D03-004
TB3-D-D03-005-1,TBCV3-D-D03-005,Room D03-005
TB3-D-D03-006-1,TBCV3-D-D03-006,Room D03-006
TB3-D-D03-007-1,TBCV3-D-D03-007,Room D03-007
TB3-D-D03-008-1,TBCV3-D-D03-008,Room D03-008
TB3-D-D03-009-1,TBCV3-D-D03-009,Room D03-009
TB3-D-D03-010-1,TBCV3-D-D03-010,Room D03-010
TB3-D-D03-011-1,TBCV3-D-D03-011,Room D03-011
TB3-D-D03-012-1,TBCV3-D-D03-012,Room D03-012
TB3-D-D03-013-1,TBCV3-D-D03-013,Room D03-013
TB3-D-D03-014-1,TBCV3-D-D03-014,Room D03-014
TB3-D-D03-015-1,TBCV3-D-D03-015,Room D03-015
TB3-D-D03-016-1,TBCV3-D-D03-016,Room D03-016
TB3-D-D03-017-1,TBCV3-D-D03-017,Room D03-017
TB3-D-D03-018-1,TBCV3-D-D03-018,Room D03-018
TB3-D-D03-101-1,TBCV3-D-D03-101,Room D03-101
TB3-D-D03-102-1,TBCV3-D-D03-102,Room D03-102
TB3-D-D03-103-1,TBCV3-D-D03-103,Room D03-103
TB3-D-D03-104-1,TBCV3-D-D03-104,Room D03-104
TB3-D-D03-105-1,TBCV3-D-D03-105,Room D03-105
TB3-D-D03-106-1,TBCV3-D-D03-106,Room D03-106
TB3-D-D03-107-1,TBCV3-D-D03-107,Room D03-107
TB3-D-D03-108-1,TBCV3-D-D03-108,Room D03-108
TB3-D-D03-109-1,TBCV3-D-D03-109,Room D03-109
TB3-D-D03-110-1,TBCV3-D-D03-110,Room D03-110
TB3-D-D03-111-1,TBCV3-D-D03-111,Room D03-111
TB3-D-D03-112-1,TBCV3-D-D03-112,Room D03-112
TB3-D-D03-113-1,TBCV3-D-D03-113,Room D03-113
TB3-D-D03-114-1,TBCV3-D-D03-114,Room D03-114
TB3-D-D03-115-1,TBCV3-D-D03-115,Room D03-115
TB3-D-D03-116-1,TBCV3-D-D03-116,Room D03-116
TB3-D-D03-117-1,TBCV3-D-D03-117,Room D03-117
TB3-D-D03-118-1,TBCV3-D-D03-118,Room D03-118
TB3-D-D04-001-1,TBCV3-D-D04-001,Room D04-001
TB3-D-D04-002-1,TBCV3-D-D04-002,Room D04-002
TB3-D-D04-003-1,TBCV3-D-D04-003,Room D04-003
TB3-D-D04-004-1,TBCV3-D-D04-004,Room D04-004
TB3-D-D04-005-1,TBCV3-D-D04-005,Room D04-005
TB3-D-D04-006-1,TBCV3-D-D04-006,Room D04-006
TB3-D-D04-007-1,TBCV3-D-D04-007,Room D04-007
TB3-D-D04-008-1,TBCV3-D-D04-008,Room D04-008
TB3-D-D04-009-1,TBCV3-D-D04-009,Room D04-009
TB3-D-D04-010-1,TBCV3-D-D04-010,Room D04-010
TB3-D-D04-011-1,TBCV3-D-D04-011,Room D04-011
TB3-D-D04-012-1,TBCV3-D-D04-012,Room D04-012
TB3-D-D04-013-1,TBCV3-D-D04-013,Room D04-013
TB3-D-D04-014-1,TBCV3-D-D04-014,Room D04-014
TB3-D-D04-015-1,TBCV3-D-D04-015,Room D04-015
TB3-D-D04-016-1,TBCV3-D-D04-016,Room D04-016
TB3-D-D04-017-1,TBCV3-D-D04-017,Room D04-017
TB3-D-D04-018-1,TBCV3-D-D04-018,Room D04-018
TB3-D-D04-101-1,TBCV3-D-D04-101,Room D04-101
TB3-D-D04-102-1,TBCV3-D-D04-102,Room D04-102
TB3-D-D04-103-1,TBCV3-D-D04-103,Room D04-103
TB3-D-D04-104-1,TBCV3-D-D04-104,Room D04-104
TB3-D-D04-105-1,TBCV3-D-D04-105,Room D04-105
TB3-D-D04-106-1,TBCV3-D-D04-106,Room D04-106
TB3-D-D04-107-1,TBCV3-D-D04-107,Room D04-107
TB3-D-D04-108-1,TBCV3-D-D04-108,Room D04-108
TB3-D-D04-109-1,TBCV3-D-D04-109,Room D04-109
TB3-D-D04-110-1,TBCV3-D-D04-110,Room D04-110
TB3-D-D04-111-1,TBCV3-D-D04-111,Room D04-111
TB3-D-D04-112-1,TBCV3-D-D04-112,Room D04-112
TB3-D-D04-113-1,TBCV3-D-D04-113,Room D04-113
TB3-D-D04-114-1,TBCV3-D-D04-114,Room D04-114
TB3-D-D04-115-1,TBCV3-D-D04-115,Room D04-115
TB3-D-D04-116-1,TBCV3-D-D04-116,Room D04-116
TB3-D-D04-117-1,TBCV3-D-D04-117,Room D04-117
TB3-D-D04-118-1,TBCV3-D-D04-118,Room D04-118
TB3-D-D05-001-1,TBCV3-D-D05-001,Room D05-001
TB3-D-D05-002-1,TBCV3-D-D05-002,Room D05-002
TB3-D-D05-003-1,TBCV3-D-D05-003,Room D05-003
TB3-D-D05-004-1,TBCV3-D-D05-004,Room D05-004
TB3-D-D05-005-1,TBCV3-D-D05-005,Room D05-005
TB3-D-D05-006-1,TBCV3-D-D05-006,Room D05-006
TB3-D-D05-007-1,TBCV3-D-D05-007,Room D05-007
TB3-D-D05-008-1,TBCV3-D-D05-008,Room D05-008
TB3-D-D05-009-1,TBCV3-D-D05-009,Room D05-009
TB3-D-D05-010-1,TBCV3-D-D05-010,Room D05-010
TB3-D-D05-011-1,TBCV3-D-D05-011,Room D05-011
TB3-D-D05-012-1,TBCV3-D-D05-012,Room D05-012
TB3-D-D05-013-1,TBCV3-D-D05-013,Room D05-013
TB3-D-D05-014-1,TBCV3-D-D05-014,Room D05-014
TB3-D-D05-015-1,TBCV3-D-D05-015,Room D05-015
TB3-D-D05-016-1,TBCV3-D-D05-016,Room D05-016
TB3-D-D05-017-1,TBCV3-D-D05-017,Room D05-017
TB3-D-D05-018-1,TBCV3-D-D05-018,Room D05-018
TB3-D-D05-101-1,TBCV3-D-D05-101,Room D05-101
TB3-D-D05-102-1,TBCV3-D-D05-102,Room D05-102
TB3-D-D05-103-1,TBCV3-D-D05-103,Room D05-103
TB3-D-D05-104-1,TBCV3-D-D05-104,Room D05-104
TB3-D-D05-105-1,TBCV3-D-D05-105,Room D05-105
TB3-D-D05-106-1,TBCV3-D-D05-106,Room D05-106
TB3-D-D05-107-1,TBCV3-D-D05-107,Room D05-107
TB3-D-D05-108-1,TBCV3-D-D05-108,Room D05-108
TB3-D-D05-109-1,TBCV3-D-D05-109,Room D05-109
TB3-D-D05-110-1,TBCV3-D-D05-110,Room D05-110
TB3-D-D05-111-1,TBCV3-D-D05-111,Room D05-111
TB3-D-D05-112-1,TBCV3-D-D05-112,Room D05-112
TB3-D-D05-113-1,TBCV3-D-D05-113,Room D05-113
TB3-D-D05-114-1,TBCV3-D-D05-114,Room D05-114
TB3-D-D05-115-1,TBCV3-D-D05-115,Room D05-115
TB3-D-D05-116-1,TBCV3-D-D05-116,Room D05-116
TB3-D-D05-117-1,TBCV3-D-D05-117,Room D05-117
TB3-D-D05-118-1,TBCV3-D-D05-118,Room D05-118
TB3-D-D06-001-1,TBCV3-D-D06-001,Room D06-001
TB3-D-D06-002-1,TBCV3-D-D06-002,Room D06-002
TB3-D-D06-003-1,TBCV3-D-D06-003,Room D06-003
TB3-D-D06-004-1,TBCV3-D-D06-004,Room D06-004
TB3-D-D06-005-1,TBCV3-D-D06-005,Room D06-005
TB3-D-D06-006-1,TBCV3-D-D06-006,Room D06-006
TB3-D-D06-007-1,TBCV3-D-D06-007,Room D06-007
TB3-D-D06-008-1,TBCV3-D-D06-008,Room D06-008
TB3-D-D06-009-1,TBCV3-D-D06-009,Room D06-009
TB3-D-D06-010-1,TBCV3-D-D06-010,Room D06-010
TB3-D-D06-011-1,TBCV3-D-D06-011,Room D06-011
TB3-D-D06-012-1,TBCV3-D-D06-012,Room D06-012
TB3-D-D06-013-1,TBCV3-D-D06-013,Room D06-013
TB3-D-D06-014-1,TBCV3-D-D06-014,Room D06-014
TB3-D-D06-015-1,TBCV3-D-D06-015,Room D06-015
TB3-D-D06-016-1,TBCV3-D-D06-016,Room D06-016
TB3-D-D06-017-1,TBCV3-D-D06-017,Room D06-017
TB3-D-D06-018-1,TBCV3-D-D06-018,Room D06-018
TB3-D-D06-101-1,TBCV3-D-D06-101,Room D06-101
TB3-D-D06-102-1,TBCV3-D-D06-102,Room D06-102
TB3-D-D06-103-1,TBCV3-D-D06-103,Room D06-103
TB3-D-D06-104-1,TBCV3-D-D06-104,Room D06-104
TB3-D-D06-105-1,TBCV3-D-D06-105,Room D06-105
TB3-D-D06-106-1,TBCV3-D-D06-106,Room D06-106
TB3-D-D06-107-1,TBCV3-D-D06-107,Room D06-107
TB3-D-D06-108-1,TBCV3-D-D06-108,Room D06-108
TB3-D-D06-109-1,TBCV3-D-D06-109,Room D06-109
TB3-D-D06-110-1,TBCV3-D-D06-110,Room D06-110
TB3-D-D06-111-1,TBCV3-D-D06-111,Room D06-111
TB3-D-D06-112-1,TBCV3-D-D06-112,Room D06-112
TB3-D-D06-113-1,TBCV3-D-D06-113,Room D06-113
TB3-D-D06-114-1,TBCV3-D-D06-114,Room D06-114
TB3-D-D06-115-1,TBCV3-D-D06-115,Room D06-115
TB3-D-D06-116-1,TBCV3-D-D06-116,Room D06-116
TB3-D-D06-117-1,TBCV3-D-D06-117,Room D06-117
TB3-D-D06-118-1,TBCV3-D-D06-118,Room D06-118
TB3-D-D07-001-1,TBCV3-D-D07-001,Room D07-001
TB3-D-D07-001-2,TBCV3-D-D07-001,Room D07-001
TB3-D-D07-002-1,TBCV3-D-D07-002,Room D07-002
TB3-D-D07-002-2,TBCV3-D-D07-002,Room D07-002
TB3-D-D07-003-1,TBCV3-D-D07-003,Room D07-003
TB3-D-D07-003-2,TBCV3-D-D07-003,Room D07-003
TB3-D-D07-004-1,TBCV3-D-D07-004,Room D07-004
TB3-D-D07-004-2,TBCV3-D-D07-004,Room D07-004
TB3-D-D07-005-1,TBCV3-D-D07-005,Room D07-005
TB3-D-D07-005-2,TBCV3-D-D07-005,Room D07-005
TB3-D-D07-006-1,TBCV3-D-D07-006,Room D07-006
TB3-D-D07-006-2,TBCV3-D-D07-006,Room D07-006
TB3-D-D07-007-1,TBCV3-D-D07-007,Room D07-007
TB3-D-D07-007-2,TBCV3-D-D07-007,Room D07-007
TB3-D-D07-008-1,TBCV3-D-D07-008,Room D07-008
TB3-D-D07-008-2,TBCV3-D-D07-008,Room D07-008
TB3-D-D07-009-1,TBCV3-D-D07-009,Room D07-009
TB3-D-D07-009-2,TBCV3-D-D07-009,Room D07-009
TB3-D-D07-010-1,TBCV3-D-D07-010,Room D07-010
TB3-D-D07-010-2,TBCV3-D-D07-010,Room D07-010
TB3-D-D07-011-1,TBCV3-D-D07-011,Room D07-011
TB3-D-D07-011-2,TBCV3-D-D07-011,Room D07-011
TB3-D-D07-012-1,TBCV3-D-D07-012,Room D07-012
TB3-D-D07-012-2,TBCV3-D-D07-012,Room D07-012
TB3-D-D07-101-1,TBCV3-D-D07-101,Room D07-101
TB3-D-D07-101-2,TBCV3-D-D07-101,Room D07-101
TB3-D-D07-102-1,TBCV3-D-D07-102,Room D07-102
TB3-D-D07-102-2,TBCV3-D-D07-102,Room D07-102
TB3-D-D07-103-1,TBCV3-D-D07-103,Room D07-103
TB3-D-D07-103-2,TBCV3-D-D07-103,Room D07-103
TB3-D-D07-104-1,TBCV3-D-D07-104,Room D07-104
TB3-D-D07-104-2,TBCV3-D-D07-104,Room D07-104
TB3-D-D07-105-1,TBCV3-D-D07-105,Room D07-105
TB3-D-D07-105-2,TBCV3-D-D07-105,Room D07-105
TB3-D-D07-106-1,TBCV3-D-D07-106,Room D07-106
TB3-D-D07-106-2,TBCV3-D-D07-106,Room D07-106
TB3-D-D07-107-1,TBCV3-D-D07-107,Room D07-107
TB3-D-D07-107-2,TBCV3-D-D07-107,Room D07-107
TB3-D-D07-108-1,TBCV3-D-D07-108,Room D07-108
TB3-D-D07-108-2,TBCV3-D-D07-108,Room D07-108
TB3-D-D07-109-1,TBCV3-D-D07-109,Room D07-109
TB3-D-D07-109-2,TBCV3-D-D07-109,Room D07-109
TB3-D-D07-110-1,TBCV3-D-D07-110,Room D07-110
TB3-D-D07-110-2,TBCV3-D-D07-110,Room D07-110
TB3-D-D07-111-1,TBCV3-D-D07-111,Room D07-111
TB3-D-D07-111-2,TBCV3-D-D07-111,Room D07-111
TB3-D-D07-112-1,TBCV3-D-D07-112,Room D07-112
TB3-D-D07-112-2,TBCV3-D-D07-112,Room D07-112
TB3-D-D08-001-1,TBCV3-D-D08-001,Room D08-001
TB3-D-D08-001-2,TBCV3-D-D08-001,Room D08-001
TB3-D-D08-002-1,TBCV3-D-D08-002,Room D08-002
TB3-D-D08-002-2,TBCV3-D-D08-002,Room D08-002
TB3-D-D08-003-1,TBCV3-D-D08-003,Room D08-003
TB3-D-D08-003-2,TBCV3-D-D08-003,Room D08-003
TB3-D-D08-004-1,TBCV3-D-D08-004,Room D08-004
TB3-D-D08-004-2,TBCV3-D-D08-004,Room D08-004
TB3-D-D08-005-1,TBCV3-D-D08-005,Room D08-005
TB3-D-D08-005-2,TBCV3-D-D08-005,Room D08-005
TB3-D-D08-006-1,TBCV3-D-D08-006,Room D08-006
TB3-D-D08-006-2,TBCV3-D-D08-006,Room D08-006
TB3-D-D08-007-1,TBCV3-D-D08-007,Room D08-007
TB3-D-D08-007-2,TBCV3-D-D08-007,Room D08-007
TB3-D-D08-008-1,TBCV3-D-D08-008,Room D08-008
TB3-D-D08-008-2,TBCV3-D-D08-008,Room D08-008
TB3-D-D08-009-1,TBCV3-D-D08-009,Room D08-009
TB3-D-D08-009-2,TBCV3-D-D08-009,Room D08-009
TB3-D-D08-010-1,TBCV3-D-D08-010,Room D08-010
TB3-D-D08-010-2,TBCV3-D-D08-010,Room D08-010
TB3-D-D08-011-1,TBCV3-D-D08-011,Room D08-011
TB3-D-D08-011-2,TBCV3-D-D08-011,Room D08-011
TB3-D-D08-012-1,TBCV3-D-D08-012,Room D08-012
TB3-D-D08-012-2,TBCV3-D-D08-012,Room D08-012
TB3-D-D08-101-1,TBCV3-D-D08-101,Room D08-101
TB3-D-D08-101-2,TBCV3-D-D08-101,Room D08-101
TB3-D-D08-102-1,TBCV3-D-D08-102,Room D08-102
TB3-D-D08-102-2,TBCV3-D-D08-102,Room D08-102
TB3-D-D08-103-1,TBCV3-D-D08-103,Room D08-103
TB3-D-D08-103-2,TBCV3-D-D08-103,Room D08-103
TB3-D-D08-104-1,TBCV3-D-D08-104,Room D08-104
TB3-D-D08-104-2,TBCV3-D-D08-104,Room D08-104
TB3-D-D08-105-1,TBCV3-D-D08-105,Room D08-105
TB3-D-D08-105-2,TBCV3-D-D08-105,Room D08-105
TB3-D-D08-106-1,TBCV3-D-D08-106,Room D08-106
TB3-D-D08-106-2,TBCV3-D-D08-106,Room D08-106
TB3-D-D08-107-1,TBCV3-D-D08-107,Room D08-107
TB3-D-D08-107-2,TBCV3-D-D08-107,Room D08-107
TB3-D-D08-108-1,TBCV3-D-D08-108,Room D08-108
TB3-D-D08-108-2,TBCV3-D-D08-108,Room D08-108
TB3-D-D08-109-1,TBCV3-D-D08-109,Room D08-109
TB3-D-D08-109-2,TBCV3-D-D08-109,Room D08-109
TB3-D-D08-110-1,TBCV3-D-D08-110,Room D08-110
TB3-D-D08-110-2,TBCV3-D-D08-110,Room D08-110
TB3-D-D08-111-1,TBCV3-D-D08-111,Room D08-111
TB3-D-D08-111-2,TBCV3-D-D08-111,Room D08-111
TB3-D-D08-112-1,TBCV3-D-D08-112,Room D08-112
TB3-D-D08-112-2,TBCV3-D-D08-112,Room D08-112
TB3-D-D09-001-1,TBCV3-D-D09-001,Room D09-001
TB3-D-D09-001-2,TBCV3-D-D09-001,Room D09-001
TB3-D-D09-002-1,TBCV3-D-D09-002,Room D09-002
TB3-D-D09-002-2,TBCV3-D-D09-002,Room D09-002
TB3-D-D09-003-1,TBCV3-D-D09-003,Room D09-003
TB3-D-D09-003-2,TBCV3-D-D09-003,Room D09-003
TB3-D-D09-004-1,TBCV3-D-D09-004,Room D09-004
TB3-D-D09-004-2,TBCV3-D-D09-004,Room D09-004
TB3-D-D09-005-1,TBCV3-D-D09-005,Room D09-005
TB3-D-D09-005-2,TBCV3-D-D09-005,Room D09-005
TB3-D-D09-006-1,TBCV3-D-D09-006,Room D09-006
TB3-D-D09-006-2,TBCV3-D-D09-006,Room D09-006
TB3-D-D09-007-1,TBCV3-D-D09-007,Room D09-007
TB3-D-D09-007-2,TBCV3-D-D09-007,Room D09-007
TB3-D-D09-008-1,TBCV3-D-D09-008,Room D09-008
TB3-D-D09-008-2,TBCV3-D-D09-008,Room D09-008
TB3-D-D09-009-1,TBCV3-D-D09-009,Room D09-009
TB3-D-D09-009-2,TBCV3-D-D09-009,Room D09-009
TB3-D-D09-010-1,TBCV3-D-D09-010,Room D09-010
TB3-D-D09-010-2,TBCV3-D-D09-010,Room D09-010
TB3-D-D09-011-1,TBCV3-D-D09-011,Room D09-011
TB3-D-D09-011-2,TBCV3-D-D09-011,Room D09-011
TB3-D-D09-012-1,TBCV3-D-D09-012,Room D09-012
TB3-D-D09-012-2,TBCV3-D-D09-012,Room D09-012
TB3-D-D09-101-1,TBCV3-D-D09-101,Room D09-101
TB3-D-D09-101-2,TBCV3-D-D09-101,Room D09-101
TB3-D-D09-102-1,TBCV3-D-D09-102,Room D09-102
TB3-D-D09-102-2,TBCV3-D-D09-102,Room D09-102
TB3-D-D09-103-1,TBCV3-D-D09-103,Room D09-103
TB3-D-D09-103-2,TBCV3-D-D09-103,Room D09-103
TB3-D-D09-104-1,TBCV3-D-D09-104,Room D09-104
TB3-D-D09-104-2,TBCV3-D-D09-104,Room D09-104
TB3-D-D09-105-1,TBCV3-D-D09-105,Room D09-105
TB3-D-D09-105-2,TBCV3-D-D09-105,Room D09-105
TB3-D-D09-106-1,TBCV3-D-D09-106,Room D09-106
TB3-D-D09-106-2,TBCV3-D-D09-106,Room D09-106
TB3-D-D09-107-1,TBCV3-D-D09-107,Room D09-107
TB3-D-D09-107-2,TBCV3-D-D09-107,Room D09-107
TB3-D-D09-108-1,TBCV3-D-D09-108,Room D09-108
TB3-D-D09-108-2,TBCV3-D-D09-108,Room D09-108
TB3-D-D09-109-1,TBCV3-D-D09-109,Room D09-109
TB3-D-D09-109-2,TBCV3-D-D09-109,Room D09-109
TB3-D-D09-110-1,TBCV3-D-D09-110,Room D09-110
TB3-D-D09-110-2,TBCV3-D-D09-110,Room D09-110
TB3-D-D09-111-1,TBCV3-D-D09-111,Room D09-111
TB3-D-D09-111-2,TBCV3-D-D09-111,Room D09-111
TB3-D-D09-112-1,TBCV3-D-D09-112,Room D09-112
TB3-D-D09-112-2,TBCV3-D-D09-112,Room D09-112
TB3-D-D10-001-1,TBCV3-D-D10-001,Room D10-001
TB3-D-D10-001-2,TBCV3-D-D10-001,Room D10-001
TB3-D-D10-002-1,TBCV3-D-D10-002,Room D10-002
TB3-D-D10-002-2,TBCV3-D-D10-002,Room D10-002
TB3-D-D10-003-1,TBCV3-D-D10-003,Room D10-003
TB3-D-D10-003-2,TBCV3-D-D10-003,Room D10-003
TB3-D-D10-004-1,TBCV3-D-D10-004,Room D10-004
TB3-D-D10-004-2,TBCV3-D-D10-004,Room D10-004
TB3-D-D10-005-1,TBCV3-D-D10-005,Room D10-005
TB3-D-D10-005-2,TBCV3-D-D10-005,Room D10-005
TB3-D-D10-006-1,TBCV3-D-D10-006,Room D10-006
TB3-D-D10-006-2,TBCV3-D-D10-006,Room D10-006
TB3-D-D10-007-1,TBCV3-D-D10-007,Room D10-007
TB3-D-D10-007-2,TBCV3-D-D10-007,Room D10-007
TB3-D-D10-008-1,TBCV3-D-D10-008,Room D10-008
TB3-D-D10-008-2,TBCV3-D-D10-008,Room D10-008
TB3-D-D10-009-1,TBCV3-D-D10-009,Room D10-009
TB3-D-D10-009-2,TBCV3-D-D10-009,Room D10-009
TB3-D-D10-010-1,TBCV3-D-D10-010,Room D10-010
TB3-D-D10-010-2,TBCV3-D-D10-010,Room D10-010
TB3-D-D10-011-1,TBCV3-D-D10-011,Room D10-011
TB3-D-D10-011-2,TBCV3-D-D10-011,Room D10-011
TB3-D-D10-012-1,TBCV3-D-D10-012,Room D10-012
TB3-D-D10-012-2,TBCV3-D-D10-012,Room D10-012
TB3-D-D10-101-1,TBCV3-D-D10-101,Room D10-101
TB3-D-D10-101-2,TBCV3-D-D10-101,Room D10-101
TB3-D-D10-102-1,TBCV3-D-D10-102,Room D10-102
TB3-D-D10-102-2,TBCV3-D-D10-102,Room D10-102
TB3-D-D10-103-1,TBCV3-D-D10-103,Room D10-103
TB3-D-D10-103-2,TBCV3-D-D10-103,Room D10-103
TB3-D-D10-104-1,TBCV3-D-D10-104,Room D10-104
TB3-D-D10-104-2,TBCV3-D-D10-104,Room D10-104
TB3-D-D10-105-1,TBCV3-D-D10-105,Room D10-105
TB3-D-D10-105-2,TBCV3-D-D10-105,Room D10-105
TB3-D-D10-106-1,TBCV3-D-D10-106,Room D10-106
TB3-D-D10-106-2,TBCV3-D-D10-106,Room D10-106
TB3-D-D10-107-1,TBCV3-D-D10-107,Room D10-107
TB3-D-D10-107-2,TBCV3-D-D10-107,Room D10-107
TB3-D-D10-108-1,TBCV3-D-D10-108,Room D10-108
TB3-D-D10-108-2,TBCV3-D-D10-108,Room D10-108
TB3-D-D10-109-1,TBCV3-D-D10-109,Room D10-109
TB3-D-D10-109-2,TBCV3-D-D10-109,Room D10-109
TB3-D-D10-110-1,TBCV3-D-D10-110,Room D10-110
TB3-D-D10-110-2,TBCV3-D-D10-110,Room D10-110
TB3-D-D10-111-1,TBCV3-D-D10-111,Room D10-111
TB3-D-D10-111-2,TBCV3-D-D10-111,Room D10-111
TB3-D-D10-112-1,TBCV3-D-D10-112,Room D10-112
TB3-D-D10-112-2,TBCV3-D-D10-112,Room D10-112
TB3-D-D11-001-1,TBCV3-D-D11-001,Room D11-001
TB3-D-D11-001-2,TBCV3-D-D11-001,Room D11-001
TB3-D-D11-002-1,TBCV3-D-D11-002,Room D11-002
TB3-D-D11-002-2,TBCV3-D-D11-002,Room D11-002
TB3-D-D11-003-1,TBCV3-D-D11-003,Room D11-003
TB3-D-D11-003-2,TBCV3-D-D11-003,Room D11-003
TB3-D-D11-004-1,TBCV3-D-D11-004,Room D11-004
TB3-D-D11-004-2,TBCV3-D-D11-004,Room D11-004
TB3-D-D11-005-1,TBCV3-D-D11-005,Room D11-005
TB3-D-D11-005-2,TBCV3-D-D11-005,Room D11-005
TB3-D-D11-006-1,TBCV3-D-D11-006,Room D11-006
TB3-D-D11-006-2,TBCV3-D-D11-006,Room D11-006
TB3-D-D11-007-1,TBCV3-D-D11-007,Room D11-007
TB3-D-D11-007-2,TBCV3-D-D11-007,Room D11-007
TB3-D-D11-008-1,TBCV3-D-D11-008,Room D11-008
TB3-D-D11-008-2,TBCV3-D-D11-008,Room D11-008
TB3-D-D11-009-1,TBCV3-D-D11-009,Room D11-009
TB3-D-D11-009-2,TBCV3-D-D11-009,Room D11-009
TB3-D-D11-010-1,TBCV3-D-D11-010,Room D11-010
TB3-D-D11-010-2,TBCV3-D-D11-010,Room D11-010
TB3-D-D11-011-1,TBCV3-D-D11-011,Room D11-011
TB3-D-D11-011-2,TBCV3-D-D11-011,Room D11-011
TB3-D-D11-012-1,TBCV3-D-D11-012,Room D11-012
TB3-D-D11-012-2,TBCV3-D-D11-012,Room D11-012
TB3-D-D11-101-1,TBCV3-D-D11-101,Room D11-101
TB3-D-D11-101-2,TBCV3-D-D11-101,Room D11-101
TB3-D-D11-102-1,TBCV3-D-D11-102,Room D11-102
TB3-D-D11-102-2,TBCV3-D-D11-102,Room D11-102
TB3-D-D11-103-1,TBCV3-D-D11-103,Room D11-103
TB3-D-D11-103-2,TBCV3-D-D11-103,Room D11-103
TB3-D-D11-104-1,TBCV3-D-D11-104,Room D11-104
TB3-D-D11-104-2,TBCV3-D-D11-104,Room D11-104
TB3-D-D11-105-1,TBCV3-D-D11-105,Room D11-105
TB3-D-D11-105-2,TBCV3-D-D11-105,Room D11-105
TB3-D-D11-106-1,TBCV3-D-D11-106,Room D11-106
TB3-D-D11-106-2,TBCV3-D-D11-106,Room D11-106
TB3-D-D11-107-1,TBCV3-D-D11-107,Room D11-107
TB3-D-D11-107-2,TBCV3-D-D11-107,Room D11-107
TB3-D-D11-108-1,TBCV3-D-D11-108,Room D11-108
TB3-D-D11-108-2,TBCV3-D-D11-108,Room D11-108
TB3-D-D11-109-1,TBCV3-D-D11-109,Room D11-109
TB3-D-D11-109-2,TBCV3-D-D11-109,Room D11-109
TB3-D-D11-110-1,TBCV3-D-D11-110,Room D11-110
TB3-D-D11-110-2,TBCV3-D-D11-110,Room D11-110
TB3-D-D11-111-1,TBCV3-D-D11-111,Room D11-111
TB3-D-D11-111-2,TBCV3-D-D11-111,Room D11-111
TB3-D-D11-112-1,TBCV3-D-D11-112,Room D11-112
TB3-D-D11-112-2,TBCV3-D-D11-112,Room D11-112
TB3-D-D12-001-1,TBCV3-D-D12-001,Room D12-001
TB3-D-D12-001-2,TBCV3-D-D12-001,Room D12-001
TB3-D-D12-002-1,TBCV3-D-D12-002,Room D12-002
TB3-D-D12-002-2,TBCV3-D-D12-002,Room D12-002
TB3-D-D12-003-1,TBCV3-D-D12-003,Room D12-003
TB3-D-D12-003-2,TBCV3-D-D12-003,Room D12-003
TB3-D-D12-004-1,TBCV3-D-D12-004,Room D12-004
TB3-D-D12-004-2,TBCV3-D-D12-004,Room D12-004
TB3-D-D12-005-1,TBCV3-D-D12-005,Room D12-005
TB3-D-D12-005-2,TBCV3-D-D12-005,Room D12-005
TB3-D-D12-006-1,TBCV3-D-D12-006,Room D12-006
TB3-D-D12-006-2,TBCV3-D-D12-006,Room D12-006
TB3-D-D12-007-1,TBCV3-D-D12-007,Room D12-007
TB3-D-D12-007-2,TBCV3-D-D12-007,Room D12-007
TB3-D-D12-008-1,TBCV3-D-D12-008,Room D12-008
TB3-D-D12-008-2,TBCV3-D-D12-008,Room D12-008
TB3-D-D12-009-1,TBCV3-D-D12-009,Room D12-009
TB3-D-D12-009-2,TBCV3-D-D12-009,Room D12-009
TB3-D-D12-010-1,TBCV3-D-D12-010,Room D12-010
TB3-D-D12-010-2,TBCV3-D-D12-010,Room D12-010
TB3-D-D12-011-1,TBCV3-D-D12-011,Room D12-011
TB3-D-D12-011-2,TBCV3-D-D12-011,Room D12-011
TB3-D-D12-012-1,TBCV3-D-D12-012,Room D12-012
TB3-D-D12-012-2,TBCV3-D-D12-012,Room D12-012
TB3-D-D12-101-1,TBCV3-D-D12-101,Room D12-101
TB3-D-D12-101-2,TBCV3-D-D12-101,Room D12-101
TB3-D-D12-102-1,TBCV3-D-D12-102,Room D12-102
TB3-D-D12-102-2,TBCV3-D-D12-102,Room D12-102
TB3-D-D12-103-1,TBCV3-D-D12-103,Room D12-103
TB3-D-D12-103-2,TBCV3-D-D12-103,Room D12-103
TB3-D-D12-104-1,TBCV3-D-D12-104,Room D12-104
TB3-D-D12-104-2,TBCV3-D-D12-104,Room D12-104
TB3-D-D12-105-1,TBCV3-D-D12-105,Room D12-105
TB3-D-D12-105-2,TBCV3-D-D12-105,Room D12-105
TB3-D-D12-106-1,TBCV3-D-D12-106,Room D12-106
TB3-D-D12-106-2,TBCV3-D-D12-106,Room D12-106
TB3-D-D12-107-1,TBCV3-D-D12-107,Room D12-107
TB3-D-D12-107-2,TBCV3-D-D12-107,Room D12-107
TB3-D-D12-108-1,TBCV3-D-D12-108,Room D12-108
TB3-D-D12-108-2,TBCV3-D-D12-108,Room D12-108
TB3-D-D12-109-1,TBCV3-D-D12-109,Room D12-109
TB3-D-D12-109-2,TBCV3-D-D12-109,Room D12-109
TB3-D-D12-110-1,TBCV3-D-D12-110,Room D12-110
TB3-D-D12-110-2,TBCV3-D-D12-110,Room D12-110
TB3-D-D12-111-1,TBCV3-D-D12-111,Room D12-111
TB3-D-D12-111-2,TBCV3-D-D12-111,Room D12-111
TB3-D-D12-112-1,TBCV3-D-D12-112,Room D12-112
TB3-D-D12-112-2,TBCV3-D-D12-112,Room D12-112
TB3-D-D13-001-1,TBCV3-D-D13-001,Room D13-001
TB3-D-D13-001-2,TBCV3-D-D13-001,Room D13-001
TB3-D-D13-002-1,TBCV3-D-D13-002,Room D13-002
TB3-D-D13-002-2,TBCV3-D-D13-002,Room D13-002
TB3-D-D13-003-1,TBCV3-D-D13-003,Room D13-003
TB3-D-D13-003-2,TBCV3-D-D13-003,Room D13-003
TB3-D-D13-004-1,TBCV3-D-D13-004,Room D13-004
TB3-D-D13-004-2,TBCV3-D-D13-004,Room D13-004
TB3-D-D13-005-1,TBCV3-D-D13-005,Room D13-005
TB3-D-D13-005-2,TBCV3-D-D13-005,Room D13-005
TB3-D-D13-006-1,TBCV3-D-D13-006,Room D13-006
TB3-D-D13-006-2,TBCV3-D-D13-006,Room D13-006
TB3-D-D13-007-1,TBCV3-D-D13-007,Room D13-007
TB3-D-D13-007-2,TBCV3-D-D13-007,Room D13-007
TB3-D-D13-008-1,TBCV3-D-D13-008,Room D13-008
TB3-D-D13-008-2,TBCV3-D-D13-008,Room D13-008
TB3-D-D13-009-1,TBCV3-D-D13-009,Room D13-009
TB3-D-D13-009-2,TBCV3-D-D13-009,Room D13-009
TB3-D-D13-010-1,TBCV3-D-D13-010,Room D13-010
TB3-D-D13-010-2,TBCV3-D-D13-010,Room D13-010
TB3-D-D13-011-1,TBCV3-D-D13-011,Room D13-011
TB3-D-D13-011-2,TBCV3-D-D13-011,Room D13-011
TB3-D-D13-012-1,TBCV3-D-D13-012,Room D13-012
TB3-D-D13-012-2,TBCV3-D-D13-012,Room D13-012
TB3-D-D13-101-1,TBCV3-D-D13-101,Room D13-101
TB3-D-D13-101-2,TBCV3-D-D13-101,Room D13-101
TB3-D-D13-102-1,TBCV3-D-D13-102,Room D13-102
TB3-D-D13-102-2,TBCV3-D-D13-102,Room D13-102
TB3-D-D13-103-1,TBCV3-D-D13-103,Room D13-103
TB3-D-D13-103-2,TBCV3-D-D13-103,Room D13-103
TB3-D-D13-104-1,TBCV3-D-D13-104,Room D13-104
TB3-D-D13-104-2,TBCV3-D-D13-104,Room D13-104
TB3-D-D13-105-1,TBCV3-D-D13-105,Room D13-105
TB3-D-D13-105-2,TBCV3-D-D13-105,Room D13-105
TB3-D-D13-106-1,TBCV3-D-D13-106,Room D13-106
TB3-D-D13-106-2,TBCV3-D-D13-106,Room D13-106
TB3-D-D13-107-1,TBCV3-D-D13-107,Room D13-107
TB3-D-D13-107-2,TBCV3-D-D13-107,Room D13-107
TB3-D-D13-108-1,TBCV3-D-D13-108,Room D13-108
TB3-D-D13-108-2,TBCV3-D-D13-108,Room D13-108
TB3-D-D13-109-1,TBCV3-D-D13-109,Room D13-109
TB3-D-D13-109-2,TBCV3-D-D13-109,Room D13-109
TB3-D-D13-110-1,TBCV3-D-D13-110,Room D13-110
TB3-D-D13-110-2,TBCV3-D-D13-110,Room D13-110
TB3-D-D13-111-1,TBCV3-D-D13-111,Room D13-111
TB3-D-D13-111-2,TBCV3-D-D13-111,Room D13-111
TB3-D-D13-112-1,TBCV3-D-D13-112,Room D13-112
TB3-D-D13-112-2,TBCV3-D-D13-112,Room D13-112
TB3-D-D14-001-1,TBCV3-D-D14-001,Room D14-001
TB3-D-D14-001-2,TBCV3-D-D14-001,Room D14-001
TB3-D-D14-002-1,TBCV3-D-D14-002,Room D14-002
TB3-D-D14-002-2,TBCV3-D-D14-002,Room D14-002
TB3-D-D14-003-1,TBCV3-D-D14-003,Room D14-003
TB3-D-D14-003-2,TBCV3-D-D14-003,Room D14-003
TB3-D-D14-004-1,TBCV3-D-D14-004,Room D14-004
TB3-D-D14-004-2,TBCV3-D-D14-004,Room D14-004
TB3-D-D14-005-1,TBCV3-D-D14-005,Room D14-005
TB3-D-D14-005-2,TBCV3-D-D14-005,Room D14-005
TB3-D-D14-006-1,TBCV3-D-D14-006,Room D14-006
TB3-D-D14-006-2,TBCV3-D-D14-006,Room D14-006
TB3-D-D14-007-1,TBCV3-D-D14-007,Room D14-007
TB3-D-D14-007-2,TBCV3-D-D14-007,Room D14-007
TB3-D-D14-008-1,TBCV3-D-D14-008,Room D14-008
TB3-D-D14-008-2,TBCV3-D-D14-008,Room D14-008
TB3-D-D14-009-1,TBCV3-D-D14-009,Room D14-009
TB3-D-D14-009-2,TBCV3-D-D14-009,Room D14-009
TB3-D-D14-010-1,TBCV3-D-D14-010,Room D14-010
TB3-D-D14-010-2,TBCV3-D-D14-010,Room D14-010
TB3-D-D14-011-1,TBCV3-D-D14-011,Room D14-011
TB3-D-D14-011-2,TBCV3-D-D14-011,Room D14-011
TB3-D-D14-012-1,TBCV3-D-D14-012,Room D14-012
TB3-D-D14-012-2,TBCV3-D-D14-012,Room D14-012
TB3-D-D14-101-1,TBCV3-D-D14-101,Room D14-101
TB3-D-D14-101-2,TBCV3-D-D14-101,Room D14-101
TB3-D-D14-102-1,TBCV3-D-D14-102,Room D14-102
TB3-D-D14-102-2,TBCV3-D-D14-102,Room D14-102
TB3-D-D14-103-1,TBCV3-D-D14-103,Room D14-103
TB3-D-D14-103-2,TBCV3-D-D14-103,Room D14-103
TB3-D-D14-104-1,TBCV3-D-D14-104,Room D14-104
TB3-D-D14-104-2,TBCV3-D-D14-104,Room D14-104
TB3-D-D14-105-1,TBCV3-D-D14-105,Room D14-105
TB3-D-D14-105-2,TBCV3-D-D14-105,Room D14-105
TB3-D-D14-106-1,TBCV3-D-D14-106,Room D14-106
TB3-D-D14-106-2,TBCV3-D-D14-106,Room D14-106
TB3-D-D14-107-1,TBCV3-D-D14-107,Room D14-107
TB3-D-D14-107-2,TBCV3-D-D14-107,Room D14-107
TB3-D-D14-108-1,TBCV3-D-D14-108,Room D14-108
TB3-D-D14-108-2,TBCV3-D-D14-108,Room D14-108
TB3-D-D14-109-1,TBCV3-D-D14-109,Room D14-109
TB3-D-D14-109-2,TBCV3-D-D14-109,Room D14-109
TB3-D-D14-110-1,TBCV3-D-D14-110,Room D14-110
TB3-D-D14-110-2,TBCV3-D-D14-110,Room D14-110
TB3-D-D14-111-1,TBCV3-D-D14-111,Room D14-111
TB3-D-D14-111-2,TBCV3-D-D14-111,Room D14-111
TB3-D-D14-112-1,TBCV3-D-D14-112,Room D14-112
TB3-D-D14-112-2,TBCV3-D-D14-112,Room D14-112
